"","temperatuurklasse","sneeuwtype","lawine_alarm"
"1","hoog","nat","licht"
"2","hoog","nat","licht"
"3","gemiddeld","droog","licht"
"4","laag","nat","licht"
"5","hoog","nat","licht"
"6","laag","droog","licht"
"7","laag","nat","sterk"
"8","gemiddeld","droog","licht"
"9","gemiddeld","droog","sterk"
"10","hoog","droog","licht"
"11","hoog","droog","licht"
"12","hoog","nat","licht"
"13","gemiddeld","droog","licht"
"14","hoog","nat","licht"
"15","laag","droog","licht"
"16","gemiddeld","droog","licht"
"17","gemiddeld","droog","licht"
"18","laag","droog","licht"
"19","hoog","nat","licht"
"20","laag","nat","licht"
"21","laag","droog","licht"
"22","hoog","nat","licht"
"23","gemiddeld","droog","licht"
"24","hoog","droog","licht"
"25","hoog","nat","licht"
"26","hoog","droog","licht"
"27","hoog","droog","licht"
"28","hoog","nat","licht"
"29","laag","nat","sterk"
"30","hoog","droog","licht"
"31","gemiddeld","nat","licht"
"32","gemiddeld","droog","sterk"
"33","gemiddeld","droog","licht"
"34","hoog","droog","licht"
"35","laag","nat","licht"
"36","gemiddeld","droog","licht"
"37","laag","droog","licht"
"38","hoog","droog","licht"
"39","gemiddeld","droog","licht"
"40","gemiddeld","nat","sterk"
"41","laag","droog","licht"
"42","gemiddeld","nat","licht"
"43","laag","droog","sterk"
"44","gemiddeld","droog","sterk"
"45","gemiddeld","droog","sterk"
"46","laag","droog","licht"
"47","hoog","droog","licht"
"48","gemiddeld","nat","licht"
"49","gemiddeld","droog","licht"
"50","gemiddeld","nat","sterk"
"51","gemiddeld","droog","licht"
"52","laag","droog","licht"
"53","gemiddeld","droog","licht"
"54","hoog","droog","licht"
"55","hoog","droog","licht"
"56","hoog","droog","licht"
"57","hoog","nat","licht"
"58","gemiddeld","droog","licht"
"59","gemiddeld","nat","sterk"
"60","gemiddeld","droog","licht"
"61","laag","droog","licht"
"62","hoog","droog","licht"
"63","gemiddeld","droog","licht"
"64","hoog","nat","sterk"
"65","gemiddeld","droog","licht"
"66","hoog","nat","licht"
"67","gemiddeld","nat","licht"
"68","laag","droog","licht"
"69","hoog","droog","licht"
"70","laag","droog","licht"
"71","hoog","nat","licht"
"72","laag","droog","licht"
"73","hoog","nat","licht"
"74","hoog","droog","licht"
"75","gemiddeld","droog","licht"
"76","laag","droog","licht"
"77","laag","droog","licht"
"78","hoog","droog","licht"
"79","laag","nat","licht"
"80","laag","nat","licht"
"81","gemiddeld","droog","licht"
"82","gemiddeld","nat","licht"
"83","hoog","droog","licht"
"84","hoog","nat","licht"
"85","laag","droog","licht"
"86","hoog","nat","sterk"
"87","gemiddeld","nat","sterk"
"88","hoog","droog","sterk"
"89","hoog","droog","licht"
"90","hoog","droog","licht"
"91","hoog","nat","licht"
"92","hoog","droog","licht"
"93","gemiddeld","droog","licht"
"94","laag","droog","licht"
"95","laag","nat","licht"
"96","laag","droog","licht"
"97","gemiddeld","droog","licht"
"98","gemiddeld","droog","licht"
"99","laag","droog","licht"
"100","gemiddeld","nat","licht"
"101","gemiddeld","nat","licht"
"102","hoog","droog","licht"
"103","hoog","nat","licht"
"104","laag","nat","licht"
"105","gemiddeld","nat","licht"
"106","hoog","droog","licht"
"107","hoog","droog","licht"
"108","gemiddeld","droog","licht"
"109","laag","droog","licht"
"110","gemiddeld","droog","sterk"
"111","laag","droog","sterk"
"112","gemiddeld","nat","sterk"
"113","hoog","nat","licht"
"114","gemiddeld","nat","licht"
"115","hoog","droog","licht"
"116","hoog","nat","sterk"
"117","gemiddeld","droog","licht"
"118","hoog","nat","licht"
"119","gemiddeld","droog","licht"
"120","gemiddeld","droog","sterk"
"121","laag","droog","licht"
"122","gemiddeld","droog","licht"
"123","gemiddeld","nat","licht"
"124","hoog","droog","licht"
"125","laag","droog","licht"
"126","gemiddeld","nat","sterk"
"127","gemiddeld","droog","licht"
"128","hoog","droog","licht"
"129","hoog","nat","sterk"
"130","gemiddeld","nat","licht"
"131","gemiddeld","droog","licht"
"132","hoog","nat","licht"
"133","hoog","nat","sterk"
"134","gemiddeld","droog","licht"
"135","laag","nat","sterk"
"136","gemiddeld","droog","licht"
"137","gemiddeld","droog","licht"
"138","gemiddeld","nat","licht"
"139","laag","droog","licht"
"140","gemiddeld","droog","licht"
"141","gemiddeld","droog","licht"
"142","gemiddeld","nat","licht"
"143","hoog","nat","sterk"
"144","hoog","droog","licht"
"145","gemiddeld","droog","licht"
"146","gemiddeld","nat","licht"
"147","hoog","nat","sterk"
"148","gemiddeld","droog","licht"
"149","hoog","nat","licht"
"150","laag","droog","sterk"
"151","gemiddeld","droog","sterk"
"152","gemiddeld","droog","licht"
"153","hoog","nat","licht"
"154","gemiddeld","nat","licht"
"155","gemiddeld","droog","licht"
"156","hoog","droog","licht"
"157","gemiddeld","nat","licht"
"158","hoog","droog","licht"
"159","hoog","nat","licht"
"160","hoog","droog","licht"
"161","hoog","droog","licht"
"162","laag","droog","licht"
"163","gemiddeld","nat","licht"
"164","laag","nat","licht"
"165","laag","nat","sterk"
"166","gemiddeld","droog","licht"
"167","hoog","nat","licht"
"168","hoog","droog","sterk"
"169","gemiddeld","droog","licht"
"170","hoog","droog","licht"
"171","gemiddeld","droog","licht"
"172","laag","nat","sterk"
"173","laag","nat","licht"
"174","hoog","nat","licht"
"175","hoog","nat","licht"
"176","laag","droog","licht"
"177","gemiddeld","droog","licht"
"178","gemiddeld","nat","licht"
"179","gemiddeld","nat","licht"
"180","laag","nat","licht"
"181","hoog","droog","licht"
"182","hoog","droog","sterk"
"183","laag","droog","licht"
"184","gemiddeld","droog","licht"
"185","laag","nat","licht"
"186","hoog","droog","licht"
"187","laag","droog","licht"
"188","gemiddeld","nat","licht"
"189","laag","droog","licht"
"190","gemiddeld","droog","licht"
"191","gemiddeld","droog","licht"
"192","hoog","droog","licht"
"193","hoog","droog","licht"
"194","laag","droog","sterk"
"195","hoog","droog","licht"
"196","gemiddeld","droog","licht"
"197","hoog","droog","sterk"
"198","laag","droog","sterk"
"199","hoog","nat","sterk"
"200","laag","droog","sterk"
"201","hoog","droog","licht"
"202","hoog","droog","licht"
"203","gemiddeld","nat","sterk"
"204","hoog","droog","licht"
"205","hoog","droog","sterk"
"206","gemiddeld","nat","licht"
"207","gemiddeld","droog","licht"
"208","hoog","nat","licht"
"209","hoog","droog","licht"
"210","gemiddeld","droog","sterk"
"211","laag","droog","sterk"
"212","hoog","nat","sterk"
"213","laag","droog","licht"
"214","laag","droog","sterk"
"215","laag","droog","licht"
"216","hoog","nat","licht"
"217","gemiddeld","droog","licht"
"218","laag","droog","sterk"
"219","laag","droog","licht"
"220","hoog","droog","licht"
"221","hoog","nat","licht"
"222","hoog","droog","licht"
"223","hoog","nat","licht"
"224","gemiddeld","nat","licht"
"225","laag","nat","licht"
"226","gemiddeld","nat","sterk"
"227","hoog","droog","licht"
"228","hoog","droog","sterk"
"229","gemiddeld","droog","licht"
"230","laag","nat","licht"
"231","hoog","droog","licht"
"232","hoog","droog","licht"
"233","hoog","droog","licht"
"234","gemiddeld","nat","licht"
"235","hoog","nat","licht"
"236","gemiddeld","droog","licht"
"237","gemiddeld","droog","licht"
"238","gemiddeld","nat","sterk"
"239","gemiddeld","nat","licht"
"240","gemiddeld","nat","licht"
"241","hoog","droog","licht"
"242","gemiddeld","nat","licht"
"243","laag","nat","licht"
"244","hoog","nat","licht"
"245","gemiddeld","nat","licht"
"246","hoog","nat","licht"
"247","gemiddeld","nat","licht"
"248","hoog","nat","licht"
"249","gemiddeld","nat","licht"
"250","laag","droog","licht"
"251","laag","nat","licht"
"252","laag","droog","licht"
"253","gemiddeld","droog","sterk"
"254","gemiddeld","nat","licht"
"255","gemiddeld","nat","licht"
"256","hoog","nat","licht"
"257","hoog","nat","licht"
"258","gemiddeld","droog","licht"
"259","hoog","nat","licht"
"260","laag","nat","licht"
"261","gemiddeld","droog","licht"
"262","hoog","nat","licht"
"263","hoog","nat","sterk"
"264","laag","droog","licht"
"265","gemiddeld","nat","licht"
"266","hoog","droog","licht"
"267","hoog","nat","sterk"
"268","laag","nat","sterk"
"269","gemiddeld","droog","licht"
"270","hoog","droog","licht"
"271","hoog","nat","licht"
"272","hoog","nat","licht"
"273","hoog","droog","licht"
"274","hoog","nat","licht"
"275","hoog","nat","licht"
"276","hoog","nat","licht"
"277","hoog","nat","sterk"
"278","hoog","nat","sterk"
"279","gemiddeld","droog","licht"
"280","laag","droog","licht"
"281","hoog","nat","licht"
"282","gemiddeld","droog","sterk"
"283","laag","nat","licht"
"284","hoog","droog","licht"
"285","hoog","droog","licht"
"286","hoog","droog","licht"
"287","hoog","nat","licht"
"288","hoog","nat","licht"
"289","hoog","droog","licht"
"290","hoog","nat","licht"
"291","hoog","droog","licht"
"292","hoog","droog","licht"
"293","laag","nat","sterk"
"294","hoog","droog","licht"
"295","gemiddeld","droog","licht"
"296","gemiddeld","nat","licht"
"297","hoog","droog","licht"
"298","hoog","droog","licht"
"299","hoog","droog","licht"
"300","laag","nat","licht"
"301","gemiddeld","nat","licht"
"302","hoog","droog","sterk"
"303","gemiddeld","droog","sterk"
"304","gemiddeld","nat","licht"
"305","hoog","droog","licht"
"306","laag","droog","licht"
"307","hoog","droog","licht"
"308","laag","droog","sterk"
"309","hoog","droog","licht"
"310","gemiddeld","droog","licht"
"311","hoog","droog","licht"
"312","hoog","droog","licht"
"313","laag","nat","licht"
"314","gemiddeld","droog","licht"
"315","hoog","droog","licht"
"316","gemiddeld","nat","licht"
"317","hoog","droog","licht"
"318","hoog","droog","licht"
"319","laag","droog","licht"
"320","gemiddeld","nat","licht"
"321","gemiddeld","droog","licht"
"322","hoog","droog","licht"
"323","gemiddeld","nat","licht"
"324","laag","droog","licht"
"325","laag","droog","sterk"
"326","laag","droog","licht"
"327","laag","droog","licht"
"328","laag","droog","licht"
"329","hoog","droog","licht"
"330","laag","droog","licht"
"331","laag","droog","licht"
"332","hoog","nat","licht"
"333","hoog","nat","licht"
"334","laag","droog","licht"
"335","hoog","nat","licht"
"336","hoog","nat","licht"
"337","gemiddeld","droog","licht"
"338","hoog","droog","licht"
"339","gemiddeld","droog","licht"
"340","laag","nat","licht"
"341","laag","droog","licht"
"342","hoog","droog","licht"
"343","gemiddeld","droog","licht"
"344","hoog","nat","licht"
"345","gemiddeld","droog","licht"
"346","hoog","droog","sterk"
"347","gemiddeld","droog","sterk"
"348","hoog","nat","licht"
"349","hoog","nat","licht"
"350","gemiddeld","droog","licht"
"351","gemiddeld","nat","licht"
"352","hoog","nat","sterk"
"353","laag","nat","licht"
"354","gemiddeld","nat","licht"
"355","laag","nat","sterk"
"356","hoog","nat","licht"
"357","laag","nat","licht"
"358","hoog","nat","sterk"
"359","laag","droog","licht"
"360","gemiddeld","droog","licht"
"361","hoog","droog","licht"
"362","hoog","droog","licht"
"363","laag","droog","sterk"
"364","hoog","droog","licht"
"365","gemiddeld","droog","licht"
"366","laag","nat","sterk"
"367","hoog","droog","licht"
"368","gemiddeld","nat","licht"
"369","gemiddeld","droog","licht"
"370","gemiddeld","droog","licht"
"371","gemiddeld","droog","licht"
"372","gemiddeld","nat","licht"
"373","laag","nat","licht"
"374","hoog","droog","licht"
"375","hoog","droog","sterk"
"376","gemiddeld","nat","licht"
"377","hoog","nat","sterk"
"378","laag","nat","sterk"
"379","hoog","nat","licht"
"380","gemiddeld","droog","licht"
"381","gemiddeld","nat","licht"
"382","gemiddeld","droog","licht"
"383","gemiddeld","droog","licht"
"384","laag","droog","licht"
"385","hoog","nat","licht"
"386","hoog","droog","licht"
"387","laag","nat","licht"
"388","laag","nat","licht"
"389","hoog","droog","licht"
"390","laag","nat","licht"
"391","hoog","nat","licht"
"392","hoog","nat","licht"
"393","laag","droog","sterk"
"394","gemiddeld","droog","licht"
"395","hoog","droog","licht"
"396","hoog","droog","licht"
"397","gemiddeld","nat","licht"
"398","hoog","nat","licht"
"399","hoog","nat","licht"
"400","hoog","nat","licht"
"401","gemiddeld","droog","licht"
"402","hoog","droog","sterk"
"403","laag","nat","sterk"
"404","laag","nat","sterk"
"405","laag","nat","sterk"
"406","gemiddeld","nat","licht"
"407","hoog","nat","licht"
"408","laag","droog","licht"
"409","hoog","nat","licht"
"410","laag","nat","licht"
"411","laag","droog","sterk"
"412","hoog","droog","licht"
"413","gemiddeld","nat","licht"
"414","laag","droog","licht"
"415","gemiddeld","nat","licht"
"416","gemiddeld","droog","licht"
"417","gemiddeld","droog","licht"
"418","hoog","droog","sterk"
"419","gemiddeld","droog","licht"
"420","laag","nat","licht"
"421","gemiddeld","droog","licht"
"422","gemiddeld","droog","licht"
"423","gemiddeld","droog","licht"
"424","hoog","droog","licht"
"425","hoog","droog","licht"
"426","gemiddeld","droog","sterk"
"427","hoog","droog","sterk"
"428","laag","nat","licht"
"429","laag","nat","licht"
"430","laag","droog","licht"
"431","laag","droog","licht"
"432","hoog","nat","sterk"
"433","hoog","nat","licht"
"434","gemiddeld","nat","licht"
"435","hoog","droog","sterk"
"436","laag","droog","licht"
"437","gemiddeld","droog","licht"
"438","hoog","nat","licht"
"439","gemiddeld","nat","licht"
"440","laag","droog","licht"
"441","hoog","droog","licht"
"442","hoog","droog","sterk"
"443","gemiddeld","nat","licht"
"444","gemiddeld","droog","licht"
"445","hoog","droog","licht"
"446","gemiddeld","droog","licht"
"447","hoog","nat","licht"
"448","laag","nat","licht"
"449","hoog","droog","licht"
"450","hoog","droog","licht"
"451","laag","droog","licht"
"452","gemiddeld","nat","licht"
"453","hoog","nat","licht"
"454","hoog","nat","sterk"
"455","hoog","droog","licht"
"456","gemiddeld","nat","licht"
"457","gemiddeld","nat","licht"
"458","laag","droog","licht"
"459","gemiddeld","droog","licht"
"460","hoog","droog","licht"
"461","hoog","droog","licht"
"462","gemiddeld","nat","licht"
"463","hoog","droog","licht"
"464","gemiddeld","droog","sterk"
"465","hoog","droog","licht"
"466","laag","nat","licht"
"467","gemiddeld","droog","licht"
"468","hoog","nat","sterk"
"469","gemiddeld","droog","licht"
"470","gemiddeld","nat","licht"
"471","gemiddeld","droog","licht"
"472","laag","nat","licht"
"473","gemiddeld","droog","licht"
"474","hoog","droog","sterk"
"475","hoog","nat","licht"
"476","hoog","droog","licht"
"477","laag","droog","licht"
"478","gemiddeld","nat","licht"
"479","gemiddeld","droog","licht"
"480","gemiddeld","nat","licht"
"481","laag","droog","licht"
"482","hoog","droog","sterk"
"483","laag","droog","sterk"
"484","laag","nat","licht"
"485","gemiddeld","nat","licht"
"486","gemiddeld","droog","licht"
"487","hoog","nat","licht"
"488","hoog","nat","sterk"
"489","laag","droog","licht"
"490","hoog","droog","licht"
"491","hoog","nat","licht"
"492","laag","droog","licht"
"493","hoog","droog","licht"
"494","hoog","nat","licht"
"495","hoog","droog","licht"
"496","gemiddeld","nat","licht"
"497","gemiddeld","droog","licht"
"498","gemiddeld","nat","licht"
"499","laag","droog","licht"
"500","hoog","droog","licht"
"501","gemiddeld","nat","licht"
"502","gemiddeld","nat","licht"
"503","gemiddeld","nat","licht"
"504","gemiddeld","nat","sterk"
"505","gemiddeld","droog","licht"
"506","laag","droog","licht"
"507","gemiddeld","nat","licht"
"508","laag","droog","licht"
"509","laag","droog","sterk"
"510","gemiddeld","nat","licht"
"511","laag","droog","licht"
"512","gemiddeld","droog","sterk"
"513","hoog","droog","licht"
"514","gemiddeld","droog","licht"
"515","gemiddeld","droog","licht"
"516","hoog","nat","sterk"
"517","gemiddeld","nat","licht"
"518","gemiddeld","nat","licht"
"519","hoog","droog","licht"
"520","gemiddeld","droog","licht"
"521","laag","nat","licht"
"522","gemiddeld","droog","licht"
"523","hoog","nat","sterk"
"524","hoog","droog","sterk"
"525","hoog","nat","licht"
"526","laag","nat","licht"
"527","laag","droog","sterk"
"528","laag","droog","licht"
"529","laag","nat","sterk"
"530","laag","droog","licht"
"531","gemiddeld","droog","licht"
"532","hoog","droog","licht"
"533","hoog","nat","licht"
"534","hoog","droog","sterk"
"535","hoog","droog","licht"
"536","hoog","droog","sterk"
"537","hoog","nat","licht"
"538","hoog","droog","licht"
"539","hoog","nat","licht"
"540","gemiddeld","nat","licht"
"541","hoog","nat","licht"
"542","laag","droog","licht"
"543","gemiddeld","droog","licht"
"544","hoog","droog","licht"
"545","hoog","droog","licht"
"546","hoog","droog","licht"
"547","laag","droog","licht"
"548","hoog","nat","licht"
"549","gemiddeld","droog","licht"
"550","gemiddeld","droog","licht"
"551","laag","droog","licht"
"552","gemiddeld","nat","licht"
"553","hoog","droog","sterk"
"554","laag","nat","licht"
"555","laag","nat","sterk"
"556","hoog","nat","licht"
"557","hoog","droog","licht"
"558","hoog","nat","licht"
"559","laag","droog","sterk"
"560","laag","nat","licht"
"561","gemiddeld","nat","licht"
"562","hoog","droog","licht"
"563","hoog","nat","licht"
"564","gemiddeld","nat","licht"
"565","laag","nat","licht"
"566","gemiddeld","nat","licht"
"567","hoog","droog","licht"
"568","gemiddeld","nat","licht"
"569","hoog","nat","licht"
"570","laag","nat","licht"
"571","hoog","droog","licht"
"572","gemiddeld","nat","licht"
"573","hoog","droog","licht"
"574","hoog","droog","sterk"
"575","laag","nat","licht"
"576","gemiddeld","nat","licht"
"577","gemiddeld","nat","licht"
"578","gemiddeld","nat","licht"
"579","laag","droog","licht"
"580","gemiddeld","nat","licht"
"581","hoog","nat","licht"
"582","laag","droog","licht"
"583","gemiddeld","droog","licht"
"584","hoog","nat","licht"
"585","gemiddeld","nat","sterk"
"586","gemiddeld","droog","licht"
"587","hoog","droog","licht"
"588","gemiddeld","droog","licht"
"589","laag","droog","licht"
"590","gemiddeld","nat","licht"
"591","gemiddeld","droog","licht"
"592","hoog","nat","licht"
"593","laag","nat","licht"
"594","gemiddeld","nat","licht"
"595","laag","nat","licht"
"596","gemiddeld","droog","licht"
"597","gemiddeld","nat","licht"
"598","gemiddeld","droog","licht"
"599","hoog","nat","licht"
"600","gemiddeld","droog","licht"
"601","laag","droog","licht"
"602","laag","droog","sterk"
"603","hoog","nat","licht"
"604","gemiddeld","nat","licht"
"605","laag","nat","licht"
"606","laag","droog","licht"
"607","hoog","nat","licht"
"608","hoog","droog","licht"
"609","laag","nat","licht"
"610","hoog","droog","licht"
"611","laag","droog","sterk"
"612","hoog","nat","licht"
"613","gemiddeld","nat","licht"
"614","gemiddeld","nat","licht"
"615","gemiddeld","droog","licht"
"616","gemiddeld","droog","licht"
"617","hoog","nat","licht"
"618","hoog","nat","licht"
"619","gemiddeld","nat","licht"
"620","hoog","nat","sterk"
"621","laag","nat","licht"
"622","hoog","nat","licht"
"623","gemiddeld","nat","sterk"
"624","hoog","nat","licht"
"625","hoog","droog","sterk"
"626","gemiddeld","droog","licht"
"627","hoog","nat","licht"
"628","gemiddeld","droog","licht"
"629","gemiddeld","droog","licht"
"630","laag","droog","sterk"
"631","laag","droog","licht"
"632","hoog","droog","sterk"
"633","hoog","nat","licht"
"634","laag","nat","licht"
"635","gemiddeld","droog","licht"
"636","hoog","droog","licht"
"637","hoog","droog","licht"
"638","hoog","nat","licht"
"639","gemiddeld","nat","sterk"
"640","gemiddeld","droog","sterk"
"641","laag","nat","licht"
"642","hoog","droog","licht"
"643","laag","droog","sterk"
"644","hoog","nat","licht"
"645","laag","nat","licht"
"646","hoog","nat","sterk"
"647","hoog","droog","sterk"
"648","laag","droog","licht"
"649","gemiddeld","nat","licht"
"650","laag","nat","licht"
"651","gemiddeld","nat","licht"
"652","laag","nat","licht"
"653","hoog","nat","licht"
"654","hoog","droog","licht"
"655","gemiddeld","nat","licht"
"656","hoog","droog","licht"
"657","hoog","droog","licht"
"658","gemiddeld","droog","licht"
"659","laag","droog","sterk"
"660","laag","nat","licht"
"661","hoog","droog","licht"
"662","laag","nat","licht"
"663","hoog","droog","licht"
"664","gemiddeld","droog","licht"
"665","hoog","droog","licht"
"666","gemiddeld","droog","licht"
"667","laag","nat","licht"
"668","hoog","nat","licht"
"669","hoog","droog","sterk"
"670","gemiddeld","droog","licht"
"671","laag","nat","licht"
"672","gemiddeld","droog","sterk"
"673","laag","droog","licht"
"674","gemiddeld","droog","licht"
"675","gemiddeld","droog","licht"
"676","gemiddeld","droog","licht"
"677","hoog","nat","licht"
"678","hoog","droog","licht"
"679","hoog","nat","licht"
"680","hoog","droog","licht"
"681","laag","droog","sterk"
"682","laag","droog","licht"
"683","hoog","nat","licht"
"684","gemiddeld","nat","licht"
"685","gemiddeld","droog","licht"
"686","gemiddeld","nat","licht"
"687","hoog","nat","licht"
"688","gemiddeld","nat","licht"
"689","hoog","droog","licht"
"690","laag","nat","licht"
"691","hoog","droog","licht"
"692","gemiddeld","nat","licht"
"693","laag","nat","sterk"
"694","gemiddeld","nat","licht"
"695","gemiddeld","nat","licht"
"696","gemiddeld","droog","licht"
"697","laag","droog","sterk"
"698","hoog","droog","licht"
"699","laag","nat","licht"
"700","gemiddeld","nat","licht"
"701","laag","nat","sterk"
"702","laag","nat","licht"
"703","laag","nat","licht"
"704","gemiddeld","droog","licht"
"705","gemiddeld","nat","licht"
"706","hoog","droog","licht"
"707","gemiddeld","nat","licht"
"708","gemiddeld","droog","licht"
"709","laag","droog","licht"
"710","gemiddeld","droog","licht"
"711","gemiddeld","droog","licht"
"712","gemiddeld","droog","licht"
"713","hoog","nat","licht"
"714","laag","droog","licht"
"715","gemiddeld","droog","licht"
"716","gemiddeld","nat","licht"
"717","hoog","nat","sterk"
"718","hoog","droog","licht"
"719","gemiddeld","droog","licht"
"720","laag","droog","licht"
"721","hoog","nat","licht"
"722","gemiddeld","nat","licht"
"723","laag","nat","licht"
"724","gemiddeld","droog","licht"
"725","hoog","droog","licht"
"726","laag","droog","licht"
"727","hoog","droog","licht"
"728","gemiddeld","droog","licht"
"729","gemiddeld","nat","licht"
"730","hoog","nat","licht"
"731","gemiddeld","nat","sterk"
"732","gemiddeld","nat","licht"
"733","laag","nat","licht"
"734","hoog","droog","licht"
"735","gemiddeld","droog","licht"
"736","hoog","droog","licht"
"737","hoog","nat","licht"
"738","laag","droog","licht"
"739","hoog","droog","licht"
"740","hoog","droog","licht"
"741","hoog","droog","licht"
"742","gemiddeld","droog","licht"
"743","gemiddeld","nat","sterk"
"744","hoog","droog","licht"
"745","hoog","nat","licht"
"746","hoog","droog","licht"
"747","gemiddeld","nat","sterk"
"748","laag","droog","licht"
"749","hoog","droog","licht"
"750","gemiddeld","droog","licht"
"751","gemiddeld","droog","licht"
"752","laag","droog","licht"
"753","gemiddeld","droog","licht"
"754","hoog","nat","licht"
"755","gemiddeld","nat","sterk"
"756","hoog","nat","licht"
"757","gemiddeld","nat","licht"
"758","hoog","droog","licht"
"759","laag","droog","licht"
"760","gemiddeld","nat","sterk"
"761","laag","nat","licht"
"762","hoog","nat","licht"
"763","laag","nat","sterk"
"764","hoog","nat","licht"
"765","hoog","droog","licht"
"766","hoog","droog","licht"
"767","gemiddeld","droog","licht"
"768","gemiddeld","nat","licht"
"769","laag","droog","licht"
"770","gemiddeld","droog","licht"
"771","gemiddeld","droog","licht"
"772","laag","droog","sterk"
"773","hoog","nat","licht"
"774","laag","nat","licht"
"775","gemiddeld","droog","licht"
"776","gemiddeld","nat","licht"
"777","hoog","droog","licht"
"778","laag","droog","licht"
"779","hoog","nat","licht"
"780","laag","nat","licht"
"781","laag","droog","licht"
"782","gemiddeld","nat","licht"
"783","gemiddeld","nat","licht"
"784","gemiddeld","droog","sterk"
"785","laag","nat","licht"
"786","hoog","droog","licht"
"787","gemiddeld","nat","licht"
"788","hoog","nat","licht"
"789","gemiddeld","nat","licht"
"790","hoog","droog","licht"
"791","hoog","nat","licht"
"792","hoog","nat","licht"
"793","laag","nat","licht"
"794","hoog","droog","licht"
"795","gemiddeld","droog","licht"
"796","gemiddeld","nat","licht"
"797","hoog","droog","licht"
"798","gemiddeld","nat","licht"
"799","laag","droog","licht"
"800","hoog","droog","licht"
"801","laag","nat","licht"
"802","hoog","droog","licht"
"803","laag","droog","sterk"
"804","gemiddeld","nat","licht"
"805","hoog","droog","licht"
"806","gemiddeld","nat","licht"
"807","hoog","nat","licht"
"808","laag","droog","licht"
"809","hoog","droog","licht"
"810","hoog","nat","licht"
"811","hoog","nat","sterk"
"812","hoog","nat","licht"
"813","hoog","droog","licht"
"814","laag","droog","sterk"
"815","hoog","droog","licht"
"816","gemiddeld","nat","licht"
"817","laag","nat","licht"
"818","laag","droog","sterk"
"819","hoog","droog","licht"
"820","gemiddeld","droog","licht"
"821","hoog","droog","sterk"
"822","gemiddeld","droog","licht"
"823","gemiddeld","droog","licht"
"824","laag","nat","licht"
"825","laag","nat","sterk"
"826","hoog","nat","sterk"
"827","hoog","nat","licht"
"828","hoog","nat","licht"
"829","hoog","droog","licht"
"830","gemiddeld","nat","sterk"
"831","gemiddeld","droog","licht"
"832","laag","nat","licht"
"833","laag","droog","licht"
"834","laag","nat","licht"
"835","gemiddeld","nat","sterk"
"836","gemiddeld","droog","licht"
"837","hoog","nat","licht"
"838","laag","nat","licht"
"839","laag","nat","licht"
"840","gemiddeld","droog","licht"
"841","laag","droog","sterk"
"842","hoog","nat","licht"
"843","hoog","nat","licht"
"844","gemiddeld","droog","licht"
"845","gemiddeld","nat","licht"
"846","gemiddeld","nat","licht"
"847","hoog","nat","licht"
"848","gemiddeld","droog","licht"
"849","gemiddeld","nat","licht"
"850","hoog","nat","sterk"
"851","laag","nat","licht"
"852","gemiddeld","droog","licht"
"853","hoog","nat","sterk"
"854","laag","droog","licht"
"855","hoog","droog","licht"
"856","hoog","droog","licht"
"857","hoog","droog","licht"
"858","gemiddeld","droog","licht"
"859","hoog","nat","licht"
"860","hoog","nat","licht"
"861","hoog","nat","licht"
"862","hoog","droog","licht"
"863","gemiddeld","nat","licht"
"864","hoog","nat","licht"
"865","hoog","droog","licht"
"866","hoog","nat","licht"
"867","gemiddeld","nat","sterk"
"868","gemiddeld","nat","licht"
"869","gemiddeld","nat","licht"
"870","hoog","nat","sterk"
"871","gemiddeld","nat","licht"
"872","laag","droog","sterk"
"873","laag","nat","licht"
"874","hoog","droog","licht"
"875","gemiddeld","droog","sterk"
"876","hoog","droog","sterk"
"877","hoog","droog","licht"
"878","gemiddeld","droog","licht"
"879","gemiddeld","droog","sterk"
"880","laag","nat","licht"
"881","hoog","nat","licht"
"882","laag","droog","licht"
"883","laag","nat","sterk"
"884","laag","droog","licht"
"885","gemiddeld","nat","licht"
"886","laag","nat","sterk"
"887","laag","droog","sterk"
"888","gemiddeld","nat","licht"
"889","gemiddeld","nat","licht"
"890","hoog","nat","sterk"
"891","hoog","nat","licht"
"892","hoog","nat","licht"
"893","hoog","droog","licht"
"894","hoog","nat","licht"
"895","hoog","nat","licht"
"896","hoog","droog","licht"
"897","gemiddeld","droog","licht"
"898","hoog","nat","licht"
"899","hoog","droog","licht"
"900","hoog","droog","licht"
"901","laag","droog","licht"
"902","laag","droog","licht"
"903","hoog","droog","licht"
"904","hoog","nat","licht"
"905","hoog","nat","licht"
"906","hoog","nat","licht"
"907","hoog","droog","sterk"
"908","hoog","nat","sterk"
"909","hoog","nat","sterk"
"910","hoog","droog","licht"
"911","gemiddeld","nat","licht"
"912","laag","droog","sterk"
"913","gemiddeld","nat","licht"
"914","hoog","nat","licht"
"915","hoog","droog","licht"
"916","gemiddeld","nat","sterk"
"917","hoog","nat","licht"
"918","gemiddeld","droog","licht"
"919","gemiddeld","nat","licht"
"920","laag","droog","licht"
"921","hoog","droog","sterk"
"922","laag","nat","licht"
"923","laag","droog","licht"
"924","hoog","nat","sterk"
"925","laag","nat","sterk"
"926","laag","nat","licht"
"927","gemiddeld","droog","licht"
"928","hoog","droog","licht"
"929","gemiddeld","droog","licht"
"930","gemiddeld","nat","licht"
"931","gemiddeld","droog","licht"
"932","laag","nat","licht"
"933","hoog","nat","licht"
"934","hoog","nat","licht"
"935","gemiddeld","droog","licht"
"936","laag","nat","licht"
"937","laag","droog","licht"
"938","gemiddeld","droog","licht"
"939","laag","droog","licht"
"940","hoog","nat","licht"
"941","hoog","droog","licht"
"942","laag","droog","licht"
"943","hoog","droog","sterk"
"944","gemiddeld","droog","licht"
"945","gemiddeld","droog","licht"
"946","gemiddeld","droog","licht"
"947","gemiddeld","nat","licht"
"948","laag","nat","licht"
"949","laag","droog","licht"
"950","laag","nat","licht"
"951","hoog","droog","licht"
"952","hoog","nat","licht"
"953","gemiddeld","nat","licht"
"954","laag","droog","licht"
"955","gemiddeld","droog","licht"
"956","hoog","nat","licht"
"957","laag","droog","licht"
"958","hoog","droog","licht"
"959","gemiddeld","droog","licht"
"960","hoog","nat","licht"
"961","hoog","droog","licht"
"962","gemiddeld","droog","licht"
"963","hoog","nat","licht"
"964","gemiddeld","droog","licht"
"965","hoog","droog","licht"
"966","hoog","nat","licht"
"967","hoog","droog","licht"
"968","laag","nat","sterk"
"969","laag","droog","licht"
"970","gemiddeld","nat","licht"
"971","laag","droog","licht"
"972","gemiddeld","nat","licht"
"973","gemiddeld","nat","sterk"
"974","laag","nat","licht"
"975","hoog","nat","licht"
"976","hoog","droog","sterk"
"977","hoog","nat","licht"
"978","gemiddeld","nat","sterk"
"979","gemiddeld","droog","sterk"
"980","laag","nat","licht"
"981","hoog","droog","licht"
"982","hoog","droog","licht"
"983","laag","droog","licht"
"984","hoog","nat","sterk"
"985","hoog","nat","licht"
"986","gemiddeld","droog","licht"
"987","gemiddeld","nat","licht"
"988","hoog","nat","licht"
"989","laag","nat","licht"
"990","gemiddeld","droog","sterk"
"991","hoog","nat","licht"
"992","gemiddeld","nat","licht"
"993","gemiddeld","droog","licht"
"994","hoog","droog","sterk"
"995","hoog","droog","sterk"
"996","laag","droog","licht"
"997","gemiddeld","droog","licht"
"998","hoog","nat","licht"
"999","hoog","nat","licht"
"1000","hoog","nat","licht"
"1001","gemiddeld","nat","licht"
"1002","gemiddeld","nat","licht"
"1003","hoog","droog","licht"
"1004","laag","droog","licht"
"1005","hoog","droog","sterk"
"1006","hoog","nat","sterk"
"1007","gemiddeld","droog","licht"
"1008","gemiddeld","droog","licht"
"1009","laag","droog","licht"
"1010","gemiddeld","nat","licht"
"1011","laag","nat","sterk"
"1012","gemiddeld","droog","licht"
"1013","hoog","droog","licht"
"1014","laag","droog","licht"
"1015","gemiddeld","droog","licht"
"1016","laag","nat","licht"
"1017","laag","nat","licht"
"1018","hoog","droog","licht"
"1019","hoog","droog","licht"
"1020","hoog","droog","licht"
"1021","hoog","droog","licht"
"1022","laag","droog","sterk"
"1023","hoog","droog","licht"
"1024","laag","droog","licht"
"1025","hoog","nat","licht"
"1026","laag","droog","licht"
"1027","gemiddeld","nat","licht"
"1028","hoog","nat","licht"
"1029","hoog","droog","licht"
"1030","gemiddeld","nat","licht"
"1031","gemiddeld","droog","sterk"
"1032","gemiddeld","droog","licht"
"1033","hoog","nat","licht"
"1034","laag","droog","licht"
"1035","gemiddeld","droog","licht"
"1036","hoog","droog","licht"
"1037","hoog","nat","licht"
"1038","gemiddeld","nat","licht"
"1039","laag","droog","licht"
"1040","hoog","nat","licht"
"1041","hoog","droog","licht"
"1042","hoog","nat","licht"
"1043","gemiddeld","nat","licht"
"1044","gemiddeld","nat","licht"
"1045","hoog","droog","licht"
"1046","gemiddeld","nat","licht"
"1047","gemiddeld","droog","licht"
"1048","hoog","droog","licht"
"1049","gemiddeld","nat","licht"
"1050","laag","droog","licht"
"1051","hoog","nat","sterk"
"1052","gemiddeld","droog","licht"
"1053","gemiddeld","droog","sterk"
"1054","laag","droog","licht"
"1055","laag","droog","sterk"
"1056","hoog","droog","licht"
"1057","laag","droog","licht"
"1058","gemiddeld","nat","licht"
"1059","gemiddeld","droog","licht"
"1060","hoog","nat","licht"
"1061","hoog","droog","licht"
"1062","laag","droog","licht"
"1063","laag","droog","licht"
"1064","hoog","nat","licht"
"1065","gemiddeld","nat","licht"
"1066","laag","droog","licht"
"1067","hoog","droog","licht"
"1068","hoog","droog","licht"
"1069","laag","droog","licht"
"1070","gemiddeld","nat","licht"
"1071","hoog","nat","licht"
"1072","hoog","droog","licht"
"1073","gemiddeld","droog","licht"
"1074","gemiddeld","nat","sterk"
"1075","laag","droog","licht"
"1076","gemiddeld","nat","licht"
"1077","gemiddeld","nat","sterk"
"1078","hoog","droog","licht"
"1079","hoog","droog","sterk"
"1080","hoog","nat","licht"
"1081","hoog","droog","licht"
"1082","hoog","nat","licht"
"1083","gemiddeld","droog","licht"
"1084","hoog","nat","licht"
"1085","gemiddeld","nat","licht"
"1086","laag","nat","licht"
"1087","gemiddeld","droog","licht"
"1088","hoog","nat","licht"
"1089","laag","droog","licht"
"1090","gemiddeld","droog","licht"
"1091","gemiddeld","nat","licht"
"1092","gemiddeld","nat","licht"
"1093","hoog","droog","licht"
"1094","hoog","nat","licht"
"1095","gemiddeld","droog","licht"
"1096","laag","nat","licht"
"1097","hoog","droog","licht"
"1098","gemiddeld","nat","licht"
"1099","gemiddeld","droog","licht"
"1100","laag","nat","licht"
"1101","gemiddeld","droog","licht"
"1102","hoog","droog","licht"
"1103","gemiddeld","nat","licht"
"1104","hoog","nat","licht"
"1105","hoog","droog","licht"
"1106","gemiddeld","droog","licht"
"1107","hoog","nat","licht"
"1108","gemiddeld","droog","licht"
"1109","laag","droog","licht"
"1110","hoog","droog","licht"
"1111","hoog","droog","sterk"
"1112","gemiddeld","nat","licht"
"1113","hoog","droog","licht"
"1114","gemiddeld","droog","sterk"
"1115","laag","droog","licht"
"1116","gemiddeld","nat","licht"
"1117","hoog","nat","licht"
"1118","gemiddeld","droog","licht"
"1119","hoog","droog","sterk"
"1120","laag","droog","licht"
"1121","hoog","droog","licht"
"1122","laag","droog","sterk"
"1123","gemiddeld","droog","licht"
"1124","laag","nat","licht"
"1125","laag","nat","licht"
"1126","laag","droog","licht"
"1127","hoog","nat","sterk"
"1128","gemiddeld","nat","licht"
"1129","hoog","droog","licht"
"1130","hoog","droog","licht"
"1131","laag","nat","licht"
"1132","hoog","nat","sterk"
"1133","gemiddeld","droog","licht"
"1134","gemiddeld","nat","licht"
"1135","gemiddeld","nat","licht"
"1136","hoog","droog","licht"
"1137","hoog","droog","licht"
"1138","gemiddeld","nat","licht"
"1139","laag","nat","licht"
"1140","gemiddeld","nat","licht"
"1141","hoog","droog","licht"
"1142","hoog","droog","sterk"
"1143","laag","droog","licht"
"1144","hoog","droog","licht"
"1145","laag","nat","licht"
"1146","gemiddeld","droog","licht"
"1147","hoog","nat","licht"
"1148","hoog","nat","licht"
"1149","laag","nat","licht"
"1150","hoog","nat","sterk"
"1151","laag","droog","licht"
"1152","hoog","nat","licht"
"1153","gemiddeld","droog","licht"
"1154","laag","droog","licht"
"1155","laag","nat","licht"
"1156","hoog","droog","licht"
"1157","hoog","droog","licht"
"1158","hoog","droog","licht"
"1159","hoog","nat","licht"
"1160","hoog","nat","licht"
"1161","hoog","nat","licht"
"1162","hoog","nat","licht"
"1163","gemiddeld","droog","licht"
"1164","hoog","nat","licht"
"1165","laag","droog","licht"
"1166","hoog","nat","sterk"
"1167","laag","nat","sterk"
"1168","hoog","droog","licht"
"1169","gemiddeld","nat","licht"
"1170","hoog","nat","licht"
"1171","laag","nat","sterk"
"1172","laag","droog","licht"
"1173","gemiddeld","droog","licht"
"1174","gemiddeld","droog","licht"
"1175","gemiddeld","nat","licht"
"1176","hoog","droog","licht"
"1177","gemiddeld","nat","licht"
"1178","laag","nat","licht"
"1179","hoog","nat","licht"
"1180","hoog","nat","licht"
"1181","hoog","nat","licht"
"1182","hoog","droog","sterk"
"1183","gemiddeld","droog","licht"
"1184","hoog","droog","licht"
"1185","laag","nat","licht"
"1186","hoog","nat","licht"
"1187","hoog","droog","sterk"
"1188","gemiddeld","nat","licht"
"1189","hoog","droog","licht"
"1190","hoog","droog","licht"
"1191","laag","droog","licht"
"1192","laag","droog","licht"
"1193","hoog","droog","licht"
"1194","gemiddeld","droog","licht"
"1195","hoog","droog","licht"
"1196","laag","droog","sterk"
"1197","laag","droog","licht"
"1198","gemiddeld","droog","licht"
"1199","hoog","nat","licht"
"1200","hoog","droog","licht"
"1201","hoog","droog","licht"
"1202","gemiddeld","droog","sterk"
"1203","laag","droog","licht"
"1204","gemiddeld","droog","licht"
"1205","gemiddeld","nat","licht"
"1206","laag","droog","licht"
"1207","gemiddeld","droog","licht"
"1208","laag","nat","licht"
"1209","gemiddeld","droog","licht"
"1210","gemiddeld","droog","sterk"
"1211","hoog","droog","licht"
"1212","gemiddeld","nat","licht"
"1213","hoog","droog","licht"
"1214","hoog","droog","licht"
"1215","gemiddeld","droog","licht"
"1216","laag","droog","licht"
"1217","laag","droog","licht"
"1218","hoog","nat","licht"
"1219","gemiddeld","nat","licht"
"1220","hoog","nat","licht"
"1221","gemiddeld","nat","licht"
"1222","hoog","nat","licht"
"1223","gemiddeld","nat","licht"
"1224","laag","nat","licht"
"1225","hoog","droog","licht"
"1226","hoog","droog","licht"
"1227","hoog","droog","licht"
"1228","hoog","nat","licht"
"1229","laag","droog","licht"
"1230","gemiddeld","nat","licht"
"1231","hoog","droog","licht"
"1232","hoog","nat","licht"
"1233","hoog","nat","licht"
"1234","hoog","droog","licht"
"1235","hoog","droog","sterk"
"1236","laag","nat","licht"
"1237","gemiddeld","droog","licht"
"1238","gemiddeld","nat","licht"
"1239","gemiddeld","nat","sterk"
"1240","gemiddeld","nat","licht"
"1241","hoog","nat","sterk"
"1242","gemiddeld","droog","sterk"
"1243","hoog","nat","licht"
"1244","hoog","nat","licht"
"1245","laag","droog","licht"
"1246","laag","droog","licht"
"1247","laag","nat","licht"
"1248","laag","nat","licht"
"1249","laag","droog","sterk"
"1250","hoog","nat","licht"
"1251","hoog","nat","licht"
"1252","hoog","droog","licht"
"1253","laag","droog","licht"
"1254","laag","droog","licht"
"1255","gemiddeld","nat","licht"
"1256","hoog","droog","licht"
"1257","hoog","droog","licht"
"1258","gemiddeld","nat","licht"
"1259","laag","nat","licht"
"1260","hoog","droog","licht"
"1261","hoog","droog","licht"
"1262","laag","nat","licht"
"1263","hoog","droog","licht"
"1264","gemiddeld","droog","licht"
"1265","hoog","droog","sterk"
"1266","hoog","droog","licht"
"1267","gemiddeld","droog","licht"
"1268","laag","droog","licht"
"1269","hoog","droog","sterk"
"1270","hoog","droog","licht"
"1271","hoog","droog","licht"
"1272","hoog","nat","licht"
"1273","laag","droog","licht"
"1274","laag","droog","licht"
"1275","gemiddeld","droog","licht"
"1276","gemiddeld","droog","sterk"
"1277","hoog","droog","licht"
"1278","laag","droog","licht"
"1279","gemiddeld","droog","sterk"
"1280","laag","droog","licht"
"1281","hoog","droog","licht"
"1282","gemiddeld","nat","licht"
"1283","hoog","droog","licht"
"1284","gemiddeld","nat","licht"
"1285","laag","droog","sterk"
"1286","hoog","droog","licht"
"1287","hoog","nat","licht"
"1288","gemiddeld","droog","sterk"
"1289","gemiddeld","nat","licht"
"1290","hoog","nat","licht"
"1291","hoog","droog","licht"
"1292","laag","nat","sterk"
"1293","laag","nat","licht"
"1294","gemiddeld","droog","licht"
"1295","hoog","droog","sterk"
"1296","gemiddeld","nat","licht"
"1297","hoog","droog","licht"
"1298","gemiddeld","droog","licht"
"1299","hoog","nat","licht"
"1300","hoog","droog","licht"
"1301","gemiddeld","droog","licht"
"1302","hoog","droog","licht"
"1303","hoog","droog","licht"
"1304","laag","nat","sterk"
"1305","laag","droog","licht"
"1306","laag","nat","licht"
"1307","hoog","nat","sterk"
"1308","gemiddeld","nat","licht"
"1309","gemiddeld","droog","licht"
"1310","gemiddeld","droog","licht"
"1311","hoog","nat","licht"
"1312","gemiddeld","droog","licht"
"1313","gemiddeld","droog","licht"
"1314","gemiddeld","nat","licht"
"1315","gemiddeld","droog","sterk"
"1316","laag","droog","licht"
"1317","hoog","droog","licht"
"1318","hoog","nat","sterk"
"1319","laag","droog","licht"
"1320","gemiddeld","droog","licht"
"1321","gemiddeld","nat","licht"
"1322","hoog","droog","licht"
"1323","laag","nat","licht"
"1324","hoog","nat","licht"
"1325","hoog","droog","licht"
"1326","gemiddeld","droog","licht"
"1327","hoog","nat","licht"
"1328","hoog","nat","sterk"
"1329","hoog","nat","licht"
"1330","laag","droog","licht"
"1331","hoog","droog","sterk"
"1332","laag","droog","licht"
"1333","hoog","droog","sterk"
"1334","gemiddeld","nat","licht"
"1335","laag","nat","sterk"
"1336","gemiddeld","droog","licht"
"1337","gemiddeld","droog","licht"
"1338","laag","droog","licht"
"1339","laag","nat","licht"
"1340","hoog","droog","licht"
"1341","hoog","nat","licht"
"1342","hoog","droog","licht"
"1343","laag","droog","licht"
"1344","hoog","droog","licht"
"1345","hoog","droog","licht"
"1346","hoog","droog","sterk"
"1347","hoog","nat","licht"
"1348","hoog","nat","licht"
"1349","gemiddeld","droog","licht"
"1350","gemiddeld","nat","licht"
"1351","hoog","nat","licht"
"1352","hoog","droog","licht"
"1353","hoog","nat","licht"
"1354","hoog","nat","licht"
"1355","hoog","nat","licht"
"1356","gemiddeld","droog","licht"
"1357","gemiddeld","droog","licht"
"1358","hoog","droog","licht"
"1359","hoog","droog","licht"
"1360","laag","droog","licht"
"1361","laag","droog","licht"
"1362","laag","droog","sterk"
"1363","hoog","nat","licht"
"1364","hoog","nat","licht"
"1365","gemiddeld","nat","licht"
"1366","hoog","droog","sterk"
"1367","gemiddeld","nat","sterk"
"1368","hoog","droog","licht"
"1369","hoog","droog","licht"
"1370","gemiddeld","droog","licht"
"1371","hoog","droog","licht"
"1372","hoog","droog","licht"
"1373","hoog","droog","licht"
"1374","hoog","nat","licht"
"1375","laag","droog","licht"
"1376","laag","nat","sterk"
"1377","laag","droog","licht"
"1378","laag","droog","sterk"
"1379","hoog","droog","licht"
"1380","gemiddeld","droog","licht"
"1381","laag","droog","sterk"
"1382","gemiddeld","droog","licht"
"1383","gemiddeld","nat","licht"
"1384","hoog","nat","licht"
"1385","hoog","droog","licht"
"1386","hoog","droog","licht"
"1387","hoog","droog","licht"
"1388","laag","droog","sterk"
"1389","gemiddeld","droog","licht"
"1390","gemiddeld","droog","licht"
"1391","gemiddeld","nat","sterk"
"1392","hoog","droog","sterk"
"1393","hoog","droog","sterk"
"1394","laag","nat","licht"
"1395","gemiddeld","nat","licht"
"1396","hoog","droog","sterk"
"1397","gemiddeld","nat","licht"
"1398","laag","nat","licht"
"1399","hoog","nat","licht"
"1400","gemiddeld","nat","licht"
"1401","hoog","nat","licht"
"1402","gemiddeld","nat","licht"
"1403","laag","nat","licht"
"1404","hoog","nat","sterk"
"1405","gemiddeld","droog","licht"
"1406","laag","nat","licht"
"1407","gemiddeld","nat","licht"
"1408","hoog","nat","sterk"
"1409","hoog","droog","licht"
"1410","hoog","nat","licht"
"1411","hoog","nat","sterk"
"1412","gemiddeld","nat","sterk"
"1413","hoog","nat","licht"
"1414","gemiddeld","nat","licht"
"1415","hoog","droog","licht"
"1416","gemiddeld","droog","sterk"
"1417","laag","nat","licht"
"1418","hoog","nat","licht"
"1419","laag","nat","licht"
"1420","hoog","droog","licht"
"1421","laag","droog","licht"
"1422","gemiddeld","nat","licht"
"1423","laag","droog","licht"
"1424","hoog","droog","sterk"
"1425","gemiddeld","nat","sterk"
"1426","hoog","droog","licht"
"1427","hoog","nat","licht"
"1428","gemiddeld","nat","licht"
"1429","hoog","droog","sterk"
"1430","laag","droog","licht"
"1431","hoog","nat","licht"
"1432","laag","droog","sterk"
"1433","hoog","droog","sterk"
"1434","hoog","nat","licht"
"1435","laag","droog","sterk"
"1436","gemiddeld","nat","licht"
"1437","gemiddeld","droog","sterk"
"1438","laag","nat","sterk"
"1439","laag","nat","sterk"
"1440","hoog","nat","licht"
"1441","gemiddeld","nat","licht"
"1442","gemiddeld","droog","licht"
"1443","hoog","nat","licht"
"1444","gemiddeld","droog","licht"
"1445","laag","droog","licht"
"1446","hoog","nat","licht"
"1447","gemiddeld","nat","licht"
"1448","hoog","droog","licht"
"1449","hoog","droog","sterk"
"1450","gemiddeld","nat","licht"
"1451","gemiddeld","droog","licht"
"1452","hoog","nat","licht"
"1453","hoog","nat","licht"
"1454","gemiddeld","droog","licht"
"1455","laag","droog","sterk"
"1456","hoog","nat","licht"
"1457","gemiddeld","nat","licht"
"1458","hoog","nat","licht"
"1459","hoog","nat","licht"
"1460","gemiddeld","droog","licht"
"1461","hoog","nat","licht"
"1462","gemiddeld","nat","licht"
"1463","laag","droog","licht"
"1464","hoog","nat","licht"
"1465","hoog","nat","licht"
"1466","hoog","droog","licht"
"1467","hoog","nat","licht"
"1468","laag","droog","sterk"
"1469","gemiddeld","droog","licht"
"1470","hoog","nat","licht"
"1471","hoog","nat","licht"
"1472","laag","nat","sterk"
"1473","laag","droog","licht"
"1474","hoog","droog","licht"
"1475","gemiddeld","nat","licht"
"1476","gemiddeld","nat","licht"
"1477","laag","nat","sterk"
"1478","gemiddeld","droog","licht"
"1479","gemiddeld","nat","licht"
"1480","gemiddeld","nat","licht"
"1481","hoog","droog","licht"
"1482","hoog","droog","sterk"
"1483","hoog","nat","licht"
"1484","hoog","nat","sterk"
"1485","laag","nat","licht"
"1486","gemiddeld","nat","licht"
"1487","laag","droog","licht"
"1488","gemiddeld","droog","licht"
"1489","hoog","droog","licht"
"1490","laag","nat","sterk"
"1491","hoog","nat","licht"
"1492","hoog","droog","licht"
"1493","laag","nat","licht"
"1494","gemiddeld","droog","licht"
"1495","hoog","droog","licht"
"1496","gemiddeld","nat","licht"
"1497","laag","nat","licht"
"1498","laag","droog","licht"
"1499","laag","droog","licht"
"1500","gemiddeld","droog","licht"
"1501","hoog","droog","licht"
"1502","laag","droog","licht"
"1503","hoog","droog","licht"
"1504","gemiddeld","droog","licht"
"1505","hoog","nat","licht"
"1506","hoog","droog","licht"
"1507","gemiddeld","nat","licht"
"1508","gemiddeld","droog","licht"
"1509","hoog","droog","licht"
"1510","gemiddeld","droog","licht"
"1511","hoog","nat","licht"
"1512","gemiddeld","nat","licht"
"1513","laag","nat","sterk"
"1514","laag","droog","licht"
"1515","laag","droog","licht"
"1516","hoog","nat","licht"
"1517","laag","droog","licht"
"1518","gemiddeld","droog","sterk"
"1519","hoog","droog","sterk"
"1520","gemiddeld","nat","licht"
"1521","gemiddeld","droog","licht"
"1522","laag","nat","licht"
"1523","gemiddeld","droog","licht"
"1524","laag","droog","sterk"
"1525","hoog","nat","licht"
"1526","laag","droog","licht"
"1527","gemiddeld","droog","licht"
"1528","laag","droog","licht"
"1529","gemiddeld","droog","licht"
"1530","laag","droog","licht"
"1531","laag","droog","licht"
"1532","hoog","droog","licht"
"1533","gemiddeld","nat","licht"
"1534","hoog","nat","licht"
"1535","laag","droog","licht"
"1536","hoog","nat","licht"
"1537","gemiddeld","droog","sterk"
"1538","gemiddeld","droog","licht"
"1539","hoog","nat","licht"
"1540","gemiddeld","droog","licht"
"1541","hoog","nat","licht"
"1542","hoog","droog","sterk"
"1543","hoog","nat","licht"
"1544","laag","droog","licht"
"1545","laag","nat","licht"
"1546","gemiddeld","nat","sterk"
"1547","laag","droog","licht"
"1548","gemiddeld","droog","licht"
"1549","gemiddeld","nat","licht"
"1550","gemiddeld","nat","licht"
"1551","hoog","nat","sterk"
"1552","hoog","droog","sterk"
"1553","laag","droog","sterk"
"1554","hoog","droog","licht"
"1555","gemiddeld","droog","licht"
"1556","laag","nat","licht"
"1557","hoog","nat","licht"
"1558","laag","droog","licht"
"1559","laag","droog","sterk"
"1560","laag","nat","sterk"
"1561","hoog","nat","licht"
"1562","laag","droog","licht"
"1563","laag","nat","sterk"
"1564","hoog","nat","licht"
"1565","hoog","droog","sterk"
"1566","laag","droog","licht"
"1567","gemiddeld","droog","licht"
"1568","laag","droog","licht"
"1569","laag","nat","licht"
"1570","hoog","droog","licht"
"1571","hoog","droog","licht"
"1572","gemiddeld","droog","sterk"
"1573","gemiddeld","nat","licht"
"1574","laag","droog","sterk"
"1575","gemiddeld","droog","licht"
"1576","laag","nat","licht"
"1577","laag","nat","licht"
"1578","hoog","nat","licht"
"1579","hoog","droog","licht"
"1580","laag","droog","licht"
"1581","gemiddeld","droog","licht"
"1582","laag","droog","licht"
"1583","laag","droog","licht"
"1584","laag","droog","licht"
"1585","gemiddeld","droog","licht"
"1586","gemiddeld","droog","licht"
"1587","laag","nat","licht"
"1588","gemiddeld","droog","licht"
"1589","gemiddeld","nat","licht"
"1590","gemiddeld","droog","licht"
"1591","hoog","droog","licht"
"1592","laag","droog","licht"
"1593","gemiddeld","nat","licht"
"1594","hoog","droog","licht"
"1595","hoog","droog","licht"
"1596","hoog","nat","licht"
"1597","hoog","droog","sterk"
"1598","hoog","droog","licht"
"1599","laag","nat","sterk"
"1600","hoog","droog","licht"
"1601","hoog","nat","licht"
"1602","hoog","nat","licht"
"1603","hoog","nat","licht"
"1604","laag","nat","licht"
"1605","laag","nat","licht"
"1606","hoog","nat","licht"
"1607","gemiddeld","droog","licht"
"1608","hoog","droog","licht"
"1609","hoog","nat","licht"
"1610","hoog","droog","licht"
"1611","gemiddeld","droog","licht"
"1612","gemiddeld","droog","licht"
"1613","hoog","droog","sterk"
"1614","gemiddeld","nat","licht"
"1615","laag","nat","licht"
"1616","laag","nat","licht"
"1617","laag","nat","licht"
"1618","hoog","droog","licht"
"1619","hoog","nat","licht"
"1620","laag","droog","sterk"
"1621","gemiddeld","nat","licht"
"1622","gemiddeld","nat","licht"
"1623","laag","nat","licht"
"1624","hoog","nat","licht"
"1625","gemiddeld","nat","licht"
"1626","laag","nat","sterk"
"1627","hoog","droog","sterk"
"1628","laag","nat","licht"
"1629","gemiddeld","nat","licht"
"1630","laag","droog","licht"
"1631","laag","nat","licht"
"1632","hoog","nat","licht"
"1633","laag","nat","licht"
"1634","hoog","nat","licht"
"1635","hoog","nat","licht"
"1636","gemiddeld","nat","sterk"
"1637","hoog","nat","licht"
"1638","hoog","nat","sterk"
"1639","gemiddeld","droog","sterk"
"1640","hoog","droog","licht"
"1641","gemiddeld","droog","sterk"
"1642","laag","droog","licht"
"1643","laag","nat","licht"
"1644","hoog","nat","licht"
"1645","gemiddeld","droog","licht"
"1646","hoog","nat","licht"
"1647","gemiddeld","droog","licht"
"1648","hoog","droog","licht"
"1649","gemiddeld","droog","licht"
"1650","laag","droog","licht"
"1651","gemiddeld","nat","licht"
"1652","hoog","droog","licht"
"1653","hoog","droog","licht"
"1654","hoog","droog","licht"
"1655","laag","nat","licht"
"1656","gemiddeld","droog","licht"
"1657","hoog","nat","licht"
"1658","gemiddeld","droog","sterk"
"1659","gemiddeld","droog","licht"
"1660","hoog","droog","licht"
"1661","hoog","droog","sterk"
"1662","gemiddeld","droog","licht"
"1663","laag","nat","licht"
"1664","gemiddeld","droog","licht"
"1665","laag","nat","licht"
"1666","laag","droog","sterk"
"1667","hoog","nat","licht"
"1668","gemiddeld","nat","licht"
"1669","gemiddeld","droog","licht"
"1670","hoog","droog","licht"
"1671","laag","nat","licht"
"1672","laag","nat","licht"
"1673","laag","droog","licht"
"1674","hoog","droog","licht"
"1675","gemiddeld","droog","licht"
"1676","gemiddeld","droog","licht"
"1677","hoog","nat","licht"
"1678","laag","nat","licht"
"1679","hoog","droog","licht"
"1680","hoog","nat","licht"
"1681","laag","nat","licht"
"1682","gemiddeld","droog","licht"
"1683","hoog","nat","licht"
"1684","laag","nat","licht"
"1685","laag","nat","licht"
"1686","laag","droog","sterk"
"1687","hoog","droog","licht"
"1688","laag","nat","licht"
"1689","hoog","droog","sterk"
"1690","laag","nat","licht"
"1691","gemiddeld","nat","licht"
"1692","gemiddeld","droog","licht"
"1693","laag","droog","licht"
"1694","hoog","nat","licht"
"1695","gemiddeld","droog","licht"
"1696","hoog","nat","licht"
"1697","hoog","nat","licht"
"1698","laag","nat","licht"
"1699","gemiddeld","nat","licht"
"1700","hoog","droog","licht"
"1701","gemiddeld","nat","sterk"
"1702","gemiddeld","droog","licht"
"1703","gemiddeld","droog","licht"
"1704","hoog","nat","licht"
"1705","hoog","nat","sterk"
"1706","hoog","nat","licht"
"1707","hoog","nat","licht"
"1708","gemiddeld","nat","licht"
"1709","hoog","droog","licht"
"1710","hoog","nat","licht"
"1711","hoog","nat","licht"
"1712","hoog","droog","licht"
"1713","hoog","nat","sterk"
"1714","hoog","droog","licht"
"1715","hoog","droog","licht"
"1716","laag","droog","licht"
"1717","hoog","droog","licht"
"1718","hoog","nat","licht"
"1719","hoog","nat","licht"
"1720","gemiddeld","droog","licht"
"1721","laag","droog","licht"
"1722","hoog","nat","sterk"
"1723","laag","nat","licht"
"1724","laag","droog","sterk"
"1725","hoog","droog","sterk"
"1726","gemiddeld","droog","licht"
"1727","hoog","droog","licht"
"1728","laag","nat","sterk"
"1729","gemiddeld","droog","licht"
"1730","laag","nat","licht"
"1731","laag","droog","sterk"
"1732","hoog","nat","sterk"
"1733","gemiddeld","droog","licht"
"1734","gemiddeld","nat","sterk"
"1735","hoog","droog","licht"
"1736","laag","droog","licht"
"1737","gemiddeld","nat","licht"
"1738","gemiddeld","nat","licht"
"1739","gemiddeld","nat","licht"
"1740","hoog","nat","licht"
"1741","laag","nat","licht"
"1742","laag","nat","licht"
"1743","gemiddeld","nat","licht"
"1744","gemiddeld","droog","sterk"
"1745","hoog","nat","licht"
"1746","hoog","droog","licht"
"1747","hoog","nat","licht"
"1748","laag","droog","licht"
"1749","hoog","droog","licht"
"1750","gemiddeld","droog","licht"
"1751","gemiddeld","droog","sterk"
"1752","gemiddeld","droog","sterk"
"1753","gemiddeld","nat","licht"
"1754","hoog","nat","licht"
"1755","laag","droog","licht"
"1756","hoog","droog","sterk"
"1757","gemiddeld","droog","licht"
"1758","gemiddeld","nat","licht"
"1759","hoog","nat","licht"
"1760","laag","droog","licht"
"1761","hoog","droog","sterk"
"1762","gemiddeld","droog","licht"
"1763","gemiddeld","nat","licht"
"1764","gemiddeld","droog","licht"
"1765","gemiddeld","nat","licht"
"1766","gemiddeld","nat","licht"
"1767","gemiddeld","nat","licht"
"1768","gemiddeld","droog","licht"
"1769","laag","nat","licht"
"1770","hoog","nat","licht"
"1771","laag","nat","licht"
"1772","hoog","nat","licht"
"1773","hoog","nat","licht"
"1774","hoog","nat","licht"
"1775","laag","nat","licht"
"1776","hoog","droog","licht"
"1777","hoog","droog","licht"
"1778","hoog","droog","licht"
"1779","gemiddeld","droog","licht"
"1780","hoog","nat","licht"
"1781","gemiddeld","droog","licht"
"1782","hoog","nat","licht"
"1783","hoog","droog","licht"
"1784","hoog","nat","licht"
"1785","laag","nat","licht"
"1786","hoog","nat","licht"
"1787","hoog","nat","licht"
"1788","hoog","nat","licht"
"1789","gemiddeld","nat","sterk"
"1790","laag","nat","licht"
"1791","gemiddeld","nat","licht"
"1792","gemiddeld","nat","licht"
"1793","hoog","nat","licht"
"1794","gemiddeld","droog","licht"
"1795","laag","droog","licht"
"1796","gemiddeld","nat","licht"
"1797","hoog","nat","licht"
"1798","hoog","nat","sterk"
"1799","hoog","droog","licht"
"1800","hoog","nat","licht"
"1801","hoog","nat","licht"
"1802","hoog","nat","sterk"
"1803","gemiddeld","droog","licht"
"1804","gemiddeld","nat","sterk"
"1805","gemiddeld","droog","licht"
"1806","gemiddeld","nat","licht"
"1807","hoog","droog","licht"
"1808","laag","droog","sterk"
"1809","gemiddeld","nat","licht"
"1810","hoog","droog","licht"
"1811","hoog","nat","licht"
"1812","hoog","droog","licht"
"1813","gemiddeld","droog","licht"
"1814","hoog","droog","licht"
"1815","gemiddeld","nat","licht"
"1816","hoog","droog","sterk"
"1817","laag","droog","licht"
"1818","laag","nat","licht"
"1819","hoog","nat","licht"
"1820","gemiddeld","droog","licht"
"1821","gemiddeld","nat","licht"
"1822","laag","nat","licht"
"1823","hoog","droog","licht"
"1824","gemiddeld","nat","licht"
"1825","hoog","nat","sterk"
"1826","gemiddeld","droog","licht"
"1827","gemiddeld","nat","licht"
"1828","gemiddeld","droog","licht"
"1829","laag","droog","licht"
"1830","gemiddeld","nat","sterk"
"1831","hoog","droog","sterk"
"1832","laag","nat","licht"
"1833","gemiddeld","droog","licht"
"1834","laag","droog","sterk"
"1835","laag","nat","sterk"
"1836","gemiddeld","nat","licht"
"1837","gemiddeld","nat","licht"
"1838","gemiddeld","nat","licht"
"1839","laag","droog","licht"
"1840","hoog","droog","sterk"
"1841","laag","droog","sterk"
"1842","laag","droog","licht"
"1843","laag","nat","licht"
"1844","laag","droog","licht"
"1845","gemiddeld","droog","licht"
"1846","hoog","droog","licht"
"1847","hoog","droog","licht"
"1848","gemiddeld","nat","licht"
"1849","gemiddeld","nat","licht"
"1850","hoog","nat","licht"
"1851","hoog","droog","licht"
"1852","hoog","nat","licht"
"1853","hoog","nat","licht"
"1854","laag","nat","licht"
"1855","gemiddeld","droog","licht"
"1856","laag","droog","sterk"
"1857","laag","nat","licht"
"1858","laag","droog","sterk"
"1859","gemiddeld","nat","licht"
"1860","gemiddeld","droog","licht"
"1861","laag","droog","licht"
"1862","hoog","nat","licht"
"1863","laag","droog","sterk"
"1864","gemiddeld","nat","licht"
"1865","gemiddeld","droog","licht"
"1866","hoog","droog","licht"
"1867","hoog","droog","licht"
"1868","gemiddeld","nat","licht"
"1869","laag","nat","licht"
"1870","gemiddeld","nat","licht"
"1871","laag","droog","licht"
"1872","gemiddeld","nat","licht"
"1873","gemiddeld","nat","licht"
"1874","laag","nat","licht"
"1875","hoog","nat","licht"
"1876","hoog","nat","sterk"
"1877","hoog","droog","licht"
"1878","hoog","droog","sterk"
"1879","hoog","droog","licht"
"1880","gemiddeld","nat","licht"
"1881","gemiddeld","nat","licht"
"1882","laag","droog","licht"
"1883","laag","nat","licht"
"1884","hoog","nat","licht"
"1885","laag","nat","licht"
"1886","hoog","droog","licht"
"1887","gemiddeld","nat","licht"
"1888","hoog","droog","sterk"
"1889","hoog","droog","licht"
"1890","hoog","droog","licht"
"1891","laag","droog","licht"
"1892","hoog","droog","licht"
"1893","laag","nat","licht"
"1894","hoog","nat","licht"
"1895","laag","nat","licht"
"1896","laag","nat","licht"
"1897","hoog","nat","licht"
"1898","hoog","nat","licht"
"1899","gemiddeld","nat","sterk"
"1900","gemiddeld","nat","licht"
"1901","laag","droog","licht"
"1902","hoog","droog","licht"
"1903","gemiddeld","droog","licht"
"1904","laag","nat","licht"
"1905","gemiddeld","droog","licht"
"1906","hoog","droog","licht"
"1907","gemiddeld","droog","licht"
"1908","laag","droog","licht"
"1909","gemiddeld","nat","licht"
"1910","hoog","droog","licht"
"1911","gemiddeld","nat","sterk"
"1912","gemiddeld","droog","licht"
"1913","laag","droog","licht"
"1914","hoog","nat","licht"
"1915","gemiddeld","nat","sterk"
"1916","hoog","nat","licht"
"1917","hoog","nat","licht"
"1918","laag","droog","licht"
"1919","hoog","nat","licht"
"1920","hoog","droog","licht"
"1921","hoog","droog","licht"
"1922","laag","nat","sterk"
"1923","gemiddeld","droog","sterk"
"1924","gemiddeld","droog","licht"
"1925","hoog","nat","licht"
"1926","hoog","nat","sterk"
"1927","laag","droog","licht"
"1928","laag","nat","sterk"
"1929","hoog","nat","licht"
"1930","laag","nat","sterk"
"1931","hoog","nat","licht"
"1932","gemiddeld","nat","sterk"
"1933","laag","droog","licht"
"1934","gemiddeld","droog","sterk"
"1935","hoog","nat","sterk"
"1936","laag","nat","licht"
"1937","laag","droog","sterk"
"1938","hoog","nat","sterk"
"1939","hoog","nat","licht"
"1940","gemiddeld","droog","licht"
"1941","gemiddeld","droog","sterk"
"1942","laag","nat","licht"
"1943","laag","droog","licht"
"1944","hoog","nat","licht"
"1945","hoog","droog","licht"
"1946","hoog","droog","licht"
"1947","hoog","nat","sterk"
"1948","laag","droog","licht"
"1949","hoog","nat","licht"
"1950","hoog","droog","licht"
"1951","hoog","droog","licht"
"1952","hoog","nat","licht"
"1953","gemiddeld","droog","sterk"
"1954","gemiddeld","nat","licht"
"1955","gemiddeld","droog","sterk"
"1956","hoog","nat","sterk"
"1957","laag","droog","sterk"
"1958","hoog","droog","licht"
"1959","gemiddeld","nat","licht"
"1960","hoog","nat","licht"
"1961","gemiddeld","nat","licht"
"1962","hoog","nat","licht"
"1963","gemiddeld","nat","licht"
"1964","laag","nat","licht"
"1965","hoog","droog","licht"
"1966","gemiddeld","nat","licht"
"1967","laag","nat","licht"
"1968","hoog","nat","licht"
"1969","gemiddeld","droog","licht"
"1970","laag","nat","licht"
"1971","gemiddeld","nat","licht"
"1972","laag","droog","licht"
"1973","hoog","nat","licht"
"1974","hoog","nat","licht"
"1975","gemiddeld","droog","licht"
"1976","gemiddeld","droog","licht"
"1977","laag","nat","licht"
"1978","hoog","droog","sterk"
"1979","laag","droog","licht"
"1980","laag","nat","licht"
"1981","hoog","droog","licht"
"1982","gemiddeld","nat","licht"
"1983","hoog","droog","licht"
"1984","hoog","droog","licht"
"1985","gemiddeld","droog","licht"
"1986","gemiddeld","droog","licht"
"1987","laag","droog","licht"
"1988","gemiddeld","droog","licht"
"1989","gemiddeld","nat","licht"
"1990","laag","droog","sterk"
"1991","hoog","droog","licht"
"1992","hoog","droog","licht"
"1993","hoog","droog","licht"
"1994","laag","droog","sterk"
"1995","hoog","nat","licht"
"1996","laag","nat","licht"
"1997","hoog","droog","licht"
"1998","hoog","nat","licht"
"1999","hoog","droog","licht"
"2000","hoog","nat","licht"
"2001","laag","nat","licht"
"2002","laag","droog","licht"
"2003","laag","nat","licht"
"2004","gemiddeld","nat","licht"
"2005","hoog","nat","licht"
"2006","hoog","droog","licht"
"2007","gemiddeld","droog","licht"
"2008","hoog","droog","sterk"
"2009","gemiddeld","nat","licht"
"2010","gemiddeld","nat","licht"
"2011","hoog","nat","licht"
"2012","gemiddeld","nat","licht"
"2013","laag","nat","licht"
"2014","gemiddeld","nat","licht"
"2015","hoog","droog","sterk"
"2016","hoog","nat","sterk"
"2017","hoog","nat","licht"
"2018","hoog","droog","licht"
"2019","laag","droog","licht"
"2020","hoog","droog","sterk"
"2021","hoog","droog","licht"
"2022","laag","nat","licht"
"2023","gemiddeld","nat","licht"
"2024","hoog","nat","sterk"
"2025","hoog","nat","licht"
"2026","gemiddeld","nat","sterk"
"2027","hoog","nat","licht"
"2028","hoog","nat","sterk"
"2029","gemiddeld","nat","licht"
"2030","gemiddeld","nat","licht"
"2031","gemiddeld","droog","sterk"
"2032","hoog","nat","sterk"
"2033","hoog","droog","licht"
"2034","laag","droog","licht"
"2035","hoog","nat","sterk"
"2036","hoog","droog","licht"
"2037","hoog","droog","sterk"
"2038","gemiddeld","droog","licht"
"2039","laag","droog","sterk"
"2040","hoog","nat","licht"
"2041","hoog","nat","licht"
"2042","hoog","nat","licht"
"2043","laag","droog","sterk"
"2044","hoog","droog","licht"
"2045","laag","nat","licht"
"2046","hoog","droog","licht"
"2047","laag","droog","licht"
"2048","hoog","nat","licht"
"2049","gemiddeld","droog","licht"
"2050","laag","droog","licht"
"2051","hoog","nat","licht"
"2052","gemiddeld","nat","licht"
"2053","hoog","droog","licht"
"2054","hoog","nat","licht"
"2055","laag","nat","licht"
"2056","gemiddeld","droog","sterk"
"2057","hoog","nat","licht"
"2058","hoog","nat","licht"
"2059","gemiddeld","droog","licht"
"2060","hoog","nat","licht"
"2061","hoog","droog","licht"
"2062","gemiddeld","droog","licht"
"2063","hoog","droog","licht"
"2064","laag","nat","licht"
"2065","hoog","droog","licht"
"2066","gemiddeld","droog","licht"
"2067","gemiddeld","nat","licht"
"2068","gemiddeld","droog","licht"
"2069","laag","droog","licht"
"2070","hoog","nat","licht"
"2071","gemiddeld","nat","licht"
"2072","laag","nat","licht"
"2073","gemiddeld","nat","licht"
"2074","laag","droog","licht"
"2075","laag","nat","licht"
"2076","hoog","nat","licht"
"2077","laag","droog","sterk"
"2078","gemiddeld","droog","licht"
"2079","gemiddeld","nat","licht"
"2080","hoog","droog","sterk"
"2081","gemiddeld","nat","sterk"
"2082","gemiddeld","droog","licht"
"2083","gemiddeld","nat","licht"
"2084","hoog","droog","licht"
"2085","hoog","nat","licht"
"2086","laag","droog","licht"
"2087","hoog","nat","licht"
"2088","gemiddeld","droog","licht"
"2089","laag","droog","licht"
"2090","gemiddeld","nat","licht"
"2091","laag","droog","sterk"
"2092","gemiddeld","nat","licht"
"2093","laag","droog","licht"
"2094","hoog","nat","licht"
"2095","gemiddeld","droog","licht"
"2096","hoog","nat","licht"
"2097","gemiddeld","droog","licht"
"2098","laag","droog","licht"
"2099","gemiddeld","nat","sterk"
"2100","gemiddeld","nat","licht"
"2101","gemiddeld","droog","licht"
"2102","gemiddeld","nat","licht"
"2103","gemiddeld","droog","licht"
"2104","hoog","nat","sterk"
"2105","hoog","droog","licht"
"2106","laag","droog","sterk"
"2107","laag","nat","licht"
"2108","hoog","droog","licht"
"2109","laag","nat","sterk"
"2110","gemiddeld","droog","licht"
"2111","gemiddeld","nat","licht"
"2112","hoog","nat","sterk"
"2113","laag","droog","sterk"
"2114","laag","droog","sterk"
"2115","hoog","droog","sterk"
"2116","hoog","nat","licht"
"2117","laag","nat","licht"
"2118","laag","nat","licht"
"2119","hoog","droog","sterk"
"2120","laag","droog","sterk"
"2121","hoog","nat","licht"
"2122","hoog","droog","licht"
"2123","laag","nat","licht"
"2124","hoog","nat","licht"
"2125","laag","droog","licht"
"2126","gemiddeld","nat","licht"
"2127","hoog","droog","licht"
"2128","hoog","droog","licht"
"2129","hoog","nat","licht"
"2130","laag","droog","licht"
"2131","hoog","droog","licht"
"2132","laag","nat","licht"
"2133","hoog","droog","licht"
"2134","laag","droog","sterk"
"2135","hoog","nat","licht"
"2136","hoog","droog","sterk"
"2137","hoog","nat","licht"
"2138","laag","nat","licht"
"2139","gemiddeld","droog","licht"
"2140","gemiddeld","droog","licht"
"2141","laag","droog","sterk"
"2142","hoog","droog","licht"
"2143","hoog","nat","licht"
"2144","hoog","droog","sterk"
"2145","gemiddeld","nat","licht"
"2146","hoog","droog","licht"
"2147","gemiddeld","droog","licht"
"2148","hoog","droog","licht"
"2149","laag","droog","licht"
"2150","gemiddeld","droog","licht"
"2151","hoog","droog","licht"
"2152","gemiddeld","nat","licht"
"2153","hoog","nat","licht"
"2154","hoog","nat","sterk"
"2155","hoog","droog","licht"
"2156","gemiddeld","droog","licht"
"2157","gemiddeld","droog","licht"
"2158","gemiddeld","droog","licht"
"2159","gemiddeld","droog","sterk"
"2160","hoog","nat","licht"
"2161","laag","nat","licht"
"2162","laag","droog","licht"
"2163","gemiddeld","droog","licht"
"2164","hoog","droog","licht"
"2165","gemiddeld","droog","licht"
"2166","laag","nat","licht"
"2167","gemiddeld","nat","licht"
"2168","hoog","nat","sterk"
"2169","gemiddeld","droog","licht"
"2170","hoog","droog","licht"
"2171","hoog","droog","licht"
"2172","hoog","droog","sterk"
"2173","laag","droog","sterk"
"2174","gemiddeld","droog","licht"
"2175","hoog","nat","licht"
"2176","hoog","nat","licht"
"2177","gemiddeld","droog","licht"
"2178","gemiddeld","droog","licht"
"2179","gemiddeld","droog","sterk"
"2180","gemiddeld","nat","licht"
"2181","laag","nat","licht"
"2182","laag","nat","sterk"
"2183","laag","droog","sterk"
"2184","hoog","nat","licht"
"2185","hoog","droog","licht"
"2186","laag","nat","licht"
"2187","gemiddeld","droog","licht"
"2188","hoog","droog","licht"
"2189","gemiddeld","droog","licht"
"2190","hoog","nat","licht"
"2191","hoog","nat","licht"
"2192","laag","droog","sterk"
"2193","laag","nat","licht"
"2194","laag","droog","licht"
"2195","laag","droog","licht"
"2196","hoog","nat","licht"
"2197","hoog","droog","licht"
"2198","gemiddeld","droog","licht"
"2199","gemiddeld","droog","licht"
"2200","hoog","nat","licht"
"2201","gemiddeld","nat","sterk"
"2202","laag","droog","licht"
"2203","hoog","nat","sterk"
"2204","gemiddeld","nat","licht"
"2205","laag","droog","licht"
"2206","gemiddeld","nat","sterk"
"2207","gemiddeld","nat","licht"
"2208","hoog","droog","licht"
"2209","gemiddeld","nat","licht"
"2210","hoog","droog","licht"
"2211","gemiddeld","droog","licht"
"2212","laag","droog","licht"
"2213","hoog","nat","licht"
"2214","gemiddeld","droog","licht"
"2215","hoog","nat","sterk"
"2216","gemiddeld","droog","licht"
"2217","gemiddeld","nat","licht"
"2218","hoog","nat","licht"
"2219","gemiddeld","droog","licht"
"2220","hoog","nat","licht"
"2221","gemiddeld","droog","licht"
"2222","gemiddeld","nat","licht"
"2223","laag","droog","licht"
"2224","hoog","droog","sterk"
"2225","gemiddeld","nat","sterk"
"2226","hoog","droog","licht"
"2227","gemiddeld","droog","licht"
"2228","hoog","droog","licht"
"2229","hoog","droog","licht"
"2230","gemiddeld","droog","licht"
"2231","laag","droog","licht"
"2232","hoog","nat","licht"
"2233","hoog","nat","sterk"
"2234","hoog","droog","licht"
"2235","hoog","nat","licht"
"2236","gemiddeld","droog","licht"
"2237","gemiddeld","droog","licht"
"2238","hoog","nat","licht"
"2239","hoog","droog","sterk"
"2240","laag","nat","licht"
"2241","gemiddeld","droog","licht"
"2242","hoog","droog","licht"
"2243","hoog","nat","licht"
"2244","hoog","nat","licht"
"2245","hoog","nat","licht"
"2246","hoog","nat","licht"
"2247","hoog","droog","licht"
"2248","hoog","nat","licht"
"2249","laag","droog","licht"
"2250","laag","droog","licht"
"2251","hoog","nat","licht"
"2252","laag","droog","sterk"
"2253","gemiddeld","droog","licht"
"2254","hoog","nat","licht"
"2255","hoog","nat","sterk"
"2256","hoog","droog","licht"
"2257","hoog","nat","licht"
"2258","hoog","nat","licht"
"2259","hoog","nat","sterk"
"2260","laag","nat","licht"
"2261","laag","droog","sterk"
"2262","gemiddeld","droog","licht"
"2263","hoog","nat","licht"
"2264","hoog","nat","licht"
"2265","hoog","droog","licht"
"2266","gemiddeld","droog","licht"
"2267","hoog","droog","licht"
"2268","laag","nat","licht"
"2269","gemiddeld","nat","licht"
"2270","laag","droog","licht"
"2271","laag","droog","sterk"
"2272","gemiddeld","nat","licht"
"2273","hoog","nat","licht"
"2274","hoog","nat","licht"
"2275","hoog","nat","licht"
"2276","laag","droog","sterk"
"2277","laag","droog","licht"
"2278","gemiddeld","nat","licht"
"2279","hoog","droog","licht"
"2280","laag","droog","licht"
"2281","laag","droog","licht"
"2282","laag","droog","licht"
"2283","gemiddeld","nat","licht"
"2284","hoog","nat","licht"
"2285","hoog","droog","licht"
"2286","laag","droog","licht"
"2287","laag","droog","licht"
"2288","gemiddeld","nat","licht"
"2289","laag","nat","licht"
"2290","hoog","nat","licht"
"2291","hoog","nat","licht"
"2292","gemiddeld","nat","licht"
"2293","hoog","droog","licht"
"2294","gemiddeld","nat","licht"
"2295","hoog","droog","sterk"
"2296","gemiddeld","droog","licht"
"2297","laag","droog","licht"
"2298","gemiddeld","droog","licht"
"2299","hoog","nat","licht"
"2300","laag","nat","licht"
"2301","hoog","droog","licht"
"2302","laag","droog","licht"
"2303","gemiddeld","droog","licht"
"2304","gemiddeld","nat","licht"
"2305","laag","droog","licht"
"2306","hoog","nat","licht"
"2307","hoog","droog","licht"
"2308","laag","nat","licht"
"2309","gemiddeld","droog","sterk"
"2310","laag","droog","licht"
"2311","hoog","nat","licht"
"2312","hoog","droog","licht"
"2313","gemiddeld","nat","licht"
"2314","hoog","droog","licht"
"2315","gemiddeld","nat","sterk"
"2316","gemiddeld","nat","licht"
"2317","gemiddeld","droog","licht"
"2318","gemiddeld","droog","licht"
"2319","hoog","droog","licht"
"2320","gemiddeld","droog","licht"
"2321","hoog","droog","licht"
"2322","laag","nat","licht"
"2323","laag","nat","licht"
"2324","gemiddeld","droog","licht"
"2325","gemiddeld","droog","licht"
"2326","hoog","nat","licht"
"2327","gemiddeld","droog","licht"
"2328","gemiddeld","droog","licht"
"2329","hoog","nat","licht"
"2330","laag","droog","sterk"
"2331","hoog","droog","licht"
"2332","hoog","nat","licht"
"2333","laag","droog","licht"
"2334","hoog","droog","licht"
"2335","hoog","droog","sterk"
"2336","laag","nat","licht"
"2337","hoog","nat","licht"
"2338","hoog","droog","licht"
"2339","hoog","nat","licht"
"2340","gemiddeld","droog","licht"
"2341","hoog","nat","licht"
"2342","gemiddeld","droog","licht"
"2343","hoog","droog","licht"
"2344","laag","nat","licht"
"2345","gemiddeld","nat","sterk"
"2346","laag","droog","licht"
"2347","laag","nat","licht"
"2348","gemiddeld","droog","licht"
"2349","laag","nat","licht"
"2350","laag","nat","licht"
"2351","laag","droog","sterk"
"2352","laag","nat","sterk"
"2353","hoog","droog","sterk"
"2354","laag","droog","licht"
"2355","laag","nat","licht"
"2356","hoog","nat","licht"
"2357","hoog","droog","licht"
"2358","laag","droog","sterk"
"2359","gemiddeld","droog","licht"
"2360","hoog","droog","licht"
"2361","laag","nat","licht"
"2362","hoog","nat","licht"
"2363","gemiddeld","droog","licht"
"2364","gemiddeld","nat","licht"
"2365","hoog","nat","licht"
"2366","gemiddeld","nat","licht"
"2367","hoog","nat","licht"
"2368","gemiddeld","nat","licht"
"2369","laag","droog","licht"
"2370","gemiddeld","droog","licht"
"2371","laag","droog","licht"
"2372","gemiddeld","nat","licht"
"2373","gemiddeld","droog","sterk"
"2374","hoog","droog","licht"
"2375","hoog","droog","licht"
"2376","gemiddeld","droog","licht"
"2377","laag","droog","licht"
"2378","laag","droog","licht"
"2379","hoog","droog","sterk"
"2380","hoog","droog","licht"
"2381","laag","droog","licht"
"2382","gemiddeld","nat","sterk"
"2383","hoog","droog","licht"
"2384","gemiddeld","droog","licht"
"2385","hoog","droog","licht"
"2386","laag","nat","licht"
"2387","laag","droog","licht"
"2388","hoog","nat","licht"
"2389","hoog","nat","sterk"
"2390","hoog","droog","licht"
"2391","hoog","nat","licht"
"2392","gemiddeld","nat","licht"
"2393","gemiddeld","nat","licht"
"2394","hoog","droog","licht"
"2395","hoog","droog","sterk"
"2396","gemiddeld","nat","licht"
"2397","hoog","droog","sterk"
"2398","gemiddeld","nat","licht"
"2399","hoog","nat","licht"
"2400","hoog","droog","licht"
"2401","hoog","droog","licht"
"2402","hoog","droog","licht"
"2403","laag","droog","licht"
"2404","laag","nat","sterk"
"2405","hoog","nat","licht"
"2406","gemiddeld","nat","licht"
"2407","hoog","nat","licht"
"2408","laag","nat","licht"
"2409","laag","droog","licht"
"2410","hoog","droog","licht"
"2411","laag","droog","sterk"
"2412","laag","nat","licht"
"2413","gemiddeld","nat","licht"
"2414","gemiddeld","droog","licht"
"2415","gemiddeld","nat","licht"
"2416","hoog","nat","licht"
"2417","laag","droog","sterk"
"2418","gemiddeld","nat","licht"
"2419","laag","droog","sterk"
"2420","gemiddeld","droog","licht"
"2421","hoog","nat","licht"
"2422","gemiddeld","droog","licht"
"2423","laag","droog","sterk"
"2424","gemiddeld","droog","licht"
"2425","gemiddeld","droog","licht"
"2426","gemiddeld","nat","licht"
"2427","hoog","nat","licht"
"2428","gemiddeld","droog","licht"
"2429","laag","nat","licht"
"2430","hoog","droog","licht"
"2431","laag","nat","licht"
"2432","gemiddeld","nat","licht"
"2433","laag","droog","licht"
"2434","hoog","nat","licht"
"2435","hoog","droog","licht"
"2436","laag","nat","sterk"
"2437","laag","droog","licht"
"2438","gemiddeld","droog","licht"
"2439","gemiddeld","droog","licht"
"2440","laag","nat","licht"
"2441","hoog","nat","licht"
"2442","hoog","nat","licht"
"2443","laag","nat","licht"
"2444","gemiddeld","droog","licht"
"2445","gemiddeld","nat","licht"
"2446","laag","nat","licht"
"2447","gemiddeld","droog","licht"
"2448","laag","droog","sterk"
"2449","gemiddeld","nat","licht"
"2450","hoog","nat","licht"
"2451","gemiddeld","droog","licht"
"2452","laag","droog","licht"
"2453","hoog","nat","licht"
"2454","laag","droog","licht"
"2455","gemiddeld","nat","licht"
"2456","hoog","droog","licht"
"2457","laag","nat","licht"
"2458","laag","droog","sterk"
"2459","gemiddeld","nat","licht"
"2460","hoog","droog","licht"
"2461","hoog","droog","licht"
"2462","hoog","nat","licht"
"2463","laag","droog","licht"
"2464","gemiddeld","nat","licht"
"2465","gemiddeld","droog","licht"
"2466","hoog","droog","licht"
"2467","hoog","nat","licht"
"2468","laag","nat","licht"
"2469","hoog","nat","licht"
"2470","gemiddeld","droog","licht"
"2471","laag","droog","licht"
"2472","hoog","droog","licht"
"2473","gemiddeld","droog","licht"
"2474","hoog","nat","licht"
"2475","gemiddeld","droog","sterk"
"2476","gemiddeld","nat","licht"
"2477","hoog","droog","licht"
"2478","hoog","nat","licht"
"2479","hoog","nat","licht"
"2480","hoog","nat","licht"
"2481","gemiddeld","droog","licht"
"2482","hoog","droog","licht"
"2483","laag","droog","licht"
"2484","hoog","nat","licht"
"2485","hoog","droog","licht"
"2486","gemiddeld","nat","sterk"
"2487","hoog","nat","licht"
"2488","gemiddeld","droog","licht"
"2489","hoog","droog","licht"
"2490","gemiddeld","droog","sterk"
"2491","hoog","nat","licht"
"2492","hoog","droog","licht"
"2493","laag","droog","licht"
"2494","hoog","droog","licht"
"2495","gemiddeld","droog","licht"
"2496","laag","nat","licht"
"2497","hoog","nat","sterk"
"2498","laag","droog","licht"
"2499","hoog","nat","licht"
"2500","hoog","nat","sterk"
"2501","gemiddeld","droog","licht"
"2502","hoog","droog","licht"
"2503","laag","droog","sterk"
"2504","gemiddeld","droog","licht"
"2505","laag","nat","sterk"
"2506","gemiddeld","nat","licht"
"2507","laag","nat","licht"
"2508","hoog","nat","licht"
"2509","hoog","nat","licht"
"2510","hoog","nat","licht"
"2511","hoog","nat","licht"
"2512","gemiddeld","droog","licht"
"2513","gemiddeld","droog","licht"
"2514","laag","droog","sterk"
"2515","gemiddeld","droog","licht"
"2516","hoog","nat","licht"
"2517","gemiddeld","nat","licht"
"2518","laag","droog","sterk"
"2519","hoog","nat","licht"
"2520","laag","droog","licht"
"2521","hoog","droog","licht"
"2522","gemiddeld","droog","licht"
"2523","hoog","nat","licht"
"2524","hoog","nat","licht"
"2525","hoog","nat","licht"
"2526","gemiddeld","nat","licht"
"2527","hoog","nat","licht"
"2528","laag","nat","licht"
"2529","hoog","nat","licht"
"2530","laag","droog","sterk"
"2531","gemiddeld","droog","sterk"
"2532","gemiddeld","nat","licht"
"2533","gemiddeld","nat","licht"
"2534","hoog","droog","licht"
"2535","hoog","nat","licht"
"2536","laag","nat","licht"
"2537","hoog","nat","licht"
"2538","laag","nat","licht"
"2539","laag","droog","licht"
"2540","hoog","droog","sterk"
"2541","laag","nat","licht"
"2542","hoog","nat","licht"
"2543","laag","nat","licht"
"2544","gemiddeld","nat","licht"
"2545","laag","nat","sterk"
"2546","gemiddeld","nat","sterk"
"2547","hoog","droog","sterk"
"2548","gemiddeld","nat","licht"
"2549","laag","droog","sterk"
"2550","hoog","droog","licht"
"2551","laag","nat","licht"
"2552","hoog","droog","licht"
"2553","gemiddeld","nat","licht"
"2554","laag","droog","sterk"
"2555","gemiddeld","nat","licht"
"2556","laag","droog","licht"
"2557","gemiddeld","nat","licht"
"2558","gemiddeld","droog","licht"
"2559","gemiddeld","nat","licht"
"2560","hoog","nat","sterk"
"2561","hoog","nat","licht"
"2562","gemiddeld","droog","licht"
"2563","laag","droog","licht"
"2564","hoog","nat","sterk"
"2565","laag","nat","licht"
"2566","laag","nat","licht"
"2567","laag","nat","licht"
"2568","hoog","droog","licht"
"2569","gemiddeld","nat","licht"
"2570","gemiddeld","droog","licht"
"2571","gemiddeld","nat","sterk"
"2572","gemiddeld","droog","licht"
"2573","gemiddeld","nat","licht"
"2574","hoog","droog","sterk"
"2575","laag","droog","licht"
"2576","laag","droog","licht"
"2577","laag","droog","sterk"
"2578","laag","droog","licht"
"2579","gemiddeld","droog","sterk"
"2580","hoog","droog","licht"
"2581","laag","droog","licht"
"2582","gemiddeld","nat","sterk"
"2583","gemiddeld","droog","licht"
"2584","gemiddeld","droog","sterk"
"2585","gemiddeld","nat","licht"
"2586","gemiddeld","droog","licht"
"2587","laag","nat","sterk"
"2588","gemiddeld","droog","licht"
"2589","laag","droog","sterk"
"2590","hoog","nat","licht"
"2591","gemiddeld","nat","sterk"
"2592","hoog","nat","licht"
"2593","hoog","nat","licht"
"2594","hoog","nat","sterk"
"2595","gemiddeld","droog","licht"
"2596","gemiddeld","nat","licht"
"2597","hoog","nat","sterk"
"2598","hoog","nat","licht"
"2599","gemiddeld","droog","licht"
"2600","gemiddeld","droog","sterk"
"2601","gemiddeld","droog","licht"
"2602","hoog","droog","licht"
"2603","laag","droog","licht"
"2604","gemiddeld","droog","licht"
"2605","hoog","nat","licht"
"2606","gemiddeld","droog","licht"
"2607","hoog","droog","licht"
"2608","gemiddeld","droog","sterk"
"2609","laag","droog","licht"
"2610","hoog","nat","sterk"
"2611","gemiddeld","nat","sterk"
"2612","laag","nat","licht"
"2613","hoog","droog","licht"
"2614","gemiddeld","droog","licht"
"2615","hoog","nat","sterk"
"2616","hoog","droog","licht"
"2617","hoog","nat","sterk"
"2618","hoog","droog","licht"
"2619","gemiddeld","droog","licht"
"2620","gemiddeld","nat","licht"
"2621","hoog","nat","licht"
"2622","hoog","nat","sterk"
"2623","laag","nat","licht"
"2624","hoog","droog","licht"
"2625","gemiddeld","droog","licht"
"2626","hoog","nat","sterk"
"2627","gemiddeld","droog","licht"
"2628","gemiddeld","nat","licht"
"2629","gemiddeld","nat","licht"
"2630","gemiddeld","droog","licht"
"2631","hoog","droog","sterk"
"2632","laag","droog","licht"
"2633","gemiddeld","nat","licht"
"2634","hoog","droog","licht"
"2635","laag","droog","licht"
"2636","hoog","droog","licht"
"2637","hoog","droog","sterk"
"2638","hoog","nat","licht"
"2639","laag","droog","licht"
"2640","laag","nat","licht"
"2641","hoog","nat","sterk"
"2642","hoog","nat","licht"
"2643","laag","nat","licht"
"2644","gemiddeld","droog","sterk"
"2645","gemiddeld","droog","licht"
"2646","laag","nat","licht"
"2647","hoog","droog","sterk"
"2648","hoog","droog","licht"
"2649","gemiddeld","nat","licht"
"2650","hoog","droog","licht"
"2651","hoog","droog","licht"
"2652","hoog","nat","licht"
"2653","laag","nat","sterk"
"2654","hoog","droog","licht"
"2655","hoog","droog","licht"
"2656","gemiddeld","nat","sterk"
"2657","hoog","nat","licht"
"2658","hoog","droog","licht"
"2659","hoog","nat","licht"
"2660","hoog","nat","licht"
"2661","hoog","droog","licht"
"2662","hoog","nat","licht"
"2663","hoog","nat","licht"
"2664","hoog","droog","licht"
"2665","gemiddeld","nat","licht"
"2666","laag","droog","licht"
"2667","hoog","droog","licht"
"2668","laag","droog","licht"
"2669","hoog","nat","licht"
"2670","laag","nat","licht"
"2671","gemiddeld","nat","licht"
"2672","laag","droog","licht"
"2673","hoog","nat","licht"
"2674","gemiddeld","droog","licht"
"2675","laag","nat","licht"
"2676","hoog","droog","licht"
"2677","gemiddeld","droog","licht"
"2678","gemiddeld","droog","licht"
"2679","gemiddeld","droog","licht"
"2680","gemiddeld","droog","licht"
"2681","hoog","nat","licht"
"2682","hoog","droog","licht"
"2683","hoog","droog","licht"
"2684","hoog","droog","licht"
"2685","hoog","droog","sterk"
"2686","laag","droog","sterk"
"2687","laag","droog","licht"
"2688","hoog","droog","licht"
"2689","laag","droog","sterk"
"2690","hoog","nat","licht"
"2691","laag","nat","licht"
"2692","gemiddeld","nat","licht"
"2693","hoog","nat","licht"
"2694","hoog","droog","licht"
"2695","hoog","droog","licht"
"2696","laag","nat","licht"
"2697","gemiddeld","droog","licht"
"2698","hoog","nat","licht"
"2699","hoog","droog","licht"
"2700","laag","nat","licht"
"2701","hoog","droog","sterk"
"2702","gemiddeld","droog","sterk"
"2703","laag","droog","licht"
"2704","gemiddeld","droog","licht"
"2705","gemiddeld","nat","licht"
"2706","gemiddeld","droog","licht"
"2707","gemiddeld","droog","sterk"
"2708","laag","nat","licht"
"2709","hoog","droog","licht"
"2710","hoog","droog","licht"
"2711","hoog","nat","licht"
"2712","hoog","nat","licht"
"2713","hoog","droog","licht"
"2714","gemiddeld","droog","licht"
"2715","hoog","nat","licht"
"2716","gemiddeld","droog","licht"
"2717","gemiddeld","nat","licht"
"2718","laag","nat","licht"
"2719","hoog","droog","licht"
"2720","hoog","droog","licht"
"2721","hoog","nat","licht"
"2722","laag","nat","licht"
"2723","hoog","droog","licht"
"2724","gemiddeld","droog","licht"
"2725","hoog","nat","licht"
"2726","laag","nat","licht"
"2727","hoog","droog","sterk"
"2728","gemiddeld","nat","licht"
"2729","laag","nat","licht"
"2730","gemiddeld","nat","licht"
"2731","hoog","nat","licht"
"2732","gemiddeld","droog","licht"
"2733","hoog","droog","licht"
"2734","hoog","nat","sterk"
"2735","hoog","droog","licht"
"2736","hoog","nat","licht"
"2737","gemiddeld","droog","licht"
"2738","gemiddeld","nat","licht"
"2739","hoog","nat","licht"
"2740","hoog","droog","licht"
"2741","gemiddeld","nat","licht"
"2742","laag","droog","licht"
"2743","hoog","droog","licht"
"2744","hoog","nat","licht"
"2745","laag","droog","sterk"
"2746","hoog","nat","licht"
"2747","laag","droog","licht"
"2748","hoog","nat","licht"
"2749","laag","droog","licht"
"2750","gemiddeld","droog","sterk"
"2751","gemiddeld","droog","sterk"
"2752","laag","droog","sterk"
"2753","laag","droog","licht"
"2754","hoog","nat","licht"
"2755","gemiddeld","droog","licht"
"2756","hoog","nat","licht"
"2757","laag","droog","licht"
"2758","gemiddeld","nat","licht"
"2759","gemiddeld","nat","licht"
"2760","hoog","droog","licht"
"2761","hoog","droog","licht"
"2762","hoog","nat","sterk"
"2763","hoog","nat","licht"
"2764","gemiddeld","droog","licht"
"2765","hoog","nat","licht"
"2766","laag","droog","licht"
"2767","hoog","nat","licht"
"2768","gemiddeld","droog","licht"
"2769","gemiddeld","droog","licht"
"2770","hoog","nat","licht"
"2771","gemiddeld","droog","licht"
"2772","hoog","nat","licht"
"2773","hoog","droog","licht"
"2774","hoog","nat","licht"
"2775","hoog","nat","licht"
"2776","hoog","nat","licht"
"2777","laag","nat","sterk"
"2778","hoog","nat","licht"
"2779","gemiddeld","nat","licht"
"2780","laag","nat","licht"
"2781","hoog","nat","licht"
"2782","hoog","droog","licht"
"2783","hoog","nat","sterk"
"2784","laag","nat","licht"
"2785","gemiddeld","nat","licht"
"2786","laag","nat","licht"
"2787","laag","droog","licht"
"2788","hoog","nat","licht"
"2789","gemiddeld","droog","licht"
"2790","hoog","droog","licht"
"2791","gemiddeld","nat","sterk"
"2792","laag","droog","licht"
"2793","hoog","nat","licht"
"2794","hoog","droog","licht"
"2795","laag","nat","sterk"
"2796","gemiddeld","droog","licht"
"2797","gemiddeld","droog","sterk"
"2798","laag","droog","sterk"
"2799","laag","nat","sterk"
"2800","gemiddeld","droog","licht"
"2801","laag","nat","licht"
"2802","gemiddeld","droog","licht"
"2803","gemiddeld","droog","licht"
"2804","hoog","nat","licht"
"2805","hoog","droog","licht"
"2806","laag","nat","licht"
"2807","hoog","droog","licht"
"2808","hoog","droog","licht"
"2809","hoog","droog","licht"
"2810","hoog","nat","licht"
"2811","hoog","droog","licht"
"2812","hoog","droog","licht"
"2813","gemiddeld","nat","sterk"
"2814","laag","droog","sterk"
"2815","hoog","droog","licht"
"2816","hoog","droog","licht"
"2817","hoog","nat","licht"
"2818","gemiddeld","droog","sterk"
"2819","hoog","droog","licht"
"2820","hoog","nat","sterk"
"2821","laag","droog","sterk"
"2822","hoog","nat","licht"
"2823","gemiddeld","droog","licht"
"2824","gemiddeld","droog","licht"
"2825","hoog","droog","sterk"
"2826","gemiddeld","droog","licht"
"2827","gemiddeld","droog","licht"
"2828","laag","nat","licht"
"2829","hoog","nat","licht"
"2830","hoog","nat","licht"
"2831","gemiddeld","droog","licht"
"2832","gemiddeld","droog","licht"
"2833","gemiddeld","droog","sterk"
"2834","hoog","nat","licht"
"2835","laag","droog","licht"
"2836","gemiddeld","nat","licht"
"2837","laag","droog","licht"
"2838","laag","droog","licht"
"2839","laag","droog","licht"
"2840","gemiddeld","nat","licht"
"2841","laag","droog","sterk"
"2842","gemiddeld","nat","licht"
"2843","gemiddeld","droog","licht"
"2844","gemiddeld","nat","licht"
"2845","laag","droog","licht"
"2846","hoog","nat","licht"
"2847","laag","droog","licht"
"2848","gemiddeld","nat","licht"
"2849","laag","droog","licht"
"2850","gemiddeld","nat","licht"
"2851","gemiddeld","droog","licht"
"2852","laag","nat","sterk"
"2853","hoog","droog","licht"
"2854","hoog","nat","licht"
"2855","gemiddeld","droog","licht"
"2856","gemiddeld","droog","licht"
"2857","hoog","droog","licht"
"2858","hoog","nat","licht"
"2859","gemiddeld","droog","licht"
"2860","hoog","droog","licht"
"2861","hoog","nat","licht"
"2862","hoog","nat","licht"
"2863","laag","droog","sterk"
"2864","hoog","nat","sterk"
"2865","laag","droog","licht"
"2866","gemiddeld","droog","licht"
"2867","laag","nat","licht"
"2868","hoog","droog","sterk"
"2869","laag","droog","sterk"
"2870","hoog","nat","licht"
"2871","gemiddeld","droog","licht"
"2872","laag","droog","licht"
"2873","laag","droog","licht"
"2874","hoog","nat","licht"
"2875","gemiddeld","nat","licht"
"2876","gemiddeld","droog","licht"
"2877","laag","droog","licht"
"2878","gemiddeld","droog","licht"
"2879","laag","droog","licht"
"2880","hoog","nat","licht"
"2881","gemiddeld","droog","licht"
"2882","gemiddeld","nat","sterk"
"2883","hoog","nat","licht"
"2884","gemiddeld","droog","licht"
"2885","hoog","droog","licht"
"2886","hoog","nat","licht"
"2887","gemiddeld","nat","licht"
"2888","gemiddeld","droog","sterk"
"2889","hoog","droog","licht"
"2890","hoog","droog","licht"
"2891","hoog","droog","licht"
"2892","laag","nat","licht"
"2893","laag","droog","sterk"
"2894","gemiddeld","nat","sterk"
"2895","hoog","droog","licht"
"2896","gemiddeld","droog","sterk"
"2897","gemiddeld","nat","sterk"
"2898","laag","nat","licht"
"2899","hoog","droog","licht"
"2900","laag","droog","licht"
"2901","hoog","droog","licht"
"2902","hoog","droog","licht"
"2903","gemiddeld","nat","licht"
"2904","gemiddeld","nat","licht"
"2905","gemiddeld","droog","sterk"
"2906","hoog","droog","licht"
"2907","gemiddeld","droog","licht"
"2908","gemiddeld","droog","sterk"
"2909","gemiddeld","droog","licht"
"2910","gemiddeld","droog","licht"
"2911","hoog","nat","sterk"
"2912","hoog","droog","licht"
"2913","gemiddeld","nat","licht"
"2914","hoog","nat","licht"
"2915","laag","nat","licht"
"2916","laag","droog","sterk"
"2917","gemiddeld","nat","sterk"
"2918","gemiddeld","droog","licht"
"2919","laag","nat","licht"
"2920","gemiddeld","droog","sterk"
"2921","hoog","nat","sterk"
"2922","hoog","droog","licht"
"2923","gemiddeld","droog","licht"
"2924","laag","droog","licht"
"2925","gemiddeld","nat","licht"
"2926","laag","nat","licht"
"2927","hoog","nat","licht"
"2928","gemiddeld","droog","licht"
"2929","hoog","droog","licht"
"2930","gemiddeld","droog","licht"
"2931","laag","nat","sterk"
"2932","laag","droog","licht"
"2933","hoog","nat","licht"
"2934","gemiddeld","nat","licht"
"2935","laag","nat","licht"
"2936","gemiddeld","droog","licht"
"2937","hoog","droog","licht"
"2938","hoog","droog","licht"
"2939","hoog","droog","licht"
"2940","gemiddeld","nat","licht"
"2941","hoog","nat","sterk"
"2942","laag","nat","licht"
"2943","hoog","nat","licht"
"2944","gemiddeld","droog","licht"
"2945","hoog","droog","licht"
"2946","hoog","droog","licht"
"2947","hoog","droog","licht"
"2948","laag","droog","sterk"
"2949","laag","droog","licht"
"2950","gemiddeld","nat","sterk"
"2951","hoog","nat","sterk"
"2952","gemiddeld","droog","licht"
"2953","laag","droog","sterk"
"2954","gemiddeld","droog","licht"
"2955","gemiddeld","nat","sterk"
"2956","gemiddeld","droog","licht"
"2957","hoog","nat","sterk"
"2958","hoog","droog","licht"
"2959","hoog","nat","licht"
"2960","hoog","nat","licht"
"2961","hoog","droog","licht"
"2962","gemiddeld","nat","licht"
"2963","hoog","nat","licht"
"2964","gemiddeld","nat","licht"
"2965","gemiddeld","nat","licht"
"2966","laag","droog","licht"
"2967","gemiddeld","droog","licht"
"2968","hoog","nat","licht"
"2969","laag","droog","licht"
"2970","hoog","droog","licht"
"2971","gemiddeld","droog","licht"
"2972","hoog","nat","licht"
"2973","laag","droog","licht"
"2974","laag","nat","licht"
"2975","gemiddeld","droog","licht"
"2976","laag","droog","licht"
"2977","hoog","nat","licht"
"2978","hoog","nat","sterk"
"2979","gemiddeld","droog","licht"
"2980","gemiddeld","nat","licht"
"2981","gemiddeld","nat","licht"
"2982","hoog","nat","licht"
"2983","hoog","nat","licht"
"2984","laag","nat","sterk"
"2985","hoog","nat","licht"
"2986","hoog","nat","licht"
"2987","laag","nat","licht"
"2988","gemiddeld","droog","licht"
"2989","laag","nat","sterk"
"2990","laag","nat","licht"
"2991","gemiddeld","droog","licht"
"2992","gemiddeld","droog","licht"
"2993","hoog","droog","licht"
"2994","gemiddeld","droog","licht"
"2995","laag","droog","licht"
"2996","hoog","droog","licht"
"2997","hoog","nat","licht"
"2998","hoog","droog","licht"
"2999","hoog","nat","licht"
"3000","gemiddeld","nat","sterk"
"3001","laag","droog","sterk"
"3002","gemiddeld","droog","sterk"
"3003","hoog","droog","licht"
"3004","hoog","nat","licht"
"3005","laag","nat","licht"
"3006","laag","droog","sterk"
"3007","hoog","nat","licht"
"3008","hoog","nat","sterk"
"3009","gemiddeld","droog","licht"
"3010","laag","droog","licht"
"3011","gemiddeld","nat","licht"
"3012","hoog","droog","licht"
"3013","laag","droog","licht"
"3014","laag","droog","licht"
"3015","laag","nat","licht"
"3016","gemiddeld","droog","licht"
"3017","gemiddeld","nat","licht"
"3018","hoog","droog","licht"
"3019","gemiddeld","nat","licht"
"3020","laag","nat","licht"
"3021","hoog","nat","licht"
"3022","hoog","nat","licht"
"3023","hoog","nat","licht"
"3024","hoog","nat","licht"
"3025","hoog","nat","licht"
"3026","hoog","droog","licht"
"3027","gemiddeld","nat","licht"
"3028","hoog","droog","licht"
"3029","gemiddeld","droog","licht"
"3030","hoog","droog","licht"
"3031","gemiddeld","droog","licht"
"3032","hoog","nat","licht"
"3033","gemiddeld","droog","licht"
"3034","gemiddeld","nat","licht"
"3035","laag","nat","licht"
"3036","hoog","nat","licht"
"3037","gemiddeld","droog","licht"
"3038","hoog","droog","licht"
"3039","laag","nat","licht"
"3040","hoog","nat","sterk"
"3041","hoog","nat","licht"
"3042","hoog","droog","sterk"
"3043","gemiddeld","droog","licht"
"3044","hoog","nat","licht"
"3045","laag","droog","licht"
"3046","hoog","droog","licht"
"3047","hoog","nat","sterk"
"3048","hoog","nat","licht"
"3049","hoog","nat","licht"
"3050","laag","droog","sterk"
"3051","hoog","droog","licht"
"3052","gemiddeld","nat","licht"
"3053","gemiddeld","nat","licht"
"3054","hoog","droog","licht"
"3055","gemiddeld","nat","sterk"
"3056","gemiddeld","droog","licht"
"3057","hoog","nat","licht"
"3058","hoog","nat","sterk"
"3059","laag","droog","licht"
"3060","hoog","nat","sterk"
"3061","gemiddeld","droog","licht"
"3062","laag","nat","sterk"
"3063","laag","nat","licht"
"3064","gemiddeld","nat","licht"
"3065","hoog","droog","licht"
"3066","hoog","nat","sterk"
"3067","laag","nat","licht"
"3068","gemiddeld","nat","licht"
"3069","laag","droog","licht"
"3070","laag","droog","licht"
"3071","hoog","droog","licht"
"3072","hoog","droog","licht"
"3073","gemiddeld","droog","licht"
"3074","laag","nat","licht"
"3075","laag","nat","sterk"
"3076","gemiddeld","droog","licht"
"3077","gemiddeld","droog","licht"
"3078","gemiddeld","droog","licht"
"3079","laag","droog","sterk"
"3080","laag","droog","licht"
"3081","gemiddeld","nat","licht"
"3082","gemiddeld","droog","licht"
"3083","gemiddeld","droog","licht"
"3084","laag","droog","licht"
"3085","hoog","droog","licht"
"3086","gemiddeld","droog","sterk"
"3087","hoog","nat","licht"
"3088","laag","nat","licht"
"3089","hoog","droog","licht"
"3090","hoog","nat","licht"
"3091","gemiddeld","nat","licht"
"3092","gemiddeld","nat","licht"
"3093","gemiddeld","droog","licht"
"3094","laag","droog","licht"
"3095","hoog","nat","licht"
"3096","gemiddeld","nat","licht"
"3097","gemiddeld","nat","licht"
"3098","hoog","nat","licht"
"3099","gemiddeld","droog","licht"
"3100","laag","nat","licht"
"3101","hoog","droog","sterk"
"3102","hoog","nat","licht"
"3103","gemiddeld","droog","licht"
"3104","hoog","droog","licht"
"3105","laag","droog","licht"
"3106","hoog","nat","licht"
"3107","gemiddeld","droog","licht"
"3108","hoog","nat","licht"
"3109","laag","droog","sterk"
"3110","laag","droog","licht"
"3111","gemiddeld","droog","licht"
"3112","hoog","droog","licht"
"3113","laag","nat","licht"
"3114","gemiddeld","droog","licht"
"3115","gemiddeld","nat","licht"
"3116","hoog","droog","sterk"
"3117","hoog","nat","licht"
"3118","laag","nat","licht"
"3119","hoog","nat","licht"
"3120","gemiddeld","nat","licht"
"3121","gemiddeld","droog","licht"
"3122","hoog","nat","licht"
"3123","hoog","droog","licht"
"3124","hoog","nat","licht"
"3125","gemiddeld","droog","licht"
"3126","hoog","droog","licht"
"3127","gemiddeld","droog","licht"
"3128","laag","nat","licht"
"3129","hoog","nat","licht"
"3130","laag","nat","sterk"
"3131","hoog","droog","licht"
"3132","laag","droog","licht"
"3133","laag","nat","licht"
"3134","laag","nat","licht"
"3135","gemiddeld","nat","licht"
"3136","hoog","nat","sterk"
"3137","laag","droog","licht"
"3138","laag","droog","licht"
"3139","hoog","nat","licht"
"3140","laag","droog","licht"
"3141","gemiddeld","droog","licht"
"3142","gemiddeld","nat","sterk"
"3143","hoog","droog","licht"
"3144","laag","droog","sterk"
"3145","gemiddeld","nat","licht"
"3146","gemiddeld","droog","licht"
"3147","gemiddeld","droog","licht"
"3148","laag","droog","licht"
"3149","hoog","droog","licht"
"3150","gemiddeld","droog","licht"
"3151","hoog","droog","licht"
"3152","gemiddeld","nat","licht"
"3153","laag","nat","licht"
"3154","laag","nat","sterk"
"3155","gemiddeld","droog","licht"
"3156","gemiddeld","nat","sterk"
"3157","gemiddeld","droog","licht"
"3158","hoog","nat","licht"
"3159","gemiddeld","nat","licht"
"3160","hoog","droog","licht"
"3161","hoog","nat","licht"
"3162","hoog","droog","licht"
"3163","laag","nat","licht"
"3164","gemiddeld","droog","licht"
"3165","hoog","droog","licht"
"3166","hoog","droog","sterk"
"3167","hoog","nat","licht"
"3168","gemiddeld","droog","licht"
"3169","laag","droog","sterk"
"3170","laag","droog","licht"
"3171","laag","droog","licht"
"3172","hoog","droog","licht"
"3173","hoog","droog","sterk"
"3174","hoog","droog","licht"
"3175","gemiddeld","droog","sterk"
"3176","laag","droog","sterk"
"3177","gemiddeld","nat","licht"
"3178","hoog","droog","licht"
"3179","gemiddeld","droog","licht"
"3180","gemiddeld","droog","licht"
"3181","hoog","droog","licht"
"3182","laag","nat","licht"
"3183","hoog","nat","licht"
"3184","hoog","nat","licht"
"3185","gemiddeld","droog","licht"
"3186","gemiddeld","nat","sterk"
"3187","laag","nat","licht"
"3188","gemiddeld","droog","licht"
"3189","hoog","droog","licht"
"3190","hoog","nat","licht"
"3191","hoog","nat","licht"
"3192","laag","nat","licht"
"3193","laag","nat","licht"
"3194","laag","droog","licht"
"3195","hoog","nat","licht"
"3196","laag","droog","sterk"
"3197","hoog","nat","licht"
"3198","gemiddeld","droog","licht"
"3199","gemiddeld","droog","licht"
"3200","hoog","nat","licht"
"3201","gemiddeld","nat","licht"
"3202","laag","droog","licht"
"3203","gemiddeld","nat","licht"
"3204","laag","nat","licht"
"3205","hoog","nat","licht"
"3206","gemiddeld","nat","licht"
"3207","gemiddeld","droog","licht"
"3208","hoog","droog","sterk"
"3209","gemiddeld","nat","sterk"
"3210","gemiddeld","nat","licht"
"3211","laag","droog","licht"
"3212","hoog","droog","sterk"
"3213","gemiddeld","nat","licht"
"3214","hoog","droog","licht"
"3215","laag","droog","licht"
"3216","gemiddeld","nat","licht"
"3217","gemiddeld","nat","licht"
"3218","hoog","nat","licht"
"3219","gemiddeld","nat","licht"
"3220","gemiddeld","droog","licht"
"3221","laag","droog","sterk"
"3222","laag","droog","sterk"
"3223","hoog","droog","sterk"
"3224","hoog","nat","licht"
"3225","gemiddeld","nat","licht"
"3226","laag","nat","sterk"
"3227","hoog","droog","licht"
"3228","gemiddeld","nat","sterk"
"3229","gemiddeld","droog","licht"
"3230","laag","droog","sterk"
"3231","laag","nat","licht"
"3232","hoog","droog","licht"
"3233","hoog","nat","licht"
"3234","laag","nat","licht"
"3235","hoog","nat","licht"
"3236","gemiddeld","nat","licht"
"3237","gemiddeld","droog","licht"
"3238","gemiddeld","droog","licht"
"3239","laag","droog","licht"
"3240","gemiddeld","droog","sterk"
"3241","gemiddeld","droog","licht"
"3242","gemiddeld","droog","licht"
"3243","gemiddeld","droog","licht"
"3244","hoog","nat","licht"
"3245","hoog","nat","licht"
"3246","gemiddeld","droog","licht"
"3247","hoog","droog","sterk"
"3248","gemiddeld","droog","licht"
"3249","gemiddeld","droog","licht"
"3250","laag","nat","licht"
"3251","hoog","droog","licht"
"3252","hoog","droog","licht"
"3253","laag","droog","licht"
"3254","gemiddeld","droog","licht"
"3255","hoog","droog","licht"
"3256","gemiddeld","nat","licht"
"3257","hoog","droog","sterk"
"3258","gemiddeld","nat","licht"
"3259","gemiddeld","droog","licht"
"3260","hoog","nat","licht"
"3261","gemiddeld","droog","licht"
"3262","hoog","nat","licht"
"3263","hoog","droog","licht"
"3264","hoog","droog","licht"
"3265","laag","nat","licht"
"3266","hoog","droog","sterk"
"3267","hoog","droog","sterk"
"3268","laag","droog","sterk"
"3269","hoog","droog","sterk"
"3270","laag","nat","licht"
"3271","gemiddeld","droog","licht"
"3272","hoog","nat","licht"
"3273","laag","droog","licht"
"3274","gemiddeld","droog","sterk"
"3275","gemiddeld","nat","licht"
"3276","laag","droog","licht"
"3277","gemiddeld","nat","sterk"
"3278","hoog","nat","licht"
"3279","hoog","droog","licht"
"3280","gemiddeld","nat","licht"
"3281","laag","nat","sterk"
"3282","hoog","droog","licht"
"3283","gemiddeld","nat","sterk"
"3284","gemiddeld","nat","licht"
"3285","gemiddeld","droog","licht"
"3286","gemiddeld","droog","licht"
"3287","laag","nat","licht"
"3288","gemiddeld","droog","licht"
"3289","laag","nat","licht"
"3290","laag","droog","licht"
"3291","hoog","droog","licht"
"3292","laag","nat","licht"
"3293","gemiddeld","nat","licht"
"3294","hoog","droog","sterk"
"3295","hoog","nat","licht"
"3296","laag","droog","licht"
"3297","laag","droog","sterk"
"3298","laag","droog","licht"
"3299","gemiddeld","droog","licht"
"3300","laag","droog","sterk"
"3301","gemiddeld","droog","licht"
"3302","gemiddeld","nat","licht"
"3303","hoog","droog","sterk"
"3304","hoog","nat","licht"
"3305","gemiddeld","nat","licht"
"3306","laag","nat","licht"
"3307","hoog","nat","sterk"
"3308","gemiddeld","nat","licht"
"3309","gemiddeld","nat","licht"
"3310","laag","droog","licht"
"3311","gemiddeld","droog","licht"
"3312","laag","droog","licht"
"3313","hoog","droog","sterk"
"3314","gemiddeld","droog","sterk"
"3315","hoog","nat","licht"
"3316","laag","droog","sterk"
"3317","hoog","droog","licht"
"3318","laag","nat","licht"
"3319","gemiddeld","nat","licht"
"3320","laag","nat","licht"
"3321","gemiddeld","droog","licht"
"3322","laag","droog","licht"
"3323","gemiddeld","nat","licht"
"3324","laag","nat","licht"
"3325","hoog","nat","licht"
"3326","hoog","droog","licht"
"3327","gemiddeld","droog","licht"
"3328","hoog","nat","licht"
"3329","hoog","nat","licht"
"3330","hoog","nat","licht"
"3331","hoog","nat","licht"
"3332","gemiddeld","droog","licht"
"3333","hoog","nat","licht"
"3334","hoog","droog","licht"
"3335","hoog","droog","sterk"
"3336","hoog","nat","licht"
"3337","laag","nat","licht"
"3338","gemiddeld","nat","sterk"
"3339","laag","droog","licht"
"3340","hoog","droog","licht"
"3341","hoog","droog","licht"
"3342","hoog","nat","licht"
"3343","laag","droog","sterk"
"3344","gemiddeld","droog","licht"
"3345","hoog","droog","licht"
"3346","hoog","nat","sterk"
"3347","hoog","droog","licht"
"3348","laag","droog","sterk"
"3349","hoog","nat","licht"
"3350","hoog","nat","licht"
"3351","gemiddeld","nat","licht"
"3352","laag","droog","licht"
"3353","hoog","droog","sterk"
"3354","hoog","nat","sterk"
"3355","laag","droog","licht"
"3356","hoog","nat","licht"
"3357","laag","nat","licht"
"3358","laag","droog","licht"
"3359","laag","droog","licht"
"3360","gemiddeld","nat","licht"
"3361","gemiddeld","droog","licht"
"3362","laag","droog","licht"
"3363","laag","droog","sterk"
"3364","gemiddeld","nat","licht"
"3365","gemiddeld","nat","licht"
"3366","gemiddeld","nat","licht"
"3367","laag","droog","licht"
"3368","hoog","droog","sterk"
"3369","gemiddeld","nat","licht"
"3370","gemiddeld","nat","licht"
"3371","gemiddeld","nat","licht"
"3372","hoog","nat","licht"
"3373","hoog","nat","licht"
"3374","hoog","droog","licht"
"3375","hoog","droog","licht"
"3376","hoog","droog","sterk"
"3377","laag","droog","sterk"
"3378","gemiddeld","droog","licht"
"3379","gemiddeld","droog","licht"
"3380","gemiddeld","droog","licht"
"3381","hoog","droog","licht"
"3382","gemiddeld","droog","licht"
"3383","hoog","droog","sterk"
"3384","hoog","droog","licht"
"3385","hoog","droog","licht"
"3386","laag","droog","sterk"
"3387","laag","nat","licht"
"3388","gemiddeld","nat","licht"
"3389","gemiddeld","droog","licht"
"3390","hoog","nat","licht"
"3391","hoog","nat","licht"
"3392","laag","droog","sterk"
"3393","hoog","droog","licht"
"3394","hoog","nat","licht"
"3395","hoog","nat","sterk"
"3396","gemiddeld","nat","licht"
"3397","laag","nat","licht"
"3398","gemiddeld","droog","licht"
"3399","hoog","nat","licht"
"3400","laag","nat","sterk"
"3401","laag","droog","sterk"
"3402","hoog","nat","licht"
"3403","hoog","droog","licht"
"3404","gemiddeld","nat","licht"
"3405","hoog","nat","licht"
"3406","gemiddeld","nat","licht"
"3407","laag","droog","licht"
"3408","hoog","droog","licht"
"3409","hoog","droog","sterk"
"3410","laag","droog","licht"
"3411","hoog","droog","licht"
"3412","gemiddeld","droog","licht"
"3413","gemiddeld","droog","licht"
"3414","laag","nat","licht"
"3415","gemiddeld","nat","sterk"
"3416","hoog","nat","licht"
"3417","hoog","nat","licht"
"3418","gemiddeld","nat","licht"
"3419","hoog","droog","licht"
"3420","hoog","nat","sterk"
"3421","laag","droog","sterk"
"3422","laag","nat","licht"
"3423","hoog","droog","licht"
"3424","gemiddeld","droog","sterk"
"3425","laag","nat","licht"
"3426","laag","nat","licht"
"3427","laag","nat","licht"
"3428","gemiddeld","nat","licht"
"3429","hoog","droog","licht"
"3430","gemiddeld","droog","licht"
"3431","hoog","droog","sterk"
"3432","laag","nat","licht"
"3433","hoog","droog","licht"
"3434","gemiddeld","droog","licht"
"3435","laag","nat","licht"
"3436","hoog","droog","licht"
"3437","hoog","nat","licht"
"3438","hoog","droog","licht"
"3439","hoog","nat","licht"
"3440","hoog","nat","licht"
"3441","hoog","droog","licht"
"3442","laag","nat","licht"
"3443","laag","droog","licht"
"3444","hoog","nat","licht"
"3445","laag","droog","licht"
"3446","gemiddeld","droog","licht"
"3447","gemiddeld","nat","licht"
"3448","laag","droog","licht"
"3449","hoog","nat","licht"
"3450","gemiddeld","nat","licht"
"3451","hoog","nat","licht"
"3452","laag","nat","sterk"
"3453","laag","droog","licht"
"3454","laag","nat","licht"
"3455","laag","droog","licht"
"3456","laag","droog","sterk"
"3457","gemiddeld","droog","licht"
"3458","gemiddeld","droog","sterk"
"3459","laag","nat","sterk"
"3460","hoog","droog","licht"
"3461","laag","droog","licht"
"3462","hoog","droog","sterk"
"3463","hoog","droog","sterk"
"3464","hoog","droog","licht"
"3465","hoog","droog","licht"
"3466","gemiddeld","nat","licht"
"3467","laag","nat","licht"
"3468","gemiddeld","nat","licht"
"3469","laag","droog","licht"
"3470","laag","nat","sterk"
"3471","hoog","nat","sterk"
"3472","gemiddeld","droog","licht"
"3473","laag","nat","licht"
"3474","hoog","droog","licht"
"3475","hoog","droog","licht"
"3476","hoog","nat","licht"
"3477","gemiddeld","nat","licht"
"3478","hoog","nat","sterk"
"3479","laag","droog","licht"
"3480","laag","droog","sterk"
"3481","laag","nat","sterk"
"3482","hoog","nat","licht"
"3483","laag","droog","licht"
"3484","laag","droog","licht"
"3485","gemiddeld","nat","licht"
"3486","laag","droog","licht"
"3487","laag","droog","licht"
"3488","laag","nat","licht"
"3489","gemiddeld","droog","licht"
"3490","gemiddeld","nat","licht"
"3491","gemiddeld","nat","licht"
"3492","hoog","nat","licht"
"3493","hoog","nat","licht"
"3494","laag","droog","sterk"
"3495","laag","nat","licht"
"3496","gemiddeld","droog","licht"
"3497","hoog","droog","licht"
"3498","hoog","nat","licht"
"3499","hoog","droog","licht"
"3500","gemiddeld","droog","licht"
"3501","gemiddeld","nat","licht"
"3502","laag","droog","licht"
"3503","gemiddeld","droog","licht"
"3504","gemiddeld","droog","licht"
"3505","hoog","droog","licht"
"3506","laag","nat","licht"
"3507","hoog","droog","licht"
"3508","gemiddeld","nat","licht"
"3509","gemiddeld","droog","licht"
"3510","gemiddeld","droog","licht"
"3511","laag","droog","sterk"
"3512","hoog","nat","licht"
"3513","hoog","nat","licht"
"3514","hoog","droog","licht"
"3515","hoog","nat","licht"
"3516","hoog","nat","licht"
"3517","hoog","nat","sterk"
"3518","laag","droog","licht"
"3519","laag","nat","licht"
"3520","hoog","droog","licht"
"3521","gemiddeld","droog","sterk"
"3522","hoog","nat","licht"
"3523","laag","droog","licht"
"3524","laag","nat","licht"
"3525","hoog","nat","licht"
"3526","hoog","droog","licht"
"3527","gemiddeld","droog","licht"
"3528","laag","nat","licht"
"3529","laag","nat","licht"
"3530","gemiddeld","droog","licht"
"3531","gemiddeld","droog","licht"
"3532","laag","droog","licht"
"3533","laag","droog","licht"
"3534","gemiddeld","droog","licht"
"3535","gemiddeld","nat","licht"
"3536","hoog","droog","licht"
"3537","hoog","droog","licht"
"3538","laag","droog","licht"
"3539","gemiddeld","droog","licht"
"3540","gemiddeld","nat","licht"
"3541","hoog","droog","sterk"
"3542","hoog","nat","sterk"
"3543","hoog","nat","licht"
"3544","gemiddeld","droog","licht"
"3545","hoog","droog","licht"
"3546","laag","nat","licht"
"3547","laag","droog","sterk"
"3548","hoog","nat","licht"
"3549","gemiddeld","droog","licht"
"3550","hoog","nat","sterk"
"3551","hoog","droog","licht"
"3552","laag","droog","sterk"
"3553","gemiddeld","droog","licht"
"3554","hoog","nat","licht"
"3555","gemiddeld","nat","licht"
"3556","laag","nat","licht"
"3557","hoog","droog","licht"
"3558","laag","droog","sterk"
"3559","hoog","nat","licht"
"3560","laag","nat","licht"
"3561","hoog","droog","licht"
"3562","gemiddeld","droog","licht"
"3563","hoog","droog","licht"
"3564","hoog","droog","licht"
"3565","hoog","nat","licht"
"3566","gemiddeld","droog","licht"
"3567","gemiddeld","nat","licht"
"3568","gemiddeld","droog","licht"
"3569","hoog","nat","licht"
"3570","hoog","nat","sterk"
"3571","gemiddeld","nat","licht"
"3572","gemiddeld","nat","licht"
"3573","hoog","nat","licht"
"3574","hoog","nat","licht"
"3575","gemiddeld","droog","licht"
"3576","gemiddeld","droog","licht"
"3577","gemiddeld","droog","licht"
"3578","hoog","nat","licht"
"3579","hoog","nat","licht"
"3580","hoog","droog","licht"
"3581","hoog","droog","sterk"
"3582","gemiddeld","droog","licht"
"3583","hoog","droog","licht"
"3584","hoog","droog","licht"
"3585","hoog","droog","sterk"
"3586","hoog","nat","licht"
"3587","laag","droog","sterk"
"3588","hoog","droog","licht"
"3589","hoog","nat","licht"
"3590","laag","droog","licht"
"3591","laag","droog","licht"
"3592","laag","nat","licht"
"3593","hoog","droog","licht"
"3594","gemiddeld","droog","sterk"
"3595","laag","nat","licht"
"3596","hoog","nat","licht"
"3597","laag","droog","licht"
"3598","gemiddeld","nat","licht"
"3599","hoog","droog","licht"
"3600","gemiddeld","nat","licht"
"3601","laag","droog","licht"
"3602","gemiddeld","droog","licht"
"3603","gemiddeld","nat","licht"
"3604","hoog","droog","sterk"
"3605","gemiddeld","droog","licht"
"3606","laag","droog","licht"
"3607","laag","nat","licht"
"3608","hoog","nat","licht"
"3609","hoog","droog","licht"
"3610","hoog","nat","licht"
"3611","laag","droog","licht"
"3612","hoog","droog","licht"
"3613","hoog","droog","licht"
"3614","laag","nat","licht"
"3615","laag","droog","licht"
"3616","gemiddeld","droog","licht"
"3617","hoog","nat","sterk"
"3618","hoog","nat","licht"
"3619","gemiddeld","droog","licht"
"3620","hoog","nat","licht"
"3621","gemiddeld","nat","licht"
"3622","laag","nat","licht"
"3623","gemiddeld","nat","licht"
"3624","hoog","nat","licht"
"3625","gemiddeld","droog","licht"
"3626","laag","nat","licht"
"3627","laag","nat","licht"
"3628","laag","droog","licht"
"3629","gemiddeld","nat","licht"
"3630","hoog","droog","licht"
"3631","laag","droog","licht"
"3632","laag","droog","licht"
"3633","gemiddeld","nat","sterk"
"3634","gemiddeld","nat","licht"
"3635","gemiddeld","droog","sterk"
"3636","laag","nat","licht"
"3637","gemiddeld","nat","licht"
"3638","gemiddeld","droog","licht"
"3639","hoog","nat","licht"
"3640","hoog","nat","sterk"
"3641","gemiddeld","nat","licht"
"3642","hoog","droog","licht"
"3643","laag","nat","licht"
"3644","hoog","droog","licht"
"3645","laag","droog","sterk"
"3646","gemiddeld","droog","licht"
"3647","laag","nat","licht"
"3648","gemiddeld","droog","licht"
"3649","laag","droog","licht"
"3650","hoog","droog","licht"
"3651","gemiddeld","droog","licht"
"3652","laag","nat","licht"
"3653","gemiddeld","nat","licht"
"3654","gemiddeld","nat","sterk"
"3655","laag","droog","licht"
"3656","hoog","droog","licht"
"3657","gemiddeld","droog","licht"
"3658","laag","nat","licht"
"3659","hoog","nat","licht"
"3660","laag","droog","licht"
"3661","hoog","nat","licht"
"3662","hoog","droog","licht"
"3663","hoog","nat","sterk"
"3664","hoog","droog","licht"
"3665","hoog","nat","licht"
"3666","hoog","nat","licht"
"3667","laag","nat","licht"
"3668","gemiddeld","droog","licht"
"3669","hoog","droog","licht"
"3670","hoog","droog","licht"
"3671","laag","nat","licht"
"3672","laag","nat","licht"
"3673","laag","nat","licht"
"3674","laag","nat","sterk"
"3675","hoog","droog","licht"
"3676","laag","nat","licht"
"3677","gemiddeld","nat","licht"
"3678","hoog","droog","licht"
"3679","hoog","droog","sterk"
"3680","hoog","droog","sterk"
"3681","laag","droog","licht"
"3682","laag","droog","licht"
"3683","hoog","nat","licht"
"3684","laag","nat","licht"
"3685","laag","droog","licht"
"3686","hoog","nat","licht"
"3687","laag","droog","licht"
"3688","laag","droog","licht"
"3689","laag","nat","licht"
"3690","laag","nat","sterk"
"3691","laag","droog","licht"
"3692","laag","droog","licht"
"3693","gemiddeld","nat","licht"
"3694","hoog","nat","sterk"
"3695","gemiddeld","droog","licht"
"3696","gemiddeld","droog","licht"
"3697","hoog","nat","licht"
"3698","hoog","droog","licht"
"3699","gemiddeld","droog","licht"
"3700","laag","nat","licht"
"3701","hoog","droog","licht"
"3702","gemiddeld","nat","licht"
"3703","laag","droog","sterk"
"3704","laag","nat","licht"
"3705","laag","droog","licht"
"3706","gemiddeld","droog","licht"
"3707","laag","nat","licht"
"3708","hoog","droog","licht"
"3709","hoog","droog","licht"
"3710","laag","droog","licht"
"3711","hoog","droog","licht"
"3712","gemiddeld","nat","licht"
"3713","hoog","droog","licht"
"3714","hoog","droog","licht"
"3715","hoog","droog","licht"
"3716","hoog","droog","licht"
"3717","hoog","nat","sterk"
"3718","hoog","droog","licht"
"3719","gemiddeld","nat","licht"
"3720","gemiddeld","nat","licht"
"3721","gemiddeld","droog","licht"
"3722","laag","nat","licht"
"3723","hoog","droog","licht"
"3724","laag","droog","licht"
"3725","laag","droog","sterk"
"3726","hoog","droog","licht"
"3727","hoog","droog","licht"
"3728","laag","droog","licht"
"3729","gemiddeld","nat","licht"
"3730","hoog","droog","licht"
"3731","laag","droog","licht"
"3732","gemiddeld","nat","licht"
"3733","laag","droog","sterk"
"3734","laag","nat","licht"
"3735","gemiddeld","nat","licht"
"3736","laag","droog","licht"
"3737","hoog","droog","licht"
"3738","hoog","droog","licht"
"3739","gemiddeld","droog","licht"
"3740","hoog","nat","licht"
"3741","hoog","nat","licht"
"3742","hoog","nat","licht"
"3743","hoog","droog","licht"
"3744","hoog","nat","licht"
"3745","hoog","nat","licht"
"3746","laag","droog","licht"
"3747","gemiddeld","droog","licht"
"3748","hoog","nat","licht"
"3749","gemiddeld","nat","licht"
"3750","gemiddeld","nat","licht"
"3751","hoog","droog","licht"
"3752","gemiddeld","droog","licht"
"3753","hoog","droog","licht"
"3754","gemiddeld","droog","licht"
"3755","hoog","droog","sterk"
"3756","gemiddeld","droog","sterk"
"3757","hoog","droog","licht"
"3758","laag","droog","licht"
"3759","laag","nat","licht"
"3760","hoog","nat","licht"
"3761","hoog","nat","licht"
"3762","laag","droog","licht"
"3763","hoog","droog","licht"
"3764","laag","droog","licht"
"3765","laag","nat","sterk"
"3766","laag","droog","licht"
"3767","hoog","nat","licht"
"3768","hoog","droog","licht"
"3769","gemiddeld","droog","licht"
"3770","hoog","droog","licht"
"3771","gemiddeld","droog","sterk"
"3772","gemiddeld","droog","licht"
"3773","hoog","nat","licht"
"3774","hoog","droog","licht"
"3775","laag","nat","licht"
"3776","hoog","nat","licht"
"3777","laag","nat","sterk"
"3778","laag","droog","licht"
"3779","gemiddeld","nat","licht"
"3780","hoog","droog","licht"
"3781","hoog","droog","licht"
"3782","hoog","nat","sterk"
"3783","gemiddeld","droog","sterk"
"3784","gemiddeld","droog","licht"
"3785","hoog","droog","licht"
"3786","gemiddeld","nat","licht"
"3787","hoog","droog","licht"
"3788","hoog","nat","licht"
"3789","gemiddeld","droog","licht"
"3790","laag","droog","licht"
"3791","gemiddeld","nat","licht"
"3792","gemiddeld","droog","licht"
"3793","gemiddeld","nat","sterk"
"3794","hoog","nat","licht"
"3795","laag","droog","licht"
"3796","hoog","nat","licht"
"3797","hoog","droog","licht"
"3798","laag","droog","licht"
"3799","laag","nat","licht"
"3800","laag","nat","licht"
"3801","hoog","nat","licht"
"3802","gemiddeld","nat","licht"
"3803","gemiddeld","nat","licht"
"3804","gemiddeld","nat","licht"
"3805","laag","droog","sterk"
"3806","hoog","nat","licht"
"3807","gemiddeld","nat","licht"
"3808","laag","droog","licht"
"3809","gemiddeld","droog","licht"
"3810","hoog","nat","licht"
"3811","hoog","nat","licht"
"3812","gemiddeld","droog","licht"
"3813","hoog","nat","licht"
"3814","hoog","droog","licht"
"3815","laag","droog","sterk"
"3816","gemiddeld","nat","licht"
"3817","hoog","nat","licht"
"3818","hoog","droog","licht"
"3819","gemiddeld","nat","sterk"
"3820","laag","droog","licht"
"3821","gemiddeld","droog","licht"
"3822","hoog","nat","licht"
"3823","hoog","nat","sterk"
"3824","gemiddeld","nat","sterk"
"3825","hoog","nat","licht"
"3826","hoog","droog","licht"
"3827","hoog","droog","sterk"
"3828","gemiddeld","nat","licht"
"3829","gemiddeld","nat","licht"
"3830","laag","nat","licht"
"3831","hoog","nat","licht"
"3832","laag","droog","licht"
"3833","hoog","nat","licht"
"3834","gemiddeld","droog","licht"
"3835","gemiddeld","nat","licht"
"3836","hoog","droog","licht"
"3837","hoog","nat","licht"
"3838","gemiddeld","nat","licht"
"3839","gemiddeld","droog","licht"
"3840","laag","droog","licht"
"3841","laag","droog","licht"
"3842","hoog","nat","licht"
"3843","gemiddeld","nat","licht"
"3844","hoog","droog","licht"
"3845","gemiddeld","droog","sterk"
"3846","hoog","nat","licht"
"3847","laag","nat","licht"
"3848","hoog","nat","licht"
"3849","gemiddeld","nat","licht"
"3850","gemiddeld","droog","licht"
"3851","gemiddeld","nat","licht"
"3852","gemiddeld","droog","licht"
"3853","hoog","nat","licht"
"3854","laag","droog","licht"
"3855","gemiddeld","nat","licht"
"3856","gemiddeld","droog","licht"
"3857","hoog","nat","licht"
"3858","hoog","nat","licht"
"3859","hoog","nat","licht"
"3860","hoog","nat","licht"
"3861","laag","droog","licht"
"3862","gemiddeld","droog","licht"
"3863","gemiddeld","nat","licht"
"3864","laag","droog","licht"
"3865","laag","nat","licht"
"3866","hoog","droog","licht"
"3867","hoog","droog","licht"
"3868","gemiddeld","nat","sterk"
"3869","hoog","nat","licht"
"3870","laag","nat","licht"
"3871","gemiddeld","nat","licht"
"3872","hoog","nat","licht"
"3873","laag","nat","licht"
"3874","hoog","droog","licht"
"3875","laag","nat","licht"
"3876","hoog","nat","licht"
"3877","laag","droog","licht"
"3878","hoog","nat","licht"
"3879","laag","nat","licht"
"3880","hoog","nat","sterk"
"3881","hoog","nat","licht"
"3882","gemiddeld","nat","licht"
"3883","gemiddeld","droog","licht"
"3884","hoog","nat","sterk"
"3885","hoog","droog","licht"
"3886","gemiddeld","nat","licht"
"3887","gemiddeld","droog","licht"
"3888","laag","droog","licht"
"3889","hoog","droog","licht"
"3890","hoog","droog","licht"
"3891","hoog","nat","licht"
"3892","gemiddeld","droog","licht"
"3893","hoog","nat","sterk"
"3894","hoog","droog","licht"
"3895","gemiddeld","droog","licht"
"3896","gemiddeld","nat","sterk"
"3897","gemiddeld","droog","licht"
"3898","hoog","droog","sterk"
"3899","gemiddeld","nat","licht"
"3900","hoog","nat","licht"
"3901","hoog","droog","licht"
"3902","laag","droog","licht"
"3903","gemiddeld","droog","licht"
"3904","hoog","droog","licht"
"3905","hoog","nat","sterk"
"3906","laag","droog","licht"
"3907","gemiddeld","droog","licht"
"3908","gemiddeld","droog","licht"
"3909","hoog","droog","licht"
"3910","hoog","nat","licht"
"3911","gemiddeld","nat","licht"
"3912","hoog","droog","licht"
"3913","laag","droog","licht"
"3914","gemiddeld","droog","licht"
"3915","laag","nat","licht"
"3916","hoog","nat","sterk"
"3917","laag","droog","licht"
"3918","laag","droog","licht"
"3919","laag","droog","licht"
"3920","hoog","nat","licht"
"3921","hoog","droog","sterk"
"3922","hoog","nat","licht"
"3923","gemiddeld","droog","licht"
"3924","hoog","droog","licht"
"3925","hoog","nat","licht"
"3926","gemiddeld","nat","licht"
"3927","laag","droog","licht"
"3928","gemiddeld","nat","sterk"
"3929","hoog","droog","licht"
"3930","hoog","droog","licht"
"3931","laag","droog","licht"
"3932","laag","nat","licht"
"3933","hoog","droog","licht"
"3934","hoog","nat","licht"
"3935","laag","droog","licht"
"3936","hoog","droog","licht"
"3937","hoog","nat","licht"
"3938","laag","droog","licht"
"3939","laag","droog","licht"
"3940","gemiddeld","nat","licht"
"3941","gemiddeld","droog","licht"
"3942","hoog","nat","licht"
"3943","hoog","droog","licht"
"3944","hoog","droog","licht"
"3945","gemiddeld","droog","licht"
"3946","hoog","droog","sterk"
"3947","gemiddeld","nat","licht"
"3948","laag","droog","licht"
"3949","hoog","nat","licht"
"3950","laag","droog","sterk"
"3951","hoog","nat","licht"
"3952","hoog","droog","sterk"
"3953","laag","droog","licht"
"3954","hoog","droog","licht"
"3955","hoog","nat","licht"
"3956","hoog","droog","licht"
"3957","gemiddeld","nat","sterk"
"3958","laag","nat","licht"
"3959","gemiddeld","droog","licht"
"3960","laag","nat","licht"
"3961","hoog","droog","licht"
"3962","hoog","droog","licht"
"3963","hoog","droog","licht"
"3964","gemiddeld","droog","licht"
"3965","hoog","droog","sterk"
"3966","laag","droog","sterk"
"3967","hoog","nat","licht"
"3968","hoog","nat","licht"
"3969","hoog","droog","licht"
"3970","gemiddeld","droog","licht"
"3971","laag","nat","sterk"
"3972","hoog","droog","sterk"
"3973","gemiddeld","droog","licht"
"3974","gemiddeld","nat","licht"
"3975","laag","droog","licht"
"3976","hoog","droog","licht"
"3977","gemiddeld","droog","licht"
"3978","laag","nat","sterk"
"3979","laag","droog","licht"
"3980","hoog","nat","sterk"
"3981","gemiddeld","droog","licht"
"3982","hoog","droog","licht"
"3983","laag","nat","licht"
"3984","laag","droog","licht"
"3985","gemiddeld","droog","licht"
"3986","gemiddeld","droog","sterk"
"3987","hoog","droog","licht"
"3988","hoog","nat","licht"
"3989","laag","nat","licht"
"3990","gemiddeld","droog","licht"
"3991","gemiddeld","nat","licht"
"3992","hoog","droog","licht"
"3993","laag","nat","licht"
"3994","hoog","droog","licht"
"3995","hoog","nat","licht"
"3996","gemiddeld","nat","licht"
"3997","laag","droog","licht"
"3998","hoog","droog","licht"
"3999","hoog","nat","licht"
"4000","gemiddeld","droog","licht"
"4001","hoog","droog","licht"
"4002","gemiddeld","nat","licht"
"4003","hoog","nat","licht"
"4004","gemiddeld","droog","licht"
"4005","laag","droog","sterk"
"4006","hoog","droog","licht"
"4007","gemiddeld","droog","sterk"
"4008","gemiddeld","nat","licht"
"4009","gemiddeld","droog","licht"
"4010","hoog","nat","licht"
"4011","laag","nat","licht"
"4012","hoog","droog","licht"
"4013","gemiddeld","nat","licht"
"4014","gemiddeld","nat","licht"
"4015","hoog","droog","licht"
"4016","gemiddeld","droog","licht"
"4017","hoog","droog","sterk"
"4018","hoog","nat","licht"
"4019","gemiddeld","droog","sterk"
"4020","hoog","nat","licht"
"4021","hoog","droog","licht"
"4022","hoog","nat","licht"
"4023","hoog","nat","sterk"
"4024","gemiddeld","nat","licht"
"4025","gemiddeld","droog","licht"
"4026","gemiddeld","droog","licht"
"4027","hoog","nat","sterk"
"4028","laag","droog","licht"
"4029","laag","droog","licht"
"4030","laag","nat","licht"
"4031","laag","nat","licht"
"4032","laag","nat","licht"
"4033","hoog","nat","licht"
"4034","laag","nat","licht"
"4035","hoog","nat","licht"
"4036","hoog","droog","sterk"
"4037","gemiddeld","nat","licht"
"4038","gemiddeld","nat","sterk"
"4039","laag","nat","licht"
"4040","gemiddeld","droog","sterk"
"4041","hoog","droog","licht"
"4042","gemiddeld","nat","sterk"
"4043","hoog","nat","licht"
"4044","gemiddeld","droog","licht"
"4045","hoog","droog","licht"
"4046","laag","droog","licht"
"4047","gemiddeld","droog","licht"
"4048","laag","droog","licht"
"4049","laag","nat","licht"
"4050","laag","droog","sterk"
"4051","hoog","nat","licht"
"4052","hoog","droog","licht"
"4053","hoog","droog","licht"
"4054","hoog","nat","licht"
"4055","hoog","droog","licht"
"4056","laag","droog","licht"
"4057","hoog","nat","licht"
"4058","hoog","nat","sterk"
"4059","laag","droog","licht"
"4060","hoog","nat","licht"
"4061","hoog","nat","licht"
"4062","laag","droog","licht"
"4063","hoog","droog","sterk"
"4064","laag","nat","licht"
"4065","hoog","nat","licht"
"4066","hoog","droog","licht"
"4067","gemiddeld","droog","licht"
"4068","hoog","nat","licht"
"4069","laag","droog","licht"
"4070","hoog","droog","licht"
"4071","laag","droog","licht"
"4072","laag","nat","licht"
"4073","laag","droog","licht"
"4074","hoog","droog","licht"
"4075","hoog","droog","licht"
"4076","gemiddeld","droog","licht"
"4077","hoog","droog","licht"
"4078","gemiddeld","droog","licht"
"4079","laag","droog","licht"
"4080","gemiddeld","droog","sterk"
"4081","hoog","nat","licht"
"4082","gemiddeld","nat","licht"
"4083","gemiddeld","droog","licht"
"4084","gemiddeld","droog","licht"
"4085","hoog","nat","licht"
"4086","laag","nat","licht"
"4087","hoog","droog","licht"
"4088","hoog","nat","licht"
"4089","hoog","nat","licht"
"4090","hoog","nat","licht"
"4091","laag","nat","licht"
"4092","laag","nat","licht"
"4093","hoog","nat","licht"
"4094","gemiddeld","nat","licht"
"4095","laag","droog","sterk"
"4096","laag","nat","licht"
"4097","laag","nat","licht"
"4098","gemiddeld","droog","licht"
"4099","laag","droog","licht"
"4100","gemiddeld","droog","licht"
"4101","laag","droog","sterk"
"4102","laag","droog","licht"
"4103","hoog","droog","licht"
"4104","hoog","droog","licht"
"4105","hoog","nat","sterk"
"4106","laag","nat","licht"
"4107","hoog","droog","sterk"
"4108","hoog","droog","licht"
"4109","hoog","droog","licht"
"4110","gemiddeld","nat","licht"
"4111","hoog","droog","licht"
"4112","hoog","droog","licht"
"4113","hoog","droog","licht"
"4114","gemiddeld","nat","licht"
"4115","hoog","nat","licht"
"4116","gemiddeld","nat","licht"
"4117","gemiddeld","droog","sterk"
"4118","hoog","droog","licht"
"4119","gemiddeld","nat","licht"
"4120","hoog","nat","licht"
"4121","laag","droog","licht"
"4122","gemiddeld","nat","licht"
"4123","hoog","nat","licht"
"4124","gemiddeld","droog","licht"
"4125","hoog","nat","licht"
"4126","hoog","nat","licht"
"4127","hoog","nat","licht"
"4128","hoog","droog","licht"
"4129","hoog","droog","licht"
"4130","gemiddeld","nat","sterk"
"4131","gemiddeld","droog","licht"
"4132","hoog","droog","licht"
"4133","hoog","nat","licht"
"4134","gemiddeld","nat","licht"
"4135","gemiddeld","droog","licht"
"4136","hoog","nat","licht"
"4137","gemiddeld","droog","licht"
"4138","laag","nat","licht"
"4139","laag","droog","sterk"
"4140","gemiddeld","nat","licht"
"4141","laag","droog","licht"
"4142","gemiddeld","droog","licht"
"4143","hoog","droog","licht"
"4144","laag","droog","licht"
"4145","hoog","droog","licht"
"4146","laag","nat","licht"
"4147","gemiddeld","nat","licht"
"4148","gemiddeld","nat","sterk"
"4149","hoog","nat","licht"
"4150","hoog","droog","licht"
"4151","laag","droog","sterk"
"4152","gemiddeld","nat","licht"
"4153","gemiddeld","droog","sterk"
"4154","hoog","nat","licht"
"4155","laag","nat","sterk"
"4156","laag","nat","licht"
"4157","gemiddeld","droog","licht"
"4158","laag","droog","licht"
"4159","laag","nat","licht"
"4160","gemiddeld","droog","licht"
"4161","gemiddeld","droog","licht"
"4162","gemiddeld","droog","sterk"
"4163","hoog","droog","licht"
"4164","gemiddeld","droog","licht"
"4165","gemiddeld","nat","licht"
"4166","gemiddeld","nat","licht"
"4167","hoog","nat","licht"
"4168","gemiddeld","droog","sterk"
"4169","gemiddeld","droog","licht"
"4170","gemiddeld","nat","licht"
"4171","hoog","nat","licht"
"4172","hoog","droog","licht"
"4173","gemiddeld","droog","licht"
"4174","hoog","nat","licht"
"4175","hoog","droog","licht"
"4176","hoog","droog","licht"
"4177","gemiddeld","nat","licht"
"4178","gemiddeld","droog","licht"
"4179","hoog","droog","licht"
"4180","laag","droog","sterk"
"4181","hoog","nat","licht"
"4182","gemiddeld","nat","licht"
"4183","gemiddeld","nat","licht"
"4184","laag","droog","licht"
"4185","hoog","nat","licht"
"4186","hoog","nat","licht"
"4187","hoog","nat","licht"
"4188","gemiddeld","nat","sterk"
"4189","hoog","droog","sterk"
"4190","hoog","nat","sterk"
"4191","hoog","droog","licht"
"4192","laag","nat","licht"
"4193","laag","droog","sterk"
"4194","hoog","droog","licht"
"4195","hoog","nat","licht"
"4196","hoog","droog","sterk"
"4197","gemiddeld","droog","licht"
"4198","laag","nat","licht"
"4199","hoog","droog","licht"
"4200","laag","droog","licht"
"4201","hoog","nat","licht"
"4202","hoog","droog","licht"
"4203","gemiddeld","droog","licht"
"4204","gemiddeld","droog","sterk"
"4205","laag","droog","licht"
"4206","hoog","droog","licht"
"4207","laag","droog","licht"
"4208","gemiddeld","droog","sterk"
"4209","gemiddeld","droog","licht"
"4210","laag","droog","licht"
"4211","hoog","droog","licht"
"4212","laag","droog","sterk"
"4213","laag","droog","licht"
"4214","gemiddeld","nat","licht"
"4215","gemiddeld","nat","licht"
"4216","laag","droog","sterk"
"4217","hoog","nat","sterk"
"4218","hoog","droog","licht"
"4219","hoog","droog","licht"
"4220","hoog","nat","licht"
"4221","hoog","nat","licht"
"4222","hoog","droog","licht"
"4223","laag","nat","licht"
"4224","laag","nat","sterk"
"4225","laag","droog","sterk"
"4226","hoog","nat","licht"
"4227","gemiddeld","nat","licht"
"4228","hoog","nat","licht"
"4229","hoog","nat","licht"
"4230","laag","nat","licht"
"4231","hoog","nat","licht"
"4232","gemiddeld","nat","licht"
"4233","laag","nat","licht"
"4234","hoog","droog","licht"
"4235","hoog","nat","licht"
"4236","gemiddeld","droog","licht"
"4237","hoog","droog","licht"
"4238","hoog","nat","licht"
"4239","gemiddeld","droog","licht"
"4240","laag","nat","licht"
"4241","hoog","nat","licht"
"4242","hoog","nat","licht"
"4243","hoog","droog","licht"
"4244","laag","droog","licht"
"4245","laag","droog","licht"
"4246","gemiddeld","nat","licht"
"4247","gemiddeld","nat","licht"
"4248","laag","droog","licht"
"4249","laag","nat","licht"
"4250","hoog","nat","licht"
"4251","gemiddeld","nat","licht"
"4252","gemiddeld","droog","licht"
"4253","hoog","droog","licht"
"4254","hoog","nat","licht"
"4255","gemiddeld","droog","sterk"
"4256","gemiddeld","nat","licht"
"4257","hoog","droog","licht"
"4258","gemiddeld","droog","licht"
"4259","laag","droog","licht"
"4260","hoog","nat","licht"
"4261","gemiddeld","droog","licht"
"4262","gemiddeld","droog","licht"
"4263","hoog","droog","licht"
"4264","gemiddeld","nat","licht"
"4265","hoog","nat","licht"
"4266","hoog","nat","sterk"
"4267","hoog","nat","licht"
"4268","hoog","droog","licht"
"4269","laag","droog","licht"
"4270","gemiddeld","nat","sterk"
"4271","gemiddeld","nat","licht"
"4272","hoog","droog","licht"
"4273","hoog","droog","licht"
"4274","laag","nat","sterk"
"4275","hoog","droog","sterk"
"4276","gemiddeld","nat","licht"
"4277","hoog","nat","licht"
"4278","gemiddeld","nat","licht"
"4279","hoog","droog","licht"
"4280","hoog","nat","licht"
"4281","hoog","nat","licht"
"4282","hoog","droog","sterk"
"4283","hoog","droog","licht"
"4284","laag","nat","licht"
"4285","laag","droog","licht"
"4286","laag","droog","licht"
"4287","gemiddeld","nat","licht"
"4288","hoog","nat","licht"
"4289","gemiddeld","nat","licht"
"4290","laag","droog","licht"
"4291","hoog","droog","licht"
"4292","laag","nat","licht"
"4293","laag","droog","licht"
"4294","hoog","nat","licht"
"4295","gemiddeld","droog","licht"
"4296","hoog","nat","licht"
"4297","hoog","nat","licht"
"4298","gemiddeld","droog","sterk"
"4299","gemiddeld","droog","licht"
"4300","hoog","droog","licht"
"4301","hoog","droog","licht"
"4302","hoog","nat","licht"
"4303","laag","nat","sterk"
"4304","gemiddeld","nat","licht"
"4305","gemiddeld","nat","licht"
"4306","gemiddeld","droog","licht"
"4307","laag","nat","licht"
"4308","laag","droog","licht"
"4309","laag","nat","licht"
"4310","hoog","nat","licht"
"4311","hoog","droog","licht"
"4312","gemiddeld","droog","licht"
"4313","gemiddeld","droog","licht"
"4314","hoog","droog","licht"
"4315","hoog","droog","licht"
"4316","hoog","droog","licht"
"4317","hoog","nat","licht"
"4318","hoog","droog","licht"
"4319","hoog","nat","licht"
"4320","laag","droog","licht"
"4321","hoog","droog","licht"
"4322","laag","droog","licht"
"4323","hoog","nat","licht"
"4324","hoog","nat","licht"
"4325","gemiddeld","droog","licht"
"4326","hoog","nat","licht"
"4327","laag","droog","licht"
"4328","gemiddeld","droog","licht"
"4329","gemiddeld","droog","licht"
"4330","laag","nat","sterk"
"4331","hoog","nat","licht"
"4332","laag","droog","licht"
"4333","laag","nat","licht"
"4334","gemiddeld","droog","licht"
"4335","hoog","droog","licht"
"4336","hoog","droog","licht"
"4337","laag","droog","licht"
"4338","hoog","droog","licht"
"4339","gemiddeld","droog","licht"
"4340","laag","droog","licht"
"4341","laag","nat","licht"
"4342","laag","nat","licht"
"4343","gemiddeld","droog","sterk"
"4344","hoog","nat","licht"
"4345","hoog","droog","licht"
"4346","gemiddeld","droog","licht"
"4347","laag","nat","licht"
"4348","hoog","droog","licht"
"4349","hoog","droog","sterk"
"4350","laag","droog","sterk"
"4351","gemiddeld","droog","licht"
"4352","gemiddeld","nat","sterk"
"4353","hoog","droog","sterk"
"4354","hoog","nat","licht"
"4355","laag","nat","licht"
"4356","gemiddeld","droog","licht"
"4357","gemiddeld","droog","licht"
"4358","hoog","droog","licht"
"4359","hoog","droog","licht"
"4360","hoog","nat","licht"
"4361","hoog","nat","sterk"
"4362","hoog","nat","licht"
"4363","laag","droog","sterk"
"4364","laag","droog","sterk"
"4365","hoog","droog","licht"
"4366","hoog","nat","licht"
"4367","hoog","droog","sterk"
"4368","laag","droog","licht"
"4369","gemiddeld","droog","licht"
"4370","laag","nat","licht"
"4371","laag","droog","licht"
"4372","hoog","droog","licht"
"4373","hoog","nat","licht"
"4374","hoog","droog","licht"
"4375","gemiddeld","droog","licht"
"4376","gemiddeld","droog","licht"
"4377","hoog","droog","licht"
"4378","hoog","nat","licht"
"4379","hoog","nat","licht"
"4380","gemiddeld","droog","licht"
"4381","laag","nat","licht"
"4382","gemiddeld","droog","licht"
"4383","laag","nat","licht"
"4384","hoog","droog","licht"
"4385","gemiddeld","nat","sterk"
"4386","laag","nat","licht"
"4387","hoog","droog","licht"
"4388","hoog","nat","licht"
"4389","gemiddeld","droog","licht"
"4390","gemiddeld","nat","licht"
"4391","laag","droog","sterk"
"4392","laag","nat","licht"
"4393","laag","nat","sterk"
"4394","laag","nat","sterk"
"4395","gemiddeld","nat","licht"
"4396","gemiddeld","nat","licht"
"4397","gemiddeld","droog","licht"
"4398","gemiddeld","droog","licht"
"4399","laag","nat","sterk"
"4400","hoog","nat","licht"
"4401","laag","droog","licht"
"4402","hoog","droog","licht"
"4403","laag","nat","licht"
"4404","laag","nat","licht"
"4405","hoog","droog","licht"
"4406","gemiddeld","droog","licht"
"4407","hoog","droog","licht"
"4408","laag","nat","licht"
"4409","hoog","nat","licht"
"4410","hoog","droog","licht"
"4411","laag","droog","licht"
"4412","laag","nat","licht"
"4413","gemiddeld","nat","licht"
"4414","laag","nat","licht"
"4415","hoog","droog","licht"
"4416","gemiddeld","nat","sterk"
"4417","hoog","nat","licht"
"4418","hoog","droog","licht"
"4419","hoog","nat","licht"
"4420","hoog","nat","licht"
"4421","hoog","nat","licht"
"4422","hoog","droog","licht"
"4423","hoog","nat","licht"
"4424","hoog","nat","licht"
"4425","gemiddeld","droog","licht"
"4426","hoog","droog","licht"
"4427","gemiddeld","nat","licht"
"4428","gemiddeld","nat","licht"
"4429","laag","droog","sterk"
"4430","hoog","nat","licht"
"4431","hoog","droog","licht"
"4432","laag","nat","licht"
"4433","hoog","nat","licht"
"4434","gemiddeld","nat","licht"
"4435","hoog","nat","licht"
"4436","hoog","droog","licht"
"4437","gemiddeld","droog","licht"
"4438","gemiddeld","nat","licht"
"4439","laag","nat","licht"
"4440","gemiddeld","nat","licht"
"4441","laag","nat","licht"
"4442","hoog","nat","licht"
"4443","hoog","droog","licht"
"4444","laag","droog","licht"
"4445","hoog","nat","licht"
"4446","laag","droog","licht"
"4447","laag","nat","licht"
"4448","hoog","droog","sterk"
"4449","gemiddeld","droog","licht"
"4450","gemiddeld","droog","licht"
"4451","hoog","droog","licht"
"4452","laag","nat","licht"
"4453","gemiddeld","droog","licht"
"4454","gemiddeld","droog","licht"
"4455","laag","droog","licht"
"4456","gemiddeld","droog","licht"
"4457","gemiddeld","nat","licht"
"4458","hoog","nat","sterk"
"4459","gemiddeld","nat","licht"
"4460","gemiddeld","droog","licht"
"4461","laag","nat","licht"
"4462","gemiddeld","nat","sterk"
"4463","hoog","droog","licht"
"4464","hoog","nat","licht"
"4465","hoog","nat","licht"
"4466","gemiddeld","droog","licht"
"4467","gemiddeld","droog","licht"
"4468","hoog","nat","licht"
"4469","laag","nat","licht"
"4470","gemiddeld","droog","licht"
"4471","gemiddeld","nat","licht"
"4472","gemiddeld","nat","licht"
"4473","gemiddeld","nat","licht"
"4474","gemiddeld","droog","licht"
"4475","hoog","droog","licht"
"4476","gemiddeld","nat","licht"
"4477","hoog","droog","licht"
"4478","hoog","droog","licht"
"4479","gemiddeld","nat","licht"
"4480","hoog","droog","licht"
"4481","hoog","droog","licht"
"4482","gemiddeld","nat","licht"
"4483","laag","nat","licht"
"4484","hoog","droog","sterk"
"4485","laag","droog","licht"
"4486","gemiddeld","droog","licht"
"4487","hoog","nat","licht"
"4488","hoog","nat","licht"
"4489","gemiddeld","nat","licht"
"4490","gemiddeld","droog","licht"
"4491","laag","nat","sterk"
"4492","gemiddeld","droog","licht"
"4493","laag","nat","licht"
"4494","hoog","nat","licht"
"4495","hoog","nat","licht"
"4496","gemiddeld","nat","licht"
"4497","hoog","nat","licht"
"4498","laag","nat","licht"
"4499","hoog","nat","licht"
"4500","gemiddeld","nat","licht"
"4501","laag","nat","licht"
"4502","hoog","droog","licht"
"4503","hoog","nat","licht"
"4504","hoog","nat","licht"
"4505","hoog","nat","licht"
"4506","gemiddeld","droog","licht"
"4507","hoog","droog","licht"
"4508","hoog","droog","licht"
"4509","hoog","droog","licht"
"4510","hoog","nat","licht"
"4511","hoog","droog","licht"
"4512","laag","droog","licht"
"4513","hoog","nat","licht"
"4514","laag","droog","licht"
"4515","gemiddeld","nat","licht"
"4516","hoog","nat","licht"
"4517","laag","nat","licht"
"4518","hoog","nat","licht"
"4519","laag","droog","licht"
"4520","hoog","nat","licht"
"4521","laag","droog","licht"
"4522","laag","droog","licht"
"4523","hoog","droog","licht"
"4524","gemiddeld","droog","licht"
"4525","laag","nat","licht"
"4526","hoog","nat","licht"
"4527","laag","droog","licht"
"4528","hoog","nat","licht"
"4529","gemiddeld","droog","sterk"
"4530","laag","nat","licht"
"4531","laag","droog","sterk"
"4532","gemiddeld","droog","licht"
"4533","gemiddeld","nat","sterk"
"4534","gemiddeld","droog","sterk"
"4535","gemiddeld","nat","licht"
"4536","laag","droog","sterk"
"4537","hoog","nat","licht"
"4538","laag","droog","licht"
"4539","laag","droog","sterk"
"4540","gemiddeld","droog","sterk"
"4541","hoog","nat","sterk"
"4542","laag","droog","sterk"
"4543","gemiddeld","droog","sterk"
"4544","hoog","droog","licht"
"4545","hoog","droog","licht"
"4546","hoog","nat","licht"
"4547","hoog","nat","licht"
"4548","hoog","nat","licht"
"4549","gemiddeld","droog","licht"
"4550","hoog","nat","licht"
"4551","gemiddeld","droog","licht"
"4552","hoog","nat","licht"
"4553","hoog","nat","licht"
"4554","gemiddeld","droog","licht"
"4555","hoog","droog","sterk"
"4556","hoog","droog","licht"
"4557","gemiddeld","droog","sterk"
"4558","hoog","droog","licht"
"4559","gemiddeld","nat","licht"
"4560","laag","droog","licht"
"4561","gemiddeld","droog","licht"
"4562","gemiddeld","droog","licht"
"4563","laag","nat","licht"
"4564","gemiddeld","droog","licht"
"4565","gemiddeld","droog","licht"
"4566","laag","droog","licht"
"4567","gemiddeld","nat","licht"
"4568","laag","droog","licht"
"4569","gemiddeld","droog","licht"
"4570","laag","nat","licht"
"4571","hoog","droog","licht"
"4572","gemiddeld","nat","licht"
"4573","gemiddeld","droog","licht"
"4574","gemiddeld","nat","licht"
"4575","laag","nat","licht"
"4576","laag","droog","licht"
"4577","laag","droog","licht"
"4578","hoog","droog","licht"
"4579","hoog","nat","licht"
"4580","hoog","nat","licht"
"4581","gemiddeld","nat","licht"
"4582","gemiddeld","droog","sterk"
"4583","hoog","droog","licht"
"4584","gemiddeld","droog","licht"
"4585","hoog","droog","licht"
"4586","gemiddeld","nat","licht"
"4587","laag","droog","sterk"
"4588","laag","droog","licht"
"4589","hoog","nat","licht"
"4590","laag","droog","licht"
"4591","gemiddeld","droog","licht"
"4592","hoog","nat","licht"
"4593","gemiddeld","droog","licht"
"4594","gemiddeld","nat","licht"
"4595","hoog","droog","licht"
"4596","hoog","droog","licht"
"4597","gemiddeld","nat","licht"
"4598","gemiddeld","nat","licht"
"4599","gemiddeld","droog","licht"
"4600","gemiddeld","droog","licht"
"4601","hoog","nat","sterk"
"4602","laag","nat","licht"
"4603","gemiddeld","nat","sterk"
"4604","gemiddeld","nat","licht"
"4605","hoog","nat","licht"
"4606","gemiddeld","droog","licht"
"4607","hoog","droog","licht"
"4608","gemiddeld","droog","sterk"
"4609","gemiddeld","droog","licht"
"4610","hoog","nat","licht"
"4611","laag","droog","licht"
"4612","gemiddeld","droog","licht"
"4613","gemiddeld","nat","licht"
"4614","gemiddeld","droog","licht"
"4615","gemiddeld","nat","licht"
"4616","hoog","nat","licht"
"4617","hoog","droog","licht"
"4618","hoog","nat","licht"
"4619","laag","droog","licht"
"4620","hoog","nat","licht"
"4621","laag","nat","licht"
"4622","hoog","nat","licht"
"4623","laag","nat","licht"
"4624","laag","nat","licht"
"4625","gemiddeld","nat","licht"
"4626","laag","droog","licht"
"4627","gemiddeld","nat","licht"
"4628","laag","nat","licht"
"4629","gemiddeld","nat","sterk"
"4630","gemiddeld","nat","licht"
"4631","gemiddeld","droog","licht"
"4632","hoog","droog","licht"
"4633","hoog","droog","sterk"
"4634","hoog","droog","licht"
"4635","laag","droog","licht"
"4636","hoog","nat","licht"
"4637","hoog","droog","sterk"
"4638","laag","droog","licht"
"4639","laag","droog","sterk"
"4640","gemiddeld","nat","licht"
"4641","hoog","nat","sterk"
"4642","gemiddeld","nat","licht"
"4643","hoog","droog","licht"
"4644","gemiddeld","droog","licht"
"4645","hoog","nat","sterk"
"4646","gemiddeld","droog","licht"
"4647","hoog","nat","licht"
"4648","laag","nat","licht"
"4649","gemiddeld","droog","licht"
"4650","hoog","droog","licht"
"4651","hoog","nat","licht"
"4652","hoog","droog","licht"
"4653","gemiddeld","nat","licht"
"4654","gemiddeld","nat","licht"
"4655","laag","droog","licht"
"4656","gemiddeld","nat","licht"
"4657","laag","droog","licht"
"4658","laag","droog","licht"
"4659","hoog","nat","sterk"
"4660","hoog","nat","licht"
"4661","gemiddeld","nat","licht"
"4662","gemiddeld","nat","sterk"
"4663","gemiddeld","nat","licht"
"4664","gemiddeld","nat","licht"
"4665","laag","droog","licht"
"4666","hoog","nat","licht"
"4667","gemiddeld","droog","licht"
"4668","hoog","droog","licht"
"4669","hoog","droog","licht"
"4670","hoog","droog","licht"
"4671","hoog","nat","licht"
"4672","gemiddeld","droog","sterk"
"4673","gemiddeld","droog","licht"
"4674","hoog","nat","licht"
"4675","laag","droog","licht"
"4676","hoog","nat","licht"
"4677","hoog","nat","sterk"
"4678","hoog","nat","licht"
"4679","hoog","droog","licht"
"4680","laag","nat","sterk"
"4681","laag","nat","licht"
"4682","laag","droog","licht"
"4683","laag","nat","sterk"
"4684","hoog","nat","licht"
"4685","hoog","nat","licht"
"4686","laag","droog","licht"
"4687","hoog","droog","sterk"
"4688","hoog","droog","licht"
"4689","hoog","nat","licht"
"4690","laag","droog","licht"
"4691","laag","nat","licht"
"4692","gemiddeld","droog","sterk"
"4693","gemiddeld","nat","licht"
"4694","hoog","nat","sterk"
"4695","gemiddeld","droog","licht"
"4696","hoog","nat","licht"
"4697","laag","nat","sterk"
"4698","laag","nat","licht"
"4699","laag","nat","licht"
"4700","laag","droog","sterk"
"4701","laag","droog","licht"
"4702","hoog","droog","licht"
"4703","laag","droog","sterk"
"4704","laag","nat","licht"
"4705","hoog","nat","licht"
"4706","laag","droog","licht"
"4707","gemiddeld","droog","licht"
"4708","hoog","nat","licht"
"4709","gemiddeld","nat","licht"
"4710","hoog","nat","licht"
"4711","gemiddeld","nat","sterk"
"4712","gemiddeld","nat","licht"
"4713","hoog","droog","licht"
"4714","hoog","nat","sterk"
"4715","gemiddeld","nat","sterk"
"4716","hoog","droog","licht"
"4717","hoog","droog","licht"
"4718","laag","droog","licht"
"4719","gemiddeld","droog","licht"
"4720","gemiddeld","nat","licht"
"4721","hoog","droog","licht"
"4722","gemiddeld","nat","licht"
"4723","gemiddeld","nat","licht"
"4724","gemiddeld","droog","licht"
"4725","laag","droog","licht"
"4726","laag","droog","licht"
"4727","hoog","nat","licht"
"4728","laag","nat","licht"
"4729","hoog","nat","licht"
"4730","gemiddeld","nat","licht"
"4731","gemiddeld","nat","licht"
"4732","hoog","nat","licht"
"4733","hoog","droog","sterk"
"4734","gemiddeld","nat","licht"
"4735","gemiddeld","droog","licht"
"4736","laag","nat","licht"
"4737","gemiddeld","nat","licht"
"4738","gemiddeld","droog","licht"
"4739","laag","droog","licht"
"4740","laag","droog","licht"
"4741","hoog","droog","licht"
"4742","gemiddeld","droog","licht"
"4743","hoog","droog","licht"
"4744","hoog","nat","licht"
"4745","laag","droog","licht"
"4746","laag","droog","licht"
"4747","gemiddeld","nat","licht"
"4748","gemiddeld","droog","licht"
"4749","gemiddeld","droog","licht"
"4750","hoog","nat","licht"
"4751","gemiddeld","nat","licht"
"4752","gemiddeld","droog","licht"
"4753","hoog","droog","licht"
"4754","gemiddeld","droog","licht"
"4755","hoog","droog","licht"
"4756","gemiddeld","nat","licht"
"4757","laag","droog","licht"
"4758","gemiddeld","nat","licht"
"4759","gemiddeld","droog","licht"
"4760","gemiddeld","nat","licht"
"4761","gemiddeld","droog","sterk"
"4762","laag","droog","licht"
"4763","hoog","nat","licht"
"4764","laag","droog","sterk"
"4765","hoog","nat","licht"
"4766","gemiddeld","droog","licht"
"4767","gemiddeld","droog","licht"
"4768","gemiddeld","nat","licht"
"4769","hoog","nat","licht"
"4770","gemiddeld","droog","licht"
"4771","gemiddeld","droog","licht"
"4772","gemiddeld","nat","licht"
"4773","laag","droog","sterk"
"4774","hoog","droog","licht"
"4775","laag","droog","sterk"
"4776","laag","nat","licht"
"4777","hoog","nat","sterk"
"4778","laag","nat","licht"
"4779","gemiddeld","nat","sterk"
"4780","laag","droog","licht"
"4781","gemiddeld","nat","licht"
"4782","gemiddeld","droog","licht"
"4783","laag","droog","licht"
"4784","hoog","droog","licht"
"4785","gemiddeld","droog","licht"
"4786","gemiddeld","nat","licht"
"4787","hoog","nat","licht"
"4788","hoog","nat","licht"
"4789","hoog","nat","sterk"
"4790","gemiddeld","droog","licht"
"4791","laag","nat","sterk"
"4792","hoog","droog","licht"
"4793","laag","droog","sterk"
"4794","laag","nat","licht"
"4795","laag","nat","licht"
"4796","gemiddeld","droog","licht"
"4797","hoog","droog","sterk"
"4798","hoog","droog","licht"
"4799","hoog","nat","licht"
"4800","laag","nat","licht"
"4801","hoog","nat","licht"
"4802","hoog","droog","sterk"
"4803","laag","droog","licht"
"4804","hoog","nat","licht"
"4805","gemiddeld","nat","licht"
"4806","gemiddeld","droog","licht"
"4807","laag","droog","licht"
"4808","laag","nat","licht"
"4809","gemiddeld","droog","licht"
"4810","hoog","nat","licht"
"4811","gemiddeld","droog","sterk"
"4812","hoog","droog","licht"
"4813","laag","droog","licht"
"4814","laag","droog","sterk"
"4815","gemiddeld","nat","sterk"
"4816","hoog","nat","sterk"
"4817","laag","nat","licht"
"4818","laag","droog","licht"
"4819","gemiddeld","nat","licht"
"4820","laag","droog","licht"
"4821","gemiddeld","nat","licht"
"4822","gemiddeld","nat","licht"
"4823","hoog","nat","licht"
"4824","hoog","nat","licht"
"4825","hoog","nat","licht"
"4826","hoog","nat","licht"
"4827","gemiddeld","droog","licht"
"4828","gemiddeld","nat","licht"
"4829","gemiddeld","nat","licht"
"4830","gemiddeld","droog","licht"
"4831","laag","nat","licht"
"4832","gemiddeld","nat","licht"
"4833","laag","droog","sterk"
"4834","gemiddeld","droog","licht"
"4835","hoog","nat","licht"
"4836","laag","droog","licht"
"4837","laag","droog","licht"
"4838","gemiddeld","droog","licht"
"4839","hoog","droog","licht"
"4840","hoog","droog","licht"
"4841","gemiddeld","nat","licht"
"4842","hoog","nat","licht"
"4843","gemiddeld","nat","licht"
"4844","laag","droog","sterk"
"4845","hoog","droog","licht"
"4846","hoog","droog","sterk"
"4847","laag","droog","licht"
"4848","laag","droog","licht"
"4849","hoog","nat","licht"
"4850","hoog","droog","licht"
"4851","hoog","nat","licht"
"4852","laag","nat","licht"
"4853","hoog","droog","sterk"
"4854","gemiddeld","nat","licht"
"4855","hoog","nat","licht"
"4856","gemiddeld","nat","licht"
"4857","hoog","droog","sterk"
"4858","hoog","nat","licht"
"4859","laag","droog","sterk"
"4860","hoog","droog","licht"
"4861","hoog","nat","licht"
"4862","gemiddeld","droog","sterk"
"4863","hoog","nat","licht"
"4864","gemiddeld","droog","licht"
"4865","hoog","droog","licht"
"4866","laag","droog","licht"
"4867","gemiddeld","nat","licht"
"4868","hoog","nat","licht"
"4869","gemiddeld","droog","sterk"
"4870","hoog","droog","licht"
"4871","gemiddeld","droog","sterk"
"4872","hoog","droog","licht"
"4873","gemiddeld","droog","sterk"
"4874","laag","droog","licht"
"4875","gemiddeld","nat","licht"
"4876","gemiddeld","droog","licht"
"4877","laag","droog","licht"
"4878","laag","nat","licht"
"4879","laag","droog","licht"
"4880","laag","nat","licht"
"4881","hoog","droog","licht"
"4882","laag","droog","licht"
"4883","gemiddeld","droog","licht"
"4884","laag","nat","licht"
"4885","gemiddeld","nat","licht"
"4886","hoog","droog","licht"
"4887","laag","nat","sterk"
"4888","laag","droog","sterk"
"4889","laag","droog","licht"
"4890","hoog","droog","sterk"
"4891","laag","nat","licht"
"4892","gemiddeld","droog","licht"
"4893","hoog","nat","licht"
"4894","laag","droog","licht"
"4895","laag","droog","licht"
"4896","laag","droog","sterk"
"4897","laag","droog","sterk"
"4898","hoog","nat","licht"
"4899","hoog","nat","sterk"
"4900","gemiddeld","droog","licht"
"4901","hoog","nat","licht"
"4902","laag","droog","licht"
"4903","laag","nat","licht"
"4904","hoog","nat","licht"
"4905","hoog","droog","licht"
"4906","gemiddeld","nat","licht"
"4907","laag","droog","licht"
"4908","gemiddeld","droog","licht"
"4909","gemiddeld","droog","licht"
"4910","gemiddeld","droog","licht"
"4911","hoog","nat","sterk"
"4912","gemiddeld","droog","licht"
"4913","hoog","nat","sterk"
"4914","hoog","nat","licht"
"4915","hoog","nat","licht"
"4916","gemiddeld","nat","licht"
"4917","gemiddeld","droog","licht"
"4918","hoog","droog","licht"
"4919","hoog","nat","licht"
"4920","hoog","droog","licht"
"4921","laag","droog","sterk"
"4922","laag","droog","sterk"
"4923","gemiddeld","nat","licht"
"4924","laag","droog","sterk"
"4925","laag","droog","licht"
"4926","gemiddeld","nat","licht"
"4927","gemiddeld","droog","licht"
"4928","laag","droog","sterk"
"4929","laag","droog","sterk"
"4930","gemiddeld","droog","licht"
"4931","gemiddeld","droog","licht"
"4932","hoog","nat","licht"
"4933","hoog","nat","licht"
"4934","laag","droog","licht"
"4935","gemiddeld","nat","licht"
"4936","hoog","nat","licht"
"4937","laag","nat","licht"
"4938","hoog","droog","licht"
"4939","hoog","nat","licht"
"4940","gemiddeld","droog","licht"
"4941","gemiddeld","nat","licht"
"4942","hoog","droog","licht"
"4943","hoog","droog","licht"
"4944","gemiddeld","droog","licht"
"4945","hoog","droog","licht"
"4946","hoog","nat","licht"
"4947","laag","droog","licht"
"4948","laag","droog","licht"
"4949","gemiddeld","droog","sterk"
"4950","hoog","nat","licht"
"4951","gemiddeld","nat","licht"
"4952","gemiddeld","droog","licht"
"4953","gemiddeld","nat","licht"
"4954","laag","nat","licht"
"4955","hoog","droog","sterk"
"4956","hoog","droog","licht"
"4957","gemiddeld","nat","licht"
"4958","hoog","nat","licht"
"4959","laag","droog","licht"
"4960","laag","nat","licht"
"4961","laag","droog","licht"
"4962","gemiddeld","droog","licht"
"4963","hoog","droog","licht"
"4964","gemiddeld","droog","licht"
"4965","laag","droog","licht"
"4966","hoog","droog","licht"
"4967","laag","droog","licht"
"4968","hoog","droog","licht"
"4969","laag","nat","licht"
"4970","laag","droog","licht"
"4971","laag","droog","licht"
"4972","hoog","nat","licht"
"4973","laag","nat","licht"
"4974","laag","droog","licht"
"4975","gemiddeld","droog","licht"
"4976","hoog","nat","licht"
"4977","hoog","nat","licht"
"4978","laag","droog","licht"
"4979","laag","droog","licht"
"4980","hoog","droog","licht"
"4981","gemiddeld","droog","licht"
"4982","laag","nat","licht"
"4983","hoog","droog","sterk"
"4984","hoog","droog","licht"
"4985","gemiddeld","nat","licht"
"4986","gemiddeld","droog","licht"
"4987","hoog","nat","licht"
"4988","gemiddeld","droog","licht"
"4989","laag","droog","licht"
"4990","gemiddeld","nat","licht"
"4991","gemiddeld","nat","licht"
"4992","laag","nat","sterk"
"4993","hoog","droog","licht"
"4994","hoog","droog","licht"
"4995","gemiddeld","droog","licht"
"4996","gemiddeld","nat","licht"
"4997","hoog","nat","licht"
"4998","gemiddeld","droog","sterk"
"4999","hoog","droog","sterk"
"5000","hoog","droog","licht"
