"","Hoogte","Afstand_tot_vallei","Temperatuur"
"1",1175.63616143894,5.87903176574673,-2.35102412488121
"2",976.462516703168,2.16085669456284,0.254226423750534
"3",1219.65710676664,5.37004110329394,-3.37784414221023
"4",953.504931103511,2.67455924905323,1.60046015102449
"5",997.474602870333,2.3132166255645,0.372604832570846
"6",1001.47561560834,5.32890817610581,3.93764093546962
"7",1008.12153837465,5.59349839209139,4.72498748997709
"8",976.195823705564,5.8595605148059,5.07528122978193
"9",973.491163627503,2.34775774896544,1.21751940541574
"10",995.231552371114,6.05311844106474,6.53711312773676
"11",1001.94143243943,5.72526477912607,5.09736988193478
"12",1029.73589796524,2.4351013874678,1.87556205347908
"13",1012.52804303138,6.50357251326087,5.51457400887964
"14",1045.65627203272,1.91709459870454,0.434825277288532
"15",980.00788128158,6.33524509402375,7.15544950307379
"16",1003.63970543951,6.76221418927328,7.44240269023718
"17",974.804432374352,1.23760604668261,0.500625915728778
"18",965.570300562938,6.2219921121064,8.50844165399607
"19",1214.88950693265,6.67893023420069,-3.99072788704735
"20",1155.85657379629,6.17050587121293,-0.638345471624588
"21",1178.31611184126,6.04470500728267,-2.96910648113827
"22",1258.06857730156,6.10949013402221,-8.0510208400657
"23",1016.92732377503,1.7573177844347,-0.665874371905496
"24",978.770584798318,5.97412398805693,5.65175449567426
"25",980.535937397247,6.33490864404494,7.80030540768295
"26",958.296781605684,1.45592692076799,-0.0511760760122539
"27",1021.3402311131,1.6680962154931,-0.0906888455717125
"28",950.497988537193,6.20230028647366,7.24600696416533
"29",973.470330294463,1.59770682415034,-0.163690401290682
"30",1009.89410067995,2.28190797454685,0.999989560644861
"31",977.169982827701,5.68684820089435,7.22987430630432
"32",1266.18870087989,5.25646321087539,-6.97085928860911
"33",1270.06167109144,5.98771692610236,-7.54758980455864
"34",1040.82814754771,6.89759046126065,5.99782531260448
"35",1153.734557347,6.04666941379339,-1.49837407018526
"36",974.268733068801,2.65206598556365,1.14718858995164
"37",1010.75775059895,5.7665110176596,3.58484246759211
"38",1230.4143004895,6.297885857321,-4.07675887382052
"39",975.225165556668,5.27609915845645,7.01760022061542
"40",1010.86368539403,1.71263923353457,0.151250249250983
"41",975.236727102549,5.51629337367515,5.0536076797705
"42",1233.20563565503,5.35726166131948,-6.08284802260956
"43",1204.97817611699,6.37568121213367,-5.98079031680555
"44",1252.29454776031,6.10119445805336,-7.77873766703621
"45",958.266207629849,4.83396519804631,5.20157731278846
"46",1227.49437415578,6.07280721271132,-4.73858279811122
"47",975.930127537671,1.3115057930601,-0.826719623403102
"48",1007.10569254487,2.12808249098978,-0.016473553109034
"49",997.433486774365,2.21945135659783,-0.0284197663586117
"50",997.013296466509,6.49762600801427,6.57482143384181
"51",987.087072894066,2.65370827781925,1.14573612374312
"52",951.027641979847,6.06420602835738,8.7170123260369
"53",967.601571480861,5.58836180865348,7.21024488037411
"54",1012.9290825356,1.59784740940963,0.0883878058708043
"55",966.924194821923,1.1206021140517,-1.35343958124858
"56",938.626560422553,6.01865833801983,8.11377976575678
"57",1275.49163926145,6.36881947727906,-9.41876062746378
"58",978.576235221172,6.26927886493323,7.10116251405061
"59",1017.81314156497,6.11574885268401,5.00703100336861
"60",986.68548839508,1.93098625146356,-0.0861524870515697
"61",1229.86325743186,6.05742065496089,-4.72889596414583
"62",1210.45032043082,5.91766620489591,-4.865349663258
"63",1187.25625526886,6.4214918799804,-2.99253293064319
"64",995.202156469719,4.82304098901183,2.81351891141773
"65",960.942574135807,2.10330155636004,0.684823755912385
"66",1165.94213899272,6.31407359792697,-2.44378286277126
"67",987.065221346464,6.44532712860742,6.67131050896722
"68",1006.56500968208,6.28892454527004,4.06450030292998
"69",1274.65734893519,5.910079955361,-7.00212383370153
"70",1019.5655154511,1.12115054982934,-1.06175834426995
"71",987.467402990892,5.39793585775185,5.99181004047337
"72",1033.16436986687,6.18710376886851,5.4097358001631
"73",1010.814600524,5.38898477957338,3.47485293592641
"74",1185.18260688058,5.65242711907048,-4.16130994059809
"75",1036.97207434671,5.87937931577806,2.04858332698831
"76",1217.02716706723,5.83716441075425,-5.9057171540777
"77",980.540434582925,5.73812807721692,6.5942688899921
"78",1184.70180856485,5.79028681409233,-1.59308465718336
"79",1019.53914771522,6.11073079763011,3.09340816700205
"80",1197.43159979447,5.93326403338814,-3.63987462851239
"81",1175.61014891395,6.26919409936225,-2.81495175240289
"82",1052.5156798542,6.46402198383453,4.23536333979771
"83",1182.34017287377,5.60618369028053,-4.1635609120506
"84",1191.44009536927,6.24412191990239,-4.13089178265193
"85",1057.90280884233,6.86043530364552,2.35072176889255
"86",1170.69246330686,6.17355933846513,-1.71272308897267
"87",1202.23303099909,5.93286878702564,-4.69077054168224
"88",960.505430008802,1.97906699587582,0.682707486384845
"89",972.351076637144,1.73317533725174,1.23324930848812
"90",1009.91353007152,6.27099866939184,6.41062482328161
"91",1003.7001150343,5.78926351206771,4.91702280094889
"92",1008.22683555419,6.0518324855903,5.9274718368465
"93",1036.15547712663,1.86715051399994,-0.470023169982708
"94",1022.77422513926,7.28372337598146,6.77547907248102
"95",997.755788293129,5.88327410814666,5.50272256552832
"96",1218.99495330684,5.47442074639005,-4.73741543892407
"97",970.536857347034,7.41468600051992,9.31334343030266
"98",1004.16361036359,1.83592861387366,0.65181134803208
"99",1012.50037037123,2.04020939108199,0.215304444387528
"100",1010.28123665016,6.59840278465157,6.519229956279
"101",998.546010570836,2.76885729051114,1.2317430605194
"102",993.059079001066,5.77592000600389,6.34659838573307
"103",1215.87376452755,6.20911687048545,-6.47519065795418
"104",1194.80557116308,6.37263350420486,-3.99711825026172
"105",1183.4234143647,5.12430690374318,-3.19310618466093
"106",1057.26163896254,1.61187139596983,0.0895712598247432
"107",1005.52484354654,1.47038419182634,0.223819698716798
"108",985.100456681756,2.17310041995188,1.11246575352702
"109",976.846174825876,4.8157347739263,4.45262463227173
"110",1236.98488161813,6.02584704664757,-5.91363681902701
"111",975.466957469772,2.1298324937198,0.980333971965589
"112",1003.73710178945,5.96064673708325,4.80028440195247
"113",1018.84598011603,2.08458138110907,1.54965759741355
"114",1021.15019821771,1.82965186407307,0.46003474386076
"115",1010.80333439986,2.41690965571318,1.77013541174211
"116",992.92365920651,2.34322649762675,0.77131857565293
"117",1014.01567501203,1.87653466505623,0.422902840847785
"118",932.127861208255,5.82575237373618,6.67134280217798
"119",1026.9544475392,1.55357108067989,-0.292282887372325
"120",1205.96324790885,6.16276435482693,-5.0758936066161
"121",1000.46436785632,6.35895894601753,6.6522785639467
"122",1175.34015034767,5.73287666522046,-2.04950435580724
"123",994.750695111377,1.33083516968996,-0.282736700618412
"124",975.196153622902,5.71040694280764,6.69023779821527
"125",989.741037099835,5.55068494495387,6.73826507121105
"126",1011.09003785364,6.20139042138573,5.15112316552836
"127",984.705872895057,5.96662095664588,4.82916993949646
"128",1163.15758978818,5.78815516980625,-2.90457381683088
"129",1212.59216186773,6.01449641077398,-4.57840181322981
"130",957.705731075783,7.11707845834612,9.36689696535183
"131",1040.23812069411,5.75906750996644,4.4457787629991
"132",1227.92904964339,6.0792667008552,-4.13170931614143
"133",1190.81608941525,6.92196698594372,-1.96254713792175
"134",1197.20819109021,6.64598365449056,-6.09959049396514
"135",985.768538419453,6.00308231539155,6.74602638729919
"136",1180.07187663673,5.80786820688677,-3.43512331811247
"137",917.132873676643,5.81449613758153,9.4015488370763
"138",1004.24983393968,5.7515951942311,3.75861507054159
"139",1206.7437039323,5.72895472110197,-4.64165835974515
"140",1221.69828443428,6.24386486745214,-4.17154354822607
"141",988.128713967629,5.55026793488193,5.62169933019864
"142",1182.85911497788,5.89485673009586,-3.31217991727368
"143",1047.12922900983,1.50785337959859,-0.174628224043986
"144",975.122626376005,1.5223025763975,0.339219065681163
"145",1166.09407301138,5.95750855788448,-3.03398325295604
"146",1180.12986397228,6.24569892939154,-2.07022181605194
"147",1009.47479665239,6.2823740755112,2.63768045339932
"148",1066.70814964259,6.3991274459956,3.66504372649844
"149",1287.94537420602,5.90482543321012,-7.90514596454532
"150",1239.30214978333,6.40552699324949,-4.62051665411913
"151",1201.15184287264,5.89100639373901,-3.31178094926715
"152",976.562136272446,2.59551087810183,1.11042624567168
"153",1002.11229525066,7.0075164369201,6.10622054289886
"154",1161.33778354309,6.24777084415254,-1.028417767618
"155",1025.27723369992,2.14467487298571,0.875094214862278
"156",1236.9238819049,5.86256893092106,-6.59940778622315
"157",989.263897976148,1.3835195210073,0.367589940077262
"158",996.815894399875,5.47060278970256,5.0861740547356
"159",1019.62266715155,1.11027216799206,-0.300757388971451
"160",1145.62552736408,6.05401714847944,-1.52664452219437
"161",1010.52551508976,1.62282978105861,-0.231099554933095
"162",995.834247426895,1.91563137884659,0.636091910566379
"163",1212.73185352605,6.28670094339167,-3.85116072663061
"164",1011.8239359098,1.95867197972804,1.17633724757282
"165",982.748087516134,2.57116143500048,1.4642714570363
"166",1025.04346421205,2.06957112630959,0.820708942124199
"167",905.035584282669,1.96949292509434,-0.506552073941991
"168",984.546004909239,2.88103909414368,1.41770616645611
"169",949.231467089585,6.56866893995915,9.63426529442358
"170",1012.91922924169,2.23882049472794,0.686081545976812
"171",1002.28396226952,5.82566807419141,5.59845466588052
"172",1202.31615086207,6.3131917430658,-3.20303916758789
"173",988.876438718903,2.55709370592525,0.781424069805914
"174",961.619454095989,2.37119227990484,1.42028517895473
"175",1160.0337742476,5.61079581902685,-1.33871802478719
"176",998.475792027888,6.68522377977903,5.94210540190812
"177",1186.30981445321,6.10397384952516,-2.3905643866001
"178",1025.33793228875,5.91859408607111,2.62619743269196
"179",1041.16808353429,1.81023963009277,1.19199928670109
"180",1015.94901899773,6.04143820421451,3.86828993402008
"181",966.863842047762,5.37856381026082,6.97947312503659
"182",1199.08433749167,6.63680688866254,-4.18134976265496
"183",1245.8503204633,6.24707130479795,-7.07403343097827
"184",1022.48890286449,1.43803524874859,0.510474518011685
"185",1033.32002573851,6.47220335799306,4.86171196626723
"186",1009.464707638,2.2391541489411,0.204442573506769
"187",968.424232140771,2.14028082593336,1.21294748863074
"188",1035.47004484101,2.19538200658632,1.6273858663238
"189",1017.89674505894,2.23079151607755,0.221319619677219
"190",1192.90424798696,5.90833306927319,-2.57812363186286
"191",1017.92352773665,1.64384027773988,-0.303385629830128
"192",1178.07249923847,6.06134192515994,-3.65214732018362
"193",986.559215976828,6.5530210675363,6.50499203312428
"194",1264.0281932088,6.03630109829396,-5.73319870997815
"195",959.167183706492,5.31564782504368,6.37032010210509
"196",1236.2540108224,5.7339712736173,-4.5655781303147
"197",1213.54394142417,6.16062990303604,-5.55152388558152
"198",1156.24851711669,6.05004392390208,-1.16824100019774
"199",1020.43512406336,1.32927673399444,-0.172307195589065
"200",1001.10073818781,2.32303756113502,0.677613426279791
"201",1216.26604215573,5.59323610343973,-2.69143067831246
"202",1177.31474233617,6.14081959782371,-0.777812112287013
"203",1018.78770002892,1.29467713511449,-0.157596397747955
"204",1003.0239216147,6.12372201104562,5.71703036470782
"205",1071.26203089448,6.06964392705111,2.63328576630862
"206",1173.73085633508,5.77307168714868,-2.82049575226281
"207",973.637140136226,5.68202596107297,5.27347113246815
"208",1052.89734509702,5.48096534793757,2.0876208976428
"209",1221.02114448338,4.34694367047212,-3.60282050865255
"210",975.124209799912,2.22372535445303,-0.1331821756346
"211",987.230228049058,6.67037743448292,7.07081949354374
"212",966.168655736468,2.13999744333501,0.616104352335075
"213",1239.25226543753,5.99414436727967,-3.61242672787718
"214",979.259695317771,6.18269386190877,6.09400821084536
"215",1193.68616540811,6.40553947111214,-2.51605190189396
"216",1155.02892455444,5.80923006209777,-1.73164328342505
"217",1142.89482196257,5.54149436229544,-0.00842183515188522
"218",1041.1144054267,1.48627578713864,0.47402176534597
"219",1197.9646295735,5.42040554401792,-3.81324524403421
"220",1033.32271039351,5.9533751849181,3.20753435878291
"221",1214.2573633118,5.51965484784613,-5.12895490758628
"222",954.571251836887,1.92880906740181,0.456000330342998
"223",1035.67681692881,2.06181219260342,0.34559136928842
"224",1037.9521442159,5.68581913568676,2.6289101113298
"225",983.42053277614,2.21367628022116,0.489804270407351
"226",1039.01744605839,1.84756534951136,-0.290217588222759
"227",1206.21132884908,6.47696323807061,-3.9087976299582
"228",1172.35941423955,5.93272049184145,-2.49854617941992
"229",1027.97506478809,5.09269525857917,3.14598992685837
"230",988.355922725193,1.10370734310501,-0.476710315144542
"231",977.039779934179,2.0512549103882,-0.187721307283635
"232",1163.21448972891,6.59770064044335,-1.8095979681347
"233",1033.66289785176,2.07868198640805,1.2068129246845
"234",1180.9583846221,6.15003196757733,-3.80415210235316
"235",1218.96249404609,6.0546617620614,-3.31486215631046
"236",1000.76925960625,5.89251324274599,6.00794098011114
"237",1006.04457923908,2.25480403645126,0.557972936933103
"238",1019.1364871137,5.85998614338796,4.29299868667043
"239",1140.85550188976,5.73080799343072,-1.44134487046272
"240",1158.66635417644,6.4049016168329,-1.58958829689353
"241",1215.67224796892,7.15431678047804,-6.47288558107142
"242",975.38835778847,1.79379571833108,0.259258178365756
"243",993.305880649443,1.17152931794346,-0.780378257937394
"244",1039.38478383331,2.80911829733396,2.05774821469385
"245",1235.10435056203,6.23042437161327,-6.42881923804379
"246",980.514435820562,2.21010399869602,0.922270317234878
"247",988.487507530614,6.92790729733017,8.66640150219638
"248",1227.73481850804,6.30589978670617,-4.1389726494191
"249",1189.84655674472,6.27781356613435,-0.985004582255878
"250",1191.50655475697,5.856261791401,-3.9943649317424
"251",1063.05557053731,2.01574924908532,0.0373559663300104
"252",1195.54594541318,5.93930452253216,-3.25371464611997
"253",944.85062570739,6.37570396718027,9.45270318896768
"254",1005.12723091661,6.0878490348338,7.00120676395807
"255",1203.04209120209,6.31334277563983,-5.27397904654915
"256",1008.82442794787,1.37617365262956,0.863196138023816
"257",1015.16301574018,5.97264369896962,4.06374227762731
"258",1222.91913854893,6.40074864907515,-5.05425840226824
"259",1222.46459843945,6.00070224851084,-2.81386974290242
"260",1008.55288289171,1.38873641266983,-0.739081209286702
"261",1003.25886102587,4.70950586189492,1.67913056171362
"262",1000.33141086687,1.86635193431582,1.33996799802771
"263",975.46949482641,5.93268504632882,7.03503075720128
"264",1185.22258087389,6.33549386868649,-3.30212288051011
"265",987.708280523491,1.93679644546376,1.28212067864944
"266",1216.88445761662,6.0742490005708,-4.75519147305617
"267",1022.08501785999,2.69541497116056,1.05260569451294
"268",985.382486396689,1.96142208176535,0.894657361690978
"269",1183.48396757013,6.31203521524075,-2.19859797212089
"270",976.60380989009,4.99789893677538,5.74742026095633
"271",1043.99888422575,6.05759878797165,4.65389859283658
"272",978.334246616876,1.89877706468761,1.09338248182123
"273",1218.68256998072,5.56286026239764,-4.18780073120402
"274",999.541348867269,5.41607699089206,2.81392177328245
"275",1011.76710333304,6.42611478786116,5.54862629982747
"276",1234.2620473645,6.25633133536435,-4.52500036537177
"277",1000.42906570131,6.03549520969256,5.72770973744102
"278",992.488558980387,5.64818623752943,4.34011578544444
"279",1224.14262716772,5.56444859298621,-7.44586742733961
"280",1186.3396617485,6.0252032115015,-2.13032584186427
"281",1195.53596842001,6.6997911744652,-1.94550094906248
"282",1211.76819083473,6.28500642623394,-4.54262661953567
"283",966.826151782511,5.74746749188704,6.55200651394829
"284",998.832237508593,5.89836149938681,5.00941440007291
"285",1032.18262583867,5.88126617787182,3.82274218151955
"286",1169.98924713732,6.53123846644526,-2.19842066221933
"287",986.719403576711,6.82397497981891,7.52742183637373
"288",1045.92398809977,5.90838020604151,2.01605901038088
"289",1007.32810717968,1.6827226473293,-0.94614713770716
"290",1046.19128354177,6.27365977229806,3.68124743584723
"291",987.794350330939,6.12176254599293,6.08274048379371
"292",1226.51966550263,6.37596852573874,-4.49471856522976
"293",991.832849514703,6.03936460582628,7.12234095036336
"294",1002.95352547895,6.18201808195761,4.47952805832757
"295",1052.81559725347,5.76552286341672,1.47037225255618
"296",1026.14877008747,5.137596713697,2.74149050932982
"297",1226.23960086552,5.86009210851543,-4.83495093196682
"298",1189.42087597913,6.27240203079667,-3.00942103320281
"299",1157.60860485559,6.47796352076304,-0.656624148649346
"300",957.641466068922,2.20751069098455,0.446933843851816
"301",996.668209581555,2.25202255063861,0.877454740434987
"302",1034.8419935282,1.71563465830154,-0.6366573575389
"303",1186.29996144248,5.99526477111456,-4.46991355593999
"304",1217.2306181818,6.79556435578592,-3.60945282526645
"305",1200.71328694123,5.75207838072152,-4.23226867452823
"306",1006.01851241548,2.11807395820938,0.981050895384836
"307",1014.95750670025,2.15678500055628,0.460330321885715
"308",1032.9364342344,1.8068051984344,0.738345430712657
"309",1143.12531898358,5.70904341252482,-1.11803849134346
"310",970.199036078454,6.12492367231942,5.84573150632233
"311",1011.17415637761,6.12596816511599,5.22136670393999
"312",1206.7051057788,5.62185089518451,-2.82565483470126
"313",1041.76278815703,2.3641763635527,-0.25702366466012
"314",1012.26778974258,6.4016757436698,5.47204888217241
"315",1174.30695522614,6.78012100488146,-2.35860035061047
"316",1176.09072090911,5.35050015603267,-2.55639156095371
"317",1035.48268378887,6.68330592656932,5.14300067110255
"318",1184.64065437063,5.27643767162884,-4.4893363660993
"319",994.807909784391,2.01801429071887,0.139579471973364
"320",1038.66683329731,1.67800596821893,0.598334815222455
"321",1002.35697465164,2.32036888153181,0.645604763351929
"322",1239.04132094786,6.34871357341989,-5.36310615550394
"323",1004.30611170253,5.86891605057514,4.46449584408073
"324",1186.44176389534,5.94035665105607,-4.80633137219869
"325",1194.4645580369,5.73591917379491,-4.81157310840169
"326",985.457172088446,6.06714558868139,4.38817689688429
"327",1180.8889299491,4.88227436480861,-3.9284174989476
"328",1194.28672259976,6.20009430185636,-3.29023727608993
"329",1000.21768141987,2.10413107619203,0.887137445078696
"330",1012.64120717216,1.4491612702226,-0.604818999931969
"331",1162.20221585096,5.06425445515178,-3.04679860494662
"332",1173.13037541296,6.21086174207738,-1.58853053148446
"333",1006.06250347325,5.81748624414401,4.61240460575127
"334",989.580872764474,2.24772269566228,1.19284586815302
"335",1040.38259180103,5.33432952685743,2.06209106408792
"336",1203.7106281896,6.66078069052695,-3.52572166169711
"337",985.943428475206,2.60530318029464,1.83263933783504
"338",1225.20342262245,6.00068371924505,-4.76883469070884
"339",1162.24279881263,5.62754552014398,-2.40730597187286
"340",1162.72556166009,6.95695922036279,-2.39799211856135
"341",1166.49069400644,6.35074905461244,-1.71136193317793
"342",1056.79791207331,5.56768127061664,1.9618988543261
"343",983.749927623657,1.78997364883493,0.684696036396943
"344",998.925407766113,6.54454774192725,6.08392879819851
"345",1018.57953475079,6.19341351548909,4.6477489484924
"346",1008.46038669681,6.04718567464795,5.96955622426817
"347",938.558790908546,1.91929027880277,-0.00110947546151668
"348",1215.33009947273,5.27843151039092,-5.90510714224733
"349",947.96554204129,1.972287993122,0.224171453317981
"350",1229.14774230781,6.32408051435167,-4.14397605763866
"351",963.835431162013,2.28996923817342,0.087321277882255
"352",1003.58521939547,5.5381770319695,4.1155647008814
"353",1232.14441466705,7.05960458814794,-3.43988633870046
"354",1011.43813737549,5.78412257121453,2.35565055854272
"355",1193.81049870779,6.32438818381255,-2.96031342411531
"356",1031.23090173446,6.28962396884809,4.44620856573408
"357",946.104457498375,5.68295723718208,8.55454741823323
"358",980.985497863506,2.15523113201128,0.827142999873018
"359",1218.68400152661,6.45028069734182,-5.68129858158984
"360",1161.56308241516,5.62968566183078,-2.92985836832375
"361",939.716392116954,1.79544644052388,-0.105238207739686
"362",1040.17351356306,7.01131980614684,4.5914798872313
"363",1011.67950686488,6.46376713964041,4.90749893535882
"364",1119.048206096,6.61938500131175,0.574078324653393
"365",1149.09271863984,6.61215113082377,-1.29278580584141
"366",1202.03131200514,5.36588672432322,-5.31256810318038
"367",1150.35471784759,6.61862655796247,-1.50386058933257
"368",1002.88228864382,1.46032004661959,-0.523724660051766
"369",1009.29797907044,4.81369465412689,1.55130330350881
"370",1193.34235101943,6.38051696014676,-3.41187300079859
"371",1246.62534401385,5.32064681493416,-4.40529736305796
"372",1027.04880282566,6.21935986905661,3.31327885961942
"373",1005.43836405797,5.94282966216685,7.2933306146985
"374",972.433926996448,6.32687560919473,8.02269419236509
"375",984.526975760002,5.78236328762332,5.75211279836164
"376",1239.95008344116,6.15214670025964,-6.43174222685415
"377",1081.6050408297,0.842604792745987,-1.00436225468565
"378",972.292466359901,6.15796104005414,6.88485811565885
"379",1025.27845592769,1.92590433136372,0.86939304856648
"380",956.999347200358,1.96476518910968,0.456393720256255
"381",940.272386932591,1.67875644267593,1.21729162495557
"382",1012.9778643601,6.43395788165928,5.90056839503823
"383",1020.57763935566,5.96970537413365,7.24837629187707
"384",1070.00870567169,1.8008507799412,0.554382418353181
"385",1225.08253208838,5.70645678490437,-5.91709148633598
"386",1192.83545702101,6.10186688464001,-4.43306530671549
"387",1202.43701561412,5.55586988452309,-4.04703766149848
"388",965.823105917978,1.95745609410214,0.858180912157402
"389",992.667690007739,6.30089407552675,6.71157881851611
"390",1157.01841215335,5.58541567692633,-0.649497950973811
"391",981.544200142091,2.54855883034197,1.50169429973782
"392",976.818942906218,2.21884563666554,0.718249785031041
"393",976.352709459886,2.56345283856715,1.04328650889581
"394",966.237001917801,1.54463998442572,0.294739916440254
"395",976.153567269748,6.40498516940567,8.46507538642292
"396",1022.66083409151,6.5409161180312,5.83182325157503
"397",992.628921602888,1.96863040097929,1.56389888721714
"398",1208.22133242843,6.47090546014879,-4.18907406179829
"399",1010.52503269444,1.80529271971715,-0.291880300274751
"400",984.771110218922,2.00428050908764,0.874891925239203
"401",990.494417604671,5.84021690937248,5.4885944867543
"402",1176.88250610074,5.36957203101989,-1.34925860478341
"403",995.256421127916,1.56409565141533,-0.12229516314193
"404",1017.8870158786,5.74430237057236,3.14878077896891
"405",1156.00684158028,5.48748599771967,-2.49508425405487
"406",1179.89999894208,6.51890903730283,-2.99333000136488
"407",951.195109283158,5.66186959969256,5.71723387428147
"408",993.425698282947,2.50661030831623,1.18346589338191
"409",1175.48917861355,6.18554467500283,-2.96133057499649
"410",996.279524065171,6.06210825117767,6.28342363621347
"411",1023.90670824989,1.51144372263138,-0.209764168200679
"412",1009.11516126577,5.98452839834001,4.8966574576294
"413",965.831454723807,5.48851575946704,6.77489174882811
"414",998.117147823261,6.61949129367772,7.17700653214729
"415",987.931639046099,6.39359622131148,8.44083165280302
"416",998.347506433263,2.34682339416954,0.934686197950832
"417",1232.761396363,5.31310575165235,-4.15183769058474
"418",1200.26904939306,5.78884656628156,-3.17746552905714
"419",1037.60589913311,1.33726987170625,-1.21047761001261
"420",988.479642952522,5.14854589828409,4.00297820278817
"421",1017.68336061805,2.25590927486352,0.447836921281996
"422",1015.4706547756,1.97537376745762,0.412319383302137
"423",1021.45065637582,1.54881720425151,-0.330159551812581
"424",1236.31406521527,6.42499202765338,-6.17011561522519
"425",1224.62295511511,5.81083665950471,-6.32433273675798
"426",993.804670025148,6.11350399955807,7.29310753108593
"427",1002.03673563786,2.59391674819744,0.930935759122459
"428",1204.44537369862,6.25680951638155,-4.24464267017843
"429",1004.24790529288,6.86590245575276,5.85469544763307
"430",1073.55119163538,1.53201045820215,0.682733157992315
"431",1223.38040888941,5.22687265514888,-5.14768298716024
"432",1160.21263606563,6.37982359798229,-1.61699112300724
"433",998.294240839498,2.11943475681784,0.718363234064278
"434",985.727039183297,5.58029519616308,7.07094066789396
"435",1010.971479139,5.46396515355991,5.32965464789844
"436",966.770051343754,2.02686781262531,-0.590200125526293
"437",1024.42869650452,1.873977398578,0.476520870276519
"438",962.567522942184,6.86381113300699,8.77282478071468
"439",1238.51713478104,5.87110292916221,-8.27662511360588
"440",1216.0974057054,6.08116232318361,-3.45493182673758
"441",1213.53100005266,6.61361620580696,-4.24191885113418
"442",1051.77939337438,1.66822825803414,-0.0437478949711123
"443",1037.08635677694,5.57825039543878,0.99113803023325
"444",1014.93030670209,5.59766203240402,5.62140576733437
"445",1045.70471621602,6.0771892500066,2.63925432588685
"446",966.470536859819,5.51756241236219,5.2844535972795
"447",993.153561746957,5.75466706235131,6.21789741678651
"448",1006.19671197515,5.52738404577947,2.30947450007975
"449",1032.58036638194,1.85400927641783,0.224458730313851
"450",991.145555358584,1.9031973326264,0.161239254912989
"451",982.302760016053,2.43313098878759,0.903408462405453
"452",981.28268260109,5.68512044754478,5.94941174321626
"453",1215.75034665517,6.05596226116016,-3.75585682385182
"454",1229.45273424399,5.70161438072804,-4.50569938556307
"455",1208.15171329384,6.70911458591317,-2.72740291624615
"456",1173.24416658633,4.9144462468612,-3.54974585501363
"457",1050.82218160964,1.7881685268782,0.592037262475143
"458",1237.92186383091,5.22094698928869,-6.27975263072389
"459",1015.3910061582,2.69691687884325,1.23701021988196
"460",971.472591609208,6.14192414675491,6.37239820671798
"461",981.254435833299,1.65883145963353,0.00671776658966683
"462",927.940315686084,2.17447089352268,0.853463093817249
"463",1001.18807749162,6.92161993252153,5.65495940151899
"464",1004.7430432628,6.22112252940023,5.24071523352224
"465",1142.22021004679,6.48837369364823,-1.14956048963893
"466",1021.14367092393,1.94468791413345,0.455585823495923
"467",966.251615676256,5.48681542108042,5.65967869029541
"468",1049.74792376965,1.74062773356922,0.724172964794951
"469",971.27246373961,5.49047788724504,6.55221649463456
"470",1159.45024052562,5.57253236024738,-2.1468552141704
"471",980.208209595589,5.84368731289594,4.179336568168
"472",1042.65742662065,5.84036729508522,1.13488576091943
"473",952.298162139264,5.65180839274421,7.47568261106573
"474",1002.58315523451,1.50032883557641,-0.353248904987331
"475",1014.21616128898,6.30808132548174,4.75745816115108
"476",1010.17055802371,1.91838537384821,-0.423138280164949
"477",1151.7912363598,6.23082990082302,-1.26675804262835
"478",963.622626894689,2.07799353050017,1.04442532993652
"479",996.598307960531,1.35939811943108,0.667895211857215
"480",1004.07895082473,1.81789759728224,0.137540218587323
"481",949.85143698022,1.90048397037697,-0.267601540148286
"482",1224.44737648101,6.83937315900865,-5.24109954943525
"483",935.908687157977,6.17489696063833,10.2246752444971
"484",1208.85076655294,6.0124597678926,-5.49272826662268
"485",1034.87346520215,5.68858831363757,2.41920046379325
"486",1188.52134078944,6.26122741651749,-5.06585062650088
"487",1025.62590036666,6.51548203576072,4.91869117280574
"488",1035.86943639164,5.35271385095936,1.61122714777516
"489",992.215365108466,5.08600586461936,4.53618594778876
"490",987.175680195466,5.67601420930379,4.4298565430126
"491",1264.8216132132,5.41410031737199,-8.87995635807823
"492",1020.80981269894,2.12197595918734,-0.302473527784337
"493",1200.37653934553,5.14696287625803,-5.64394762586325
"494",1260.59680670539,6.03440217388108,-6.49957621703042
"495",1024.027748848,6.26582651470587,4.30693326074225
"496",971.041260528988,2.21231701520793,0.724700648976603
"497",1039.38598281822,1.37452604160861,-0.049926028998813
"498",989.910918849824,6.18281533390698,7.71214881573256
"499",1059.39511276414,1.57748925889945,-0.105010993474145
"500",1155.90463877741,5.81014278647615,-2.40813728216367
"501",997.684315830415,2.16895428381335,0.262322318226333
"502",1033.91451881651,5.3281155688818,3.42432884429351
"503",988.836284786213,2.23535737537579,0.29063878424783
"504",1146.09511488122,6.23408760254757,-0.347433521847594
"505",1033.73809564028,2.00856212505036,0.400988733465052
"506",1025.04068419748,5.60719235842728,2.08487113027891
"507",1201.74980401092,6.39477520008889,-5.64969108135537
"508",986.125058867658,5.59229657286719,6.0325893093704
"509",963.769234668073,5.16320361431564,5.87096843274046
"510",1203.1177945734,6.59604972311453,-3.9005908930867
"511",1017.49311544392,1.82292519873593,0.637796995961045
"512",1184.8142846901,7.27309223930161,-3.65574985280673
"513",1244.31016966861,5.27440864702736,-6.93912775660131
"514",975.684676551117,6.2977565651638,7.38200026826644
"515",1017.83348237782,2.34202126280241,0.999309020565171
"516",1211.87648785472,5.81124298471822,-3.32998224492343
"517",1197.70406727046,6.07614629526037,-3.31048789437558
"518",915.016646799914,2.70927441478764,1.59499911728612
"519",1205.45045120711,5.78214643306332,-4.7456896419306
"520",1006.55235779419,1.95971811013273,1.0129882887549
"521",1171.15761825186,5.52016817819585,-2.51922034922465
"522",1006.10035865288,1.46533473052727,1.00018654833765
"523",1057.14021326148,2.62105165332771,0.97413043904979
"524",1253.82490330257,5.80309673499349,-5.91189148606487
"525",1027.03992769069,5.77469237796174,4.10866476103395
"526",1225.09685384414,5.75238867212796,-6.78595461896782
"527",1030.89493962612,5.81965330507119,3.26290214688434
"528",986.265206554908,6.02079617006806,7.17750266159684
"529",1169.41160533465,5.87085904397025,-4.02008219482987
"530",1046.64726730723,1.28696346824996,0.273892762798506
"531",954.410591501727,6.29523013303739,9.47533784742729
"532",998.00256177696,2.18595298466742,0.480973920611851
"533",1195.28088731829,5.86812148933998,-2.01445424652418
"534",1012.53338889753,1.63483552892699,-0.258229017966398
"535",1001.6324455431,2.7649747481392,1.59379074388225
"536",1227.3210693039,5.99068825334316,-4.05524963531438
"537",1233.16295436765,5.12219632559541,-8.33033206870657
"538",991.580580175585,2.87940385787297,1.94831178415991
"539",989.721190648951,6.29707399817419,6.19976398915571
"540",953.552462809744,1.37711644984621,0.370461612138828
"541",983.404949289491,6.7293629520392,9.05673565552814
"542",940.587963509181,2.231681232451,0.964469776726453
"543",1040.93676116111,1.6586360816007,0.524694805685068
"544",962.80084527065,1.75604169293165,0.356585958277909
"545",1037.20308403609,7.00443773091283,6.26119984636645
"546",1199.69189736779,6.48419645442375,-3.78423876206683
"547",980.06116585349,1.66571906790933,0.31517326823162
"548",993.706826451413,6.09964331881015,5.28291211136357
"549",1037.28357717702,5.82879613010249,2.28746086083359
"550",1015.34640135781,5.43905525935752,1.97185942708446
"551",940.465781900412,2.05178774243412,0.98517460155229
"552",999.814631902256,2.27590966387928,0.80637386782608
"553",989.329360313107,1.51618416911793,-0.311617881953685
"554",1006.40986045031,6.18123492964573,5.98031666595875
"555",955.906664600371,5.77324146832935,5.5202280538079
"556",954.316093442368,6.33208245829601,6.33314944209777
"557",971.179057450317,5.52651736715127,7.33782962720913
"558",1218.51381523308,4.91851338425758,-6.71682789472942
"559",1182.56312237496,5.9113579973963,-2.81761967136351
"560",1000.05064744025,1.19791835922795,-0.00148908265580761
"561",1001.45393809329,6.10573565878692,6.4744822126324
"562",993.572416742478,1.95161646655509,0.42043126396519
"563",1041.43400921708,1.91760673859234,0.740960554895826
"564",988.376796797368,6.61100200235124,6.54473895562834
"565",1018.16844755167,1.89298721373332,0.605601764996065
"566",998.596974484579,5.46914049227594,5.42277541357762
"567",1034.18883327997,2.80177933676574,1.74940184857764
"568",1017.15257404078,6.20804952307965,3.85626412256243
"569",989.253247768169,5.40687642123594,4.62856189025516
"570",1156.90391671533,5.97826914867897,-2.11439649832045
"571",975.484591418466,6.2078056635199,7.15712336280403
"572",976.588653455698,5.44710065659992,6.30066045900322
"573",969.533191789505,2.23813418630118,1.37127875164331
"574",1231.67816669263,6.27011450171848,-6.33802931930743
"575",1232.46741240978,6.52992369476565,-4.54316884110316
"576",914.711292542334,6.43746976848373,11.9154906156191
"577",965.432874628319,2.31529170117108,0.494319097585178
"578",1032.78934632121,2.54600344583857,1.01226534884945
"579",1015.07311833924,6.62041759438457,4.49315394914538
"580",959.709605753287,1.47560511884402,-0.394389857315565
"581",1158.58180525379,5.23599373884177,-2.25993960416208
"582",1005.11945298741,2.06233389757497,0.16713054161327
"583",1195.92667659472,7.27534286264934,-2.55614022479479
"584",1204.12479561021,6.30311058906441,-3.78928661881335
"585",1167.14182031636,5.34265342149095,-3.21117470637049
"586",998.937941539226,6.83524609421081,8.0474900082323
"587",968.010759802288,5.66159196365194,6.55804634624267
"588",1274.21838766506,6.02221500049918,-8.30391554657929
"589",1049.74865638582,1.4716086877889,-0.474940233677343
"590",1035.55640792466,1.55063216991834,-0.215663354679848
"591",1148.71085376031,6.65222277568661,-0.670800809463636
"592",1189.95640016878,6.08440468399698,-4.74485680752676
"593",1144.5770504508,6.26313265169482,0.456229394615974
"594",999.93798934061,2.04144220370793,1.21153955741585
"595",975.486092195415,1.4564233696464,0.130824134684569
"596",946.309469807704,5.98448620815744,7.84066485575883
"597",1007.48263081127,1.90873617882492,0.40462795919769
"598",1009.74482724953,1.09281541446252,-0.309501170137019
"599",969.212614095565,1.28859875862078,-0.156877948575314
"600",928.896302915091,5.40176761946408,6.59143753778048
"601",1031.56786731968,1.7338220831158,0.70682449274077
"602",1034.33771939072,5.60496539336502,2.96781139991701
"603",1189.59938336154,5.32397286256858,-3.06651991296857
"604",977.65815498692,5.71382709940628,5.73551046428619
"605",1035.82439358262,6.29388813787443,2.17442974899463
"606",970.120462306667,2.28325637011538,0.538678121276609
"607",1233.94252419083,6.18461837846487,-6.21569926072955
"608",1019.5107222481,5.52356259424491,2.78812138872075
"609",963.561896907419,5.91532972434336,7.2328971545433
"610",998.831059101737,6.46098648155689,6.27926676736378
"611",1187.34368375032,6.24584912809465,-3.6966020327949
"612",1030.53873799821,5.46187055478824,2.69452153357468
"613",1207.07300985836,6.73829332322212,-1.5849162837234
"614",954.289738229995,2.10120601084881,0.378579065367803
"615",1196.07381550968,6.29293582455415,-3.96318532473644
"616",1046.69194382424,2.50769501424444,0.97375037465056
"617",1022.48772705908,2.06797426464175,0.703746936802193
"618",1031.19006930847,1.56767118934904,-0.281758402794136
"619",945.336324437393,2.59847520815225,1.39677247913503
"620",979.990265116316,1.56480646664411,0.0969362644809801
"621",913.873077292833,1.65552300037297,0.520436335954817
"622",1027.92328362801,6.43794404921998,5.6277572057367
"623",1022.98493025955,2.63515211280393,0.72604773758792
"624",1231.43592107366,5.92491517808761,-6.73401932778134
"625",1052.2258915778,6.40282061238744,3.50633955332358
"626",990.539564985265,6.07005750857877,5.74920220857267
"627",1228.59839088955,5.68303330573228,-5.56220029793195
"628",1049.9785634603,2.27924786944487,1.12604438504173
"629",1196.66948956709,5.67649848744278,-3.96616531259964
"630",1132.56420720064,5.76391584371925,-0.368510789805697
"631",1019.84459915374,1.88643154183525,0.775323035280121
"632",1009.88272884823,1.85795218055341,0.697156794320922
"633",1014.73316422373,5.61851956184892,3.72594392107871
"634",1010.06412708188,1.51293629653581,0.328678209143473
"635",986.501620330858,1.93438378710373,-0.38240528715208
"636",1019.32045297439,6.43049658811368,4.07049468809524
"637",1007.26778416054,5.8819504268175,3.80532926393561
"638",1178.4475465076,6.88798162158677,-2.70793436956415
"639",1203.08827701242,5.65139673781478,-5.513565110437
"640",1045.38012384163,2.75623891010989,1.2053818736154
"641",1129.46422756736,6.50104580785956,-0.389296191162169
"642",961.145782086959,1.1423554714607,-0.789173414242229
"643",970.54741667609,2.57084252378723,1.68530030103064
"644",1015.16553980823,2.4473877575328,1.62948857330201
"645",1012.92359977346,5.92274016736298,3.71361905361642
"646",931.457871495606,1.93386844273117,0.0486560072261631
"647",971.79431840138,1.34192633353108,-0.273085354705778
"648",1005.15723941395,2.3969726107846,1.0873686805373
"649",1022.93404024308,2.11217608366772,0.278061862477779
"650",1047.22801929545,1.48870292707648,-0.799713079186073
"651",1041.89791122612,1.53280076730276,0.27048313436827
"652",1002.2707860867,1.85432248407571,0.54772233276224
"653",953.88308594754,2.16979808327066,1.24839131105035
"654",1191.62957265894,5.6881653193665,-3.01940784960349
"655",1024.93273904719,6.00357246569812,3.17735522256168
"656",1194.75554424162,6.84186888708233,-3.28092840324445
"657",996.024505410071,5.36153934622017,3.74956352673903
"658",990.328198990294,1.19715201202597,0.117761064419335
"659",975.216978928402,1.62544671949492,0.681005208739158
"660",1067.7699700529,1.75139918592773,-0.425498233493917
"661",1124.50772302624,5.69212887510655,0.538810313849335
"662",1014.6132725048,6.34156043262989,4.5898031765833
"663",1219.33007260994,5.16001107923617,-7.6668290123014
"664",1186.35981343128,5.45906430783862,-4.35375924129157
"665",977.612704940808,2.16050646165669,1.4401913478376
"666",1004.81193593176,6.050464750594,5.04372479514352
"667",922.224471121883,6.14460722454601,10.7151749075204
"668",959.700104553764,5.54224681612271,7.83004370240269
"669",1043.17931112932,5.65712438313238,2.56186619362933
"670",983.991868560756,6.07171395391956,6.27224826176958
"671",989.302295741689,1.63363914476414,0.223226290648567
"672",1226.57454267607,5.88356629587387,-4.00248225044545
"673",1014.78632404101,5.92521822753358,7.15489481290913
"674",1056.84934616806,1.75084840767883,0.238423776581724
"675",1225.38768871952,6.14278249751353,-4.50447987666452
"676",1014.64645420633,2.36141116515646,1.07801374360961
"677",1034.02963114743,1.22567591623173,-0.622276124966076
"678",1232.98128070143,6.80460026006075,-5.02002694147434
"679",1014.33439309193,6.3954568781819,6.2389072906102
"680",1239.39106229774,5.80486779879667,-6.62449228063194
"681",1170.94499410357,5.36409776634445,-0.991264022688896
"682",1240.72071866884,6.20784177086981,-7.60470802738088
"683",1220.27525947668,5.77815374760498,-2.98336708205075
"684",1011.96940170251,6.12012500479163,4.44864701275888
"685",991.576788796599,5.72993918161933,5.16419172311217
"686",1007.6762951853,6.11991065358226,6.06123271812634
"687",970.193698142403,1.78238288822886,0.0100103490703992
"688",1005.73128781297,1.7995876696099,1.40986695324706
"689",991.31089869468,1.90446781022179,0.274249765176278
"690",1028.70009755987,5.98457891527109,3.22672615599675
"691",1045.73828907405,5.97279727368434,1.73397807750291
"692",1026.78587709247,5.52088147439585,2.68778437693048
"693",1010.7650437587,1.95160068302069,-0.236645638508011
"694",1172.75535280487,5.78906497363027,-1.89551361761697
"695",1265.67691957697,6.23808944224715,-5.21256227279702
"696",1230.13365039482,5.52780990030346,-4.34292338592089
"697",952.364640063735,1.29286814017684,-0.132174321553165
"698",1049.36405281833,2.51430487995227,1.2655561749553
"699",1192.75040296258,6.09407135104912,-2.70426407389095
"700",953.368849991114,1.84253498569588,0.482485744316538
"701",1157.86931984187,5.97444625967452,-3.26065908081467
"702",1059.96540984892,2.89468492970397,1.87465772000719
"703",1221.51325508916,5.45845769108981,-5.94452898958276
"704",976.479812294368,2.25374549710186,1.3234867315021
"705",1218.25901974353,6.40505708333124,-6.5354519379289
"706",1006.68519258859,5.9967588797622,6.50546562130376
"707",1205.23132159591,6.26230644689697,-4.3015300346374
"708",986.320597285563,2.47298128013337,0.876650596648765
"709",1266.0264729259,5.71170875682459,-7.73268921033248
"710",1058.35469064692,6.37652692391019,3.31482721856689
"711",1001.41376547612,1.82745269793933,0.658882989413043
"712",971.954750265045,2.46489157938532,0.886393066104214
"713",990.872536586405,2.53627536103864,1.65372246637032
"714",980.92865871574,0.735540883504253,-0.36684114431015
"715",1176.16995306205,6.08475545992195,-3.32583259662261
"716",1013.75635052219,6.31564946907741,5.29639561556549
"717",1306.4782458179,5.73932327815124,-9.26249232750834
"718",1210.20672990169,5.86811232653827,-2.62135226445309
"719",1004.63030779699,2.33360267161803,0.717843722348568
"720",985.105751058982,5.37274066563743,5.1834947201139
"721",948.137664570266,1.86952161408355,0.909015537466087
"722",1030.42785449516,2.04364586349352,0.0529522486597274
"723",1209.26455160617,6.19653318688731,-5.64953769607392
"724",1008.03138712071,1.53278197505826,0.561066559864119
"725",1212.27895221032,5.9590279573127,-2.98935962027461
"726",1007.48175917644,1.77628612647363,0.411567819228869
"727",1004.43181866184,2.20519231791041,0.560752781172974
"728",1022.16244976025,1.86180132422915,1.24565606743122
"729",974.615644402157,1.57914173460165,-0.875074398067889
"730",906.632139887859,1.87168831358571,0.159941372956859
"731",1209.10172617164,6.53637365015597,-5.90956739360633
"732",1177.49730542244,5.89218104768651,-1.53962941269146
"733",956.760177241863,2.64770821901699,1.09320397850235
"734",1013.7816749514,1.74485193275178,0.145538292584695
"735",994.123264560581,6.72440476228979,5.28642658553212
"736",1227.10844739874,7.01077966256579,-4.58874095270783
"737",1000.94627204705,1.13019869915028,-0.693394172651887
"738",1163.78749466926,5.8509916612392,-2.8965447245199
"739",973.779548894665,6.42449207699808,8.29842537783026
"740",1194.29457459342,6.58816340583741,-3.73177250506722
"741",1200.67044023354,6.04711040582509,-6.09757519870014
"742",1009.94872275238,1.215882259642,-0.504764834759064
"743",996.762689581398,2.0466785505807,0.0132149291390253
"744",1182.5425980435,6.25872634889894,-2.14589671806082
"745",1209.8643693211,5.86976417083743,-5.24300288074381
"746",1001.91496384471,2.61228029838638,-0.0586600996570241
"747",975.766227056407,1.4560288620722,-0.0306575692945366
"748",998.220669178887,2.13636593081198,0.70577725904197
"749",1173.35255227387,5.21894513749275,-2.47823786746566
"750",1227.81865922139,6.57670608925591,-3.05139034349759
"751",1187.39098526738,6.00187212013929,-3.50184029057831
"752",1225.54253078179,5.81435525088267,-7.03899505681545
"753",963.985159035342,1.9005313655073,-0.121575067802008
"754",1036.73348000566,6.34217803178977,2.75231248602071
"755",1012.83172027294,2.09934963790677,-0.0136237969525602
"756",986.464919221276,5.82033099944918,5.47684838592566
"757",1012.47770969365,5.88167578412038,3.52957999028853
"758",1024.42619541347,1.72042847128188,-0.341341481926611
"759",994.492404666861,0.958814686486776,0.328555551814978
"760",1268.2143994316,5.86047171396163,-8.30098353961125
"761",912.790174536129,5.49564785093339,7.46476223512576
"762",1234.2485720451,6.08656279616082,-5.59346948532571
"763",918.455268422978,6.6532273321125,10.9079632523802
"764",1005.578162288,5.6547603419911,4.76875612183923
"765",1008.55507121311,5.30594631202915,4.21036237716748
"766",1047.05747030184,1.89135655008141,-0.0392055740687618
"767",1122.20574036444,5.68068690865249,0.222741709275057
"768",1197.24890030737,6.28208703965545,-4.17495319471928
"769",995.746613776253,2.16176716860638,1.28717977125547
"770",1177.73825317592,6.67151542863765,-4.00353822855727
"771",1203.36206865658,6.09357400500194,-5.69587203662343
"772",982.99475707213,6.77564894617369,8.45611170867418
"773",986.816526899722,6.14589032791734,4.37296000697417
"774",1006.09551244609,6.03836155254125,4.35759377028935
"775",1218.45838677811,6.3649027134154,-4.17025556037855
"776",1213.7747870849,6.14940960162842,-5.05736681039064
"777",979.640484465712,6.33511910997092,9.47914818339726
"778",1009.52707156485,6.11362006497019,5.80201144336465
"779",998.314988683814,6.60176726350129,6.95556837064353
"780",1019.30901686354,6.28175902019077,4.92799242359952
"781",990.21708949066,6.89544042270748,8.15832415479453
"782",947.220269043208,5.94184161856685,9.48434731425827
"783",1168.53997194311,5.87698770824237,-2.62849727392909
"784",990.381687153634,5.47697518815558,5.45808730801877
"785",1165.31154033743,6.31217430083897,-3.04449274019623
"786",1172.92160453503,5.79819312567592,-1.58898321059209
"787",966.031459224451,2.87089629104726,2.50909757534418
"788",1225.29782073498,6.09199071469827,-3.76211194987682
"789",1201.4273244023,7.33691182734586,-4.51665594243915
"790",972.832312613082,2.57886307025026,1.23395643694318
"791",1222.88236172841,6.18852090891947,-4.42739351193792
"792",993.043113811231,2.1018365768879,1.03003786915938
"793",1025.57934542651,6.00629007059075,2.96655082726701
"794",995.178782685814,2.05679608328214,0.652108735728617
"795",1011.41976263065,5.75593926371147,3.82170041510566
"796",996.219034380103,5.74656106515411,4.03722308751387
"797",946.113812735605,2.62308168085518,1.60439179188797
"798",1008.44604615149,5.41662620314174,5.68923272486713
"799",1014.40501602826,4.99122213804275,2.88080126090166
"800",1199.60495880914,6.16099992699096,-3.55438090410817
"801",954.078343890972,5.35733701368608,6.92365711057857
"802",1180.60533932504,6.36508710373712,-3.69206172151803
"803",1210.89864337324,4.87998986690855,-3.43923497090291
"804",978.612338707936,5.66690244159738,6.02847410044675
"805",993.737699356157,3.58598099562278,2.08540650949127
"806",969.117457286678,1.9718558369241,-0.127825495760498
"807",976.420254834911,1.74760673132507,0.262229980735364
"808",1203.14528024892,6.44823667523443,-4.12132929621908
"809",1195.55474283679,5.76265789864692,-5.28086079963736
"810",1010.80717396214,1.97388720080531,0.296257976572385
"811",1009.76567886205,1.57982389278439,-0.110682186694806
"812",1191.57214719818,6.20830997559182,-3.40735334488253
"813",1006.4235623389,5.11771334192464,2.1743148659459
"814",957.067874146154,1.74579750176274,0.559271742420044
"815",955.000626605679,6.00156898753462,6.67039754600628
"816",1058.35806455025,6.14359719293302,2.96808167413014
"817",1028.08971347745,1.92559697064914,0.0332380872066647
"818",1004.58788832797,2.15611291831744,0.519494235482428
"819",995.632156078665,6.22971238071496,4.648178886425
"820",984.970748032523,5.79076797778456,4.70870365891315
"821",1002.72532705602,2.5597953415038,1.36469504222775
"822",954.041139974181,2.03691743036955,0.555192568063137
"823",1030.43488104003,7.12151732796203,5.99429508751456
"824",1240.18370779518,6.05675672483461,-6.69706200617227
"825",1211.81258490805,6.90634338507015,-5.23572362192205
"826",1209.34758984125,5.99231607595602,-5.4960952427331
"827",1040.77980136027,1.75485081294365,0.327822514842933
"828",1003.18251536836,6.45099933496609,6.33109361888155
"829",1238.82319863338,5.97968967348741,-5.17698835822715
"830",997.338331068531,1.74128575807007,0.241401871205403
"831",1214.98215149638,6.09236248385717,-4.53170882378807
"832",999.913589742326,1.48453994583878,-0.0582537647190665
"833",1032.14279933365,1.31440742125969,-0.496657917906375
"834",1156.78259242889,5.51815328744738,-0.784547175306325
"835",1216.7383322101,6.11718350555876,-5.21538760570909
"836",1002.63018286539,1.8872840625078,1.38749912610335
"837",1191.27510849643,5.58644427608188,-2.29489602250518
"838",1019.09095830254,5.54205168215983,2.94809117444766
"839",1173.34096263758,5.98573795748247,-2.60016521374169
"840",1170.51020494671,6.647667094353,-2.41302912441019
"841",1033.12028840813,6.74252753220022,5.17924527433765
"842",1019.76333912338,2.36732912582979,0.899283711140879
"843",1006.87214761915,5.05538229792486,4.04417527765908
"844",1002.63249618714,5.70356662517137,5.57115935732384
"845",1245.31924351715,6.09120991067844,-6.05226987157559
"846",1217.18468318587,5.61069855254783,-2.94039888384391
"847",1160.09981870384,5.93183021941394,-2.42334932707256
"848",969.710046141756,5.48056544065453,5.13864288863452
"849",1156.9964925172,6.08276060712729,-1.12682352345646
"850",1014.31989857095,6.39210861467548,6.71589997543357
"851",978.942020892139,0.690298555137162,-0.736859070673855
"852",1017.49399738622,5.81697322662412,4.50430938390674
"853",1179.08146125067,5.52750038757144,-1.84230434923852
"854",1022.83087399912,5.9160925263484,5.21317816359329
"855",993.963214892133,5.56775214038289,5.18608848592228
"856",955.670273896625,2.32214250151997,1.53565300462485
"857",1192.57833749685,5.96494719783721,-4.09786780107006
"858",989.451346547088,5.95881259308503,4.04551050684366
"859",1002.79256448354,6.63084705543691,5.15459564224777
"860",1047.91436784405,5.99286423012306,3.22382560378457
"861",940.865410714122,6.14207697254129,6.01551666118351
"862",1016.85279253219,0.679568392357205,-0.69384420520993
"863",1018.07610889775,5.86747505726554,4.26953549242784
"864",1010.15356530983,6.04684264417475,3.97549580819038
"865",1009.11010443064,1.97867057843635,0.622184344131909
"866",1021.43457260484,1.41925045092605,0.258238190075439
"867",1183.6422488757,5.96056692721667,-3.18834698319071
"868",949.133065833902,2.08573055864616,0.263495555725607
"869",1002.09928287227,7.02339868072137,7.66206824197161
"870",1014.46197487423,2.35095243301227,1.19850006909136
"871",980.658275744844,6.93818725885748,8.43018735256025
"872",1200.70089321011,5.76716373148806,-3.17798720117461
"873",988.842244158885,6.80775847913878,6.98474049829309
"874",1034.83567091104,2.45848269217386,1.31629344819935
"875",1009.6891328128,1.84636578552705,-0.30181045269449
"876",1000.21688033095,1.88006186901936,0.929463533712386
"877",998.063436751098,1.6368671612823,0.277007540573344
"878",1200.78982432869,5.5447162269953,-4.92839702840467
"879",1205.89693082123,5.9718341469612,-3.88734673488754
"880",1130.22623836235,5.68588774648432,-0.422242233186606
"881",1025.85843897996,5.67781911067632,5.8629751154963
"882",1004.98783141417,2.96525757981535,0.913376761146201
"883",975.488817245717,1.8496212524236,-0.034602323863019
"884",1030.23212633177,2.4670367729943,0.487968323601887
"885",999.214155695145,5.01580010385044,2.77393525433053
"886",1230.85143431309,5.55858443974515,-5.84884457507424
"887",1129.57698671319,6.1129071216541,0.265641778758746
"888",1032.53251464393,1.72047061989009,0.843552138208634
"889",1194.7011067134,5.65986121012084,-4.6136784784262
"890",1040.29331647541,1.37729076429449,0.681903881901728
"891",1213.12510773543,6.48418218715197,-4.27473353506746
"892",1172.57601149169,5.94316158314236,-0.896296296141544
"893",934.639787919743,6.68981660082785,9.26395710169202
"894",1002.18690123435,2.11332924120055,0.990754167054051
"895",1222.84082232456,5.94127043539581,-3.56764609774865
"896",985.563774467207,5.39478735682422,4.5353501675677
"897",1167.29532763538,5.51669778125831,-2.10011862296419
"898",982.236271986674,6.15298780961741,6.9331817156391
"899",1183.8271235091,6.41657629945118,-3.88330955744526
"900",1167.35399724673,5.98181982202599,-0.744688970133441
"901",996.314153843203,6.4492201273748,6.86049604461667
"902",1006.18341606418,5.72163178901503,5.00050958471053
"903",1196.11915343115,5.76321554697817,-3.97265017474618
"904",1223.03061888465,5.38157323492284,-6.9166205892483
"905",1152.51956037592,6.23878897894427,-2.91263397341819
"906",967.598117268256,5.47975128751857,4.74100376869032
"907",999.488758364713,2.04805954853045,0.58797102770277
"908",988.055613748024,1.91883288659499,1.24957269645737
"909",996.850167204351,5.6693193498078,4.26821391672729
"910",1009.5435952752,1.07826841847682,-1.3248983649463
"911",932.252442903664,2.02473449236855,0.60038452119129
"912",1006.35173160068,1.04228285210184,-0.441112208722348
"913",995.242364918692,0.548337326546986,-0.772497819772169
"914",1269.52794519361,6.55258152068019,-8.34267180470561
"915",973.02178092998,5.79430547866823,7.59325620822443
"916",1028.80822939426,2.05332931929238,1.40780680294772
"917",974.067487504588,5.55072513685407,5.43764047336652
"918",995.731939757825,1.87076561006292,0.900384824158966
"919",1018.84090453619,7.19751105723837,6.15929043199018
"920",991.235756591948,1.31766026980946,-0.33035626025073
"921",1178.17752305159,5.59260785504951,-2.73622481717254
"922",989.17737082245,1.60778250497203,-0.151358972240973
"923",968.286555627553,6.18946010386004,6.44001339655508
"924",1220.50007231417,6.14895240317278,-4.89854063932544
"925",1159.92427329399,5.96168337444667,-2.74701280426385
"926",1209.84395723752,6.23856465992063,-5.37776160987944
"927",1185.31595882921,6.2842333825133,-2.74987793290139
"928",1175.11379452526,5.93403101052567,-1.81146957724926
"929",1233.96283215759,6.125721420733,-5.02865043402051
"930",980.41834360131,6.77914704652964,7.46700418350308
"931",993.050015892937,5.77182618839447,3.85424828174158
"932",1200.34468989377,6.00043027135539,-2.62138040408046
"933",1020.08757961451,2.01003678852038,0.952698193056068
"934",1177.52091360842,6.17149467849518,-3.23728723580415
"935",1040.58762814742,2.29546317861073,1.9242067849484
"936",1238.84903663798,5.69021416208781,-5.92681356637763
"937",929.474827175058,5.66648377084813,8.82655423304667
"938",1001.31390139711,5.53504695976375,5.26878941087086
"939",1201.17399986859,6.48267955767882,-3.58063471433537
"940",935.912050764438,5.84341605417615,8.25434500706181
"941",992.579161775558,1.91510430552811,1.52367421323417
"942",1021.51629165031,1.54466455484553,0.101429313904926
"943",1208.27240794632,5.6305083251102,-1.68927301344086
"944",1002.68386321771,6.46120000277591,7.2515095209122
"945",1013.59274993471,1.69594985148577,0.120980408117499
"946",1147.37819287952,5.60781873586759,-0.693838826407394
"947",1036.42379632415,5.92101274017346,3.1610244156639
"948",1172.03810930682,6.27977553071667,-3.09983112033351
"949",1020.64123926505,5.52083304567785,3.82648976422731
"950",1028.86375184722,2.75756556305408,1.42781725711549
"951",972.835486903665,6.57532128889563,7.77766802514282
"952",991.607901641006,2.23344889649294,0.88043791448858
"953",969.964861175676,5.58310493558031,6.39922932812613
"954",956.844417919798,1.31233563305119,-0.288434549648555
"955",978.711047269261,5.89677786180489,7.46589868513323
"956",968.037582014154,1.69178293150713,-0.065800879171285
"957",1176.85189600416,6.14988603443783,-2.71144026355704
"958",978.363026134319,5.45363116410297,5.97716545444192
"959",1016.77185744701,1.81112991430609,0.458331806826742
"960",963.071390109372,2.0097587738864,0.698431304961542
"961",1212.19572658372,6.03649471444357,-2.70210301921177
"962",1011.52010263232,6.3759367601338,6.29243001820044
"963",1241.02428338942,6.05315848960204,-7.92601757803561
"964",1033.86249449088,0.965419551525111,-0.737392251833641
"965",1025.94740619145,6.30974795824676,3.55032439303539
"966",979.376985251909,6.08730771617166,6.05233540085699
"967",1219.68648221546,6.09915084636462,-5.1211891154157
"968",1014.93229666091,1.60494451323096,0.316143335192651
"969",986.152831220559,1.26752062739284,-0.406402076292561
"970",1021.14638549811,6.16200778502139,5.15386891887596
"971",1000.75211871606,6.08639906243842,6.43104280058508
"972",1016.19869176774,2.17194428596866,0.206464537758248
"973",971.739187627943,1.49730451219043,-0.053073205121161
"974",979.558070177057,2.40819407927677,0.861133313627771
"975",1236.30866330036,6.0591545107553,-6.135425989788
"976",985.983584722098,6.12454881007729,8.59566396772022
"977",996.911371426121,2.46475460708479,0.582869843319558
"978",1237.90021490776,6.06631900671892,-7.25267743552318
"979",987.032045363811,1.95423735163858,0.63774034110381
"980",1068.23033369491,2.52302652709197,0.814856569282204
"981",1007.04741119525,1.94095517075576,1.01573755633591
"982",1208.91354279414,6.15888057839231,-6.16823438902755
"983",1024.91973213185,6.6619783111393,6.63151729255962
"984",996.972977510954,6.03767266370739,4.83134794615959
"985",956.525713414422,5.9760717157309,6.88634639159806
"986",1022.14077151021,2.06844642700169,0.940536524121231
"987",1005.77075566408,6.15627331830908,6.8478948881615
"988",1008.07125517145,2.9783794139966,1.38285946048887
"989",921.87258041641,1.45055457129054,-0.449795535042655
"990",1005.61726970259,6.51842730545199,5.68828404823924
"991",1157.61244514626,6.01258052183706,-3.51336014968085
"992",1195.07236396534,5.57072358093092,-3.73822373562018
"993",1018.72586646024,2.15448975077704,1.60584179506734
"994",978.389955427947,1.83138960329871,0.190644739011136
"995",1159.95475377585,6.29819112669221,-0.441222903568274
"996",1200.65860605679,6.63209745952551,-4.58014658885534
"997",1002.31958831797,5.07642743897683,1.92163793749082
"998",1143.36542459468,6.3446756619438,-0.6727835987698
"999",972.719691555222,5.481862307897,6.37542781163422
"1000",1176.79073437847,5.42260509835477,-2.93922825561292
"1001",1021.14227321819,6.73557390828632,6.9954215818498
"1002",989.620128573316,1.28188162660336,-0.228172475428167
"1003",1210.01236895869,5.39101462914369,-5.12834658935246
"1004",1004.32022216766,6.48864400779271,6.61500097457298
"1005",988.399150760618,1.9774814042234,0.509211931098948
"1006",1002.18554842011,6.2570356397692,4.68513419080458
"1007",1025.52215466743,2.32516019719256,1.08776883532732
"1008",1173.45210314876,5.91959873624109,-0.719694398095854
"1009",996.292732812157,1.38182356093013,0.233665477672131
"1010",1170.51237207525,6.55372144314941,-1.72818118595747
"1011",986.087716380181,2.4044411046912,0.300766302790807
"1012",1003.49280487347,1.33839370464937,-0.0585029277196519
"1013",1211.68117200131,6.09358514351554,-5.21377259941993
"1014",969.99308691699,6.04799091123399,7.37777913382186
"1015",950.572722401142,5.71600368677732,9.6326326185159
"1016",971.360007816851,2.62974362284169,0.3290547365941
"1017",1213.51967251097,5.09470549406682,-4.28569522280028
"1018",989.979532998279,6.53297792210531,8.23631560453773
"1019",1009.58633707042,1.68417598431521,0.612632333106521
"1020",1213.0370000674,6.17490895383633,-4.46850951618013
"1021",1190.88666121719,5.45538772814898,-4.57948829785015
"1022",984.411744082315,1.8427848549327,0.228660011766315
"1023",1185.9150075235,5.011136923012,-3.01922734482166
"1024",1178.57275543129,5.79700460506531,-2.24953902422711
"1025",1021.07966875808,1.89919315209118,0.65836098394096
"1026",1002.5013799495,5.57372186706014,3.7361635455913
"1027",1170.15483339386,6.23377858570045,-3.61594197513803
"1028",1029.35709416222,1.28690983414393,-0.772686188588566
"1029",1013.71305221417,2.41941892880416,1.07441959251997
"1030",990.336508650239,5.4726085049431,3.849173026356
"1031",997.742708752624,5.54906751435369,3.62286763677965
"1032",1192.29980614993,5.65493081696663,-2.99745956805874
"1033",1073.26797543855,5.93208623185594,0.494201236799199
"1034",979.188303770944,6.20784928051838,6.82335328777719
"1035",1011.82708981912,6.35721830508374,5.83110564841893
"1036",979.795073146472,2.53720217727942,0.415985187420949
"1037",929.360592643522,6.37320300812247,10.1791075092899
"1038",1232.03077448624,5.83988039662024,-5.40767906379948
"1039",965.244384282595,1.69030415417748,-0.235494884002224
"1040",1031.32688742781,3.00190620025959,1.20351743777999
"1041",985.531818252583,2.30787703171077,0.955392657264353
"1042",964.638511553865,1.89044129151351,-0.341716538293211
"1043",980.64768490663,2.09812406868264,0.227698866665253
"1044",1013.74012620991,2.72080971883807,0.827314487347558
"1045",1017.08337683323,1.25409783419803,-0.950134498379016
"1046",1004.03272334175,6.56273995663275,6.51447080882071
"1047",1006.98893275762,2.18764260548495,-0.152067229497264
"1048",1007.91055861306,5.96694926417675,5.72838105392736
"1049",1197.51065401142,6.39525205232945,-4.03396510369222
"1050",995.787549859527,1.35468147006139,-0.768103445613535
"1051",979.653636478084,6.09036312167113,9.51803304756429
"1052",1137.39419500968,6.4137501991659,0.0416631517892216
"1053",936.697794586622,1.04489896672663,-0.497492203856261
"1054",1248.29897953654,5.78601049895847,-6.41437241532673
"1055",973.601002791354,5.61908308325781,6.75115750915165
"1056",1249.31874962876,6.34686290188277,-5.54345560052927
"1057",992.362833545,5.79745174670078,3.66009525791849
"1058",1184.77835376199,6.75307730477521,-2.7735310567352
"1059",1017.98028124712,1.70057611468776,0.332411451588846
"1060",1206.56017518111,5.66606903014413,-3.87917474439993
"1061",973.175451053695,1.43065048441123,-0.694047038244353
"1062",1029.31406678623,6.18394752910653,2.4277353864548
"1063",1198.32094921751,6.37531497304266,-3.00421188618053
"1064",1038.20178818904,5.61077548004933,4.17649881857744
"1065",1201.42550282452,5.86585861794904,-4.17904312215214
"1066",996.360700111119,2.23471670171498,0.237195014258496
"1067",1173.58251692156,6.25955502409591,-2.77264512249846
"1068",1035.18628644963,2.49987227678813,1.46228529576105
"1069",1194.87764034235,5.97373059427672,-3.77992463294792
"1070",1180.49303629233,5.73395777201331,-1.5064032578131
"1071",1006.33904235969,6.59814150703994,4.30117913882043
"1072",1009.42815940516,1.93375194520405,0.705278303254288
"1073",1013.29067174632,1.82445512563812,0.517486247452122
"1074",1212.96615563284,5.94080757354553,-6.35269410698408
"1075",1037.8894754988,2.35031389894622,0.469084650350582
"1076",1019.90139636756,2.34462765955617,1.63848825230955
"1077",959.978988399999,1.9307082837383,0.447381248296185
"1078",1206.83545257538,5.62928458555174,-3.67786612189813
"1079",1184.36311176796,6.68176391600219,-3.829373409613
"1080",1012.00128755656,1.31549512093248,0.142692763002985
"1081",1172.63223069434,5.74378094861549,-3.27910252104552
"1082",1207.54063568327,6.73222374863912,-4.30538181186742
"1083",1156.65428943345,5.17367255160459,-1.89827490347758
"1084",980.318138424042,5.43041205163356,7.12279930180816
"1085",999.080034167436,6.56292779558724,7.37270618005808
"1086",1223.78693012281,5.94237492736378,-4.92398174773591
"1087",985.28795727032,6.43956261562486,6.5062598834726
"1088",1007.64437019337,6.52843532113632,5.59986347296682
"1089",1176.79723829104,6.45273598511407,-3.65928213301794
"1090",996.469312963218,2.12832531272706,0.499149261770514
"1091",986.469939971223,6.37773843179382,7.19357472701235
"1092",1002.21986209478,5.58960089903496,3.88251362866519
"1093",1211.81234091936,6.27748895731732,-4.78023736149144
"1094",1054.96279071134,2.13897892827288,-0.37550858702971
"1095",1210.99846550125,6.21850329001707,-6.50472037575474
"1096",1196.98976345994,7.61243805321148,-4.92628809819658
"1097",1162.14834378735,5.78949987571835,-1.82610270747281
"1098",1179.65270832689,5.94655932461494,-1.2560220236431
"1099",1033.16749638237,2.22750752775758,0.775084103312761
"1100",942.533218662691,6.28736784694691,9.28626481337947
"1101",1000.39628276596,6.18995478311727,3.34494169115536
"1102",1016.23134178943,5.72726006736407,5.6160689111103
"1103",1017.11987450203,2.55454358511155,0.767547476897698
"1104",1022.63231928962,0.744429134990964,0.0749732959211136
"1105",1018.41370838617,6.43214486436043,5.63655122487705
"1106",1198.76900052209,5.70415119028602,-6.14386254207168
"1107",986.215066712907,5.81391291545951,6.44343055062567
"1108",985.956250926322,6.01969933218124,9.58934007634136
"1109",1195.60347319763,6.41559256555602,-4.33902606729131
"1110",1017.15579275773,6.68338160301313,4.71276405300482
"1111",1053.64726620295,2.22359325481364,0.788266695683421
"1112",1177.12292904348,6.16851183529602,-4.04004788820782
"1113",1022.3925704387,2.15937319787375,1.33297102898189
"1114",1177.67398223652,5.9788869779253,-2.53717575753432
"1115",1196.37761844909,5.96680524819893,-4.04697146693402
"1116",939.658909616825,5.11751105860461,5.69493651327505
"1117",1120.11384247883,6.4854431240238,-1.79800658568322
"1118",1196.72690576305,6.13245381247085,-5.21061984350507
"1119",971.029240457676,1.40798306081292,0.0120544135249919
"1120",1007.68035315239,1.73533778434098,0.381933645342649
"1121",991.416551444864,5.8267950643954,5.96208638954703
"1122",1228.93052052171,6.17517393594152,-4.48298025065462
"1123",999.500965959652,4.96638837688995,3.24207899130004
"1124",990.082626368438,2.23698075508215,0.383933633463399
"1125",1024.06241478916,2.79122188572449,1.53313833630708
"1126",1018.99752570624,5.37929792166873,2.21198868501188
"1127",1139.9004513703,5.60262529140189,-2.99141621962445
"1128",1023.40976755066,1.83871162290731,0.213134771068834
"1129",1030.73294634111,2.01550135678782,0.820923674456013
"1130",984.008789962892,1.78037938105696,0.372660505240176
"1131",1234.01044061682,5.42328643072025,-6.38729426630144
"1132",1201.79430735116,6.70994553876799,-4.54037069710325
"1133",1214.78982952241,6.32009835540171,-4.87492166533058
"1134",998.465769973008,1.55262093477007,1.12393609948346
"1135",1189.37007899225,6.28374653123093,-2.70293969035743
"1136",1041.98013704463,2.09161371347678,0.935855158142843
"1137",1182.92337187001,6.03928613938644,-2.72767986223214
"1138",1009.11851006491,5.87718794195741,4.65090285865887
"1139",930.589124481948,2.34173177039441,0.592130139714911
"1140",995.510655039952,6.26411651644179,8.0213374603925
"1141",960.133256292153,5.45224789365392,6.48838055083686
"1142",1007.32585193199,2.81602316161425,1.47646289129739
"1143",1198.62466367959,5.96984270472283,-2.38908492116232
"1144",981.462216925151,1.42184038446676,-0.0488876105307139
"1145",1202.18417672909,5.62385624746725,-2.91722040034667
"1146",1205.3989906226,6.45863555854874,-3.17166845311108
"1147",983.889318459272,1.58520924560364,0.1860566626516
"1148",1197.63822047069,5.71421994113685,-3.7097314773592
"1149",1232.40197048622,5.98093069631118,-6.25049902828928
"1150",1012.18216511429,1.6739589075319,-1.03438458526041
"1151",1004.70887653343,2.52839385977915,0.840030604777478
"1152",1122.25675748931,1.65262049345391,0.383735079404809
"1153",1165.33258207442,5.42846433831296,-3.02697288986737
"1154",979.370323074631,5.97272006100091,7.11778710133644
"1155",1210.243526985,6.12743954118115,-5.42264788709441
"1156",977.368269231342,6.37497856435481,6.00525515648333
"1157",1199.88849773139,6.78020008016755,-4.51564420097924
"1158",1223.90299933632,6.57050854236171,-5.38013625895643
"1159",970.512774603084,1.38372246517489,0.276598235306497
"1160",980.835831656851,2.68979036156496,1.31690348685029
"1161",975.996045304548,5.00019282626496,5.18968258854417
"1162",997.204796954757,2.19769108835919,0.547201848095049
"1163",1209.96249614737,5.6340521926537,-5.09831372151552
"1164",1048.73666863101,6.31747552817259,3.38667746026075
"1165",1025.94200870484,1.69711904418174,0.901699582331385
"1166",1219.28104342218,5.2153742017301,-5.6730137677317
"1167",1007.59309381254,2.39447119284061,0.530837529764108
"1168",1216.72079311672,6.50369688986146,-5.00886266086757
"1169",1021.09737540151,1.96919123631579,0.272969811015762
"1170",1014.04219783068,1.91701703776267,-0.441217046681232
"1171",1004.60477567437,6.41397925115086,5.61057761447407
"1172",1003.31647265298,5.52799151956296,2.29291701335996
"1173",969.362602818279,6.42019053239825,6.69932759014688
"1174",1051.70287074032,5.90501649730074,1.57905446450492
"1175",1189.35657120091,6.52382073180174,-0.622222694304428
"1176",1015.45022673294,6.0603395523153,4.85313236095894
"1177",1027.07753439291,1.92330526076641,0.716566086034543
"1178",1239.36588854026,6.02712818099437,-6.12226963971387
"1179",1234.11598202027,6.6301181138904,-4.69154876319378
"1180",967.71506938564,1.79753960068907,0.155957449089179
"1181",985.399965426157,2.69522995218613,1.25841427655229
"1182",937.687156162461,1.36491435993412,0.0534293589299274
"1183",1199.46479459055,5.75490935335293,-4.30831492998114
"1184",1045.83740770626,6.47619353577415,4.20776322536633
"1185",1173.23553777185,5.96034781228091,-3.40902426286999
"1186",964.635385340207,1.85051622054704,0.851044563301519
"1187",967.766217807615,1.84850945241738,0.292622821524597
"1188",1009.13612481063,1.77000012978681,-0.170230442817482
"1189",935.483026058641,1.82405866136785,0.121406121770404
"1190",1206.74883978892,5.80253712240003,-4.87275119134565
"1191",984.066629228461,1.19523265444674,0.145864056224927
"1192",1000.66351831069,5.86642198628297,5.12803518466106
"1193",1013.74395501139,6.25157434126125,5.70317095431412
"1194",1015.59194033761,5.98659798920727,5.50483556433901
"1195",962.650262788211,2.67163974317509,0.907653623266027
"1196",999.243142922829,2.00297518527251,0.798346095483269
"1197",1215.12335100136,5.7248464524703,-4.14100190428643
"1198",1195.95415050442,6.41300385378406,-4.772446008852
"1199",961.799898235813,5.35569280000839,6.87790275309775
"1200",1137.38397024485,5.91201869844848,-1.86127437295485
"1201",1198.83224338309,5.84385317112647,-2.10750376320106
"1202",1222.44328099609,6.13259842984565,-6.28869677347597
"1203",1182.60152480377,5.46374568336022,-4.63584424867149
"1204",1172.24387363263,6.21583784119046,-3.01387425794554
"1205",1025.34126115983,5.87367199528638,4.01418558051024
"1206",1137.34491093038,6.21265082885123,-0.150263713680592
"1207",1007.87363913883,2.26586798756953,1.44119549950208
"1208",1188.36437766251,5.97830705232147,-2.85777816449206
"1209",1011.06759335329,6.23715296701798,4.40782710600508
"1210",1167.86863123367,6.08133866298781,-2.00882548250268
"1211",1230.88152533907,6.28706651258382,-5.51684246296542
"1212",985.682880921592,2.22023578955181,0.743620620795584
"1213",986.306644806042,6.60574480907474,6.34192873888567
"1214",1014.13194126155,6.4184635157947,7.64639371272179
"1215",1247.94362247986,6.6353503288305,-7.68932364689183
"1216",1235.75297859235,6.2914536718042,-6.74787211930601
"1217",965.230670548695,2.01403981194221,0.132453201279791
"1218",1172.37192888148,5.64804932984305,-4.48917733734308
"1219",1005.10663519049,6.98203743354455,6.69515302576929
"1220",1231.79103501396,6.84551454523429,-2.84314726795478
"1221",1256.3373297423,6.01185744445556,-7.34013454260467
"1222",939.825864585064,2.11671424813954,0.781957806870327
"1223",1231.80710610215,6.79387979779283,-4.34215631826044
"1224",1011.91597264577,1.93470769718563,0.0285400231081885
"1225",1040.7537176069,2.38548187523547,0.050408145806461
"1226",1016.12313800373,6.02340645428334,5.01190441389534
"1227",1187.47992991191,6.3636727855448,-3.56989533152695
"1228",974.724732283007,1.80794054619731,-0.24018492914166
"1229",1009.46632089943,5.33789281492581,2.96327864645108
"1230",987.44054725098,2.50387600987337,1.44337382980163
"1231",966.942274522389,2.04540136218866,1.17808967269529
"1232",1185.19487977613,5.61995527431051,-2.6434029262328
"1233",1038.59225086305,6.3954291472653,4.45861332234194
"1234",952.88646560864,2.96452801616871,1.51163379736684
"1235",1237.57764425661,6.35986308384998,-5.51916622631605
"1236",1000.29054473234,5.97310175451383,5.64887179341563
"1237",1026.70411505464,5.38651145146431,5.19356698668296
"1238",1055.95242386724,6.14679947661115,2.12894984169726
"1239",1017.00099580013,1.57401388096705,0.344510300514467
"1240",1206.45683016013,6.02821108238148,-4.66279560817117
"1241",1007.9679964485,5.56038357630876,4.48092753819439
"1242",955.891167020568,0.995668084350937,-0.747688508073062
"1243",987.11906534328,5.91977125681656,4.98756237300707
"1244",1035.10972232469,5.70486699126128,3.80791144261857
"1245",1011.96633691208,5.56119365248005,3.55600442810041
"1246",1031.7755435525,6.15630415823867,4.24546312740489
"1247",971.258714260512,6.7356192188991,7.17941672881468
"1248",1193.17410600983,5.95838204586824,-5.86710967233314
"1249",1015.09292726988,5.57173121395655,3.0828307959101
"1250",1038.14787558758,1.86673784614223,1.1808815783368
"1251",999.405259403494,2.23455822217465,0.267343103401573
"1252",962.298895143422,1.63009050182679,-0.21027828266498
"1253",1186.61103308514,5.84953675841332,-1.65971505156646
"1254",1191.83280068375,6.45198348821973,-4.94624361871935
"1255",969.814771355461,5.37022222870378,5.6803807816173
"1256",987.269009237054,1.79741419510489,0.345025763835185
"1257",1004.45748836416,2.23374960132492,1.64767408615097
"1258",1202.63846025251,6.27754711481674,-4.51262432890282
"1259",1138.54420878253,5.59697798644773,-1.40862782996276
"1260",1016.21324324377,2.42883244456179,0.789883219342961
"1261",1007.40095908769,6.40771726321897,5.32236382525528
"1262",1060.4873674664,1.67089689393847,-0.215093119502691
"1263",1228.10515060372,6.2342615916879,-3.40511424460441
"1264",937.15597180408,2.09765497541346,0.70918786852294
"1265",1232.80148500757,6.16840270830863,-5.28702464359005
"1266",1206.73165164721,5.27769473772426,-3.79698701949604
"1267",1012.82315958535,6.23613602780399,4.70751587850885
"1268",1186.23351944615,6.3305175174666,-2.21359518238242
"1269",1032.56839759912,1.95821176651234,0.0602164939714908
"1270",1216.15306215818,5.46225806559066,-3.22427931994335
"1271",1005.31057949236,5.72214014061598,4.70631937638305
"1272",942.022722366041,6.3464761230659,9.22090426408881
"1273",1065.35080602774,2.25771806554354,0.957969927499972
"1274",934.499974611829,1.44807220573005,0.0432167230713283
"1275",1034.18878851568,1.35731247664888,-0.643962493227915
"1276",1186.47080334257,6.64182986174159,-4.71009251844301
"1277",1202.38252166794,6.27340014216707,-4.2362267906318
"1278",1224.09889846017,5.60820575744467,-4.10586251426453
"1279",1007.38886497756,2.58081181506987,1.28508520709266
"1280",958.908341998653,2.34602988929811,0.805625095379387
"1281",940.843402987852,5.51165309290179,7.01934151298841
"1282",1013.90333604546,1.5811836516066,-0.925694791934119
"1283",987.006375511939,6.50681022935383,8.62982429107384
"1284",999.825199827688,5.76772920328324,4.30181445008269
"1285",1038.64401066886,1.86569121383909,-0.442760487612808
"1286",986.863447486202,2.60399128271712,1.14349952911998
"1287",1005.66145387535,5.67489796260562,3.46205028378519
"1288",1043.67299863069,6.40231827565034,4.62510671386256
"1289",1148.17413101721,5.94275065925,-2.91811907913965
"1290",959.677843766774,5.57587054796079,8.06209183971375
"1291",1018.1488250996,6.23094701802513,5.32533851442463
"1292",1189.30850000924,6.48344595120625,-4.5909762571632
"1293",1014.77387365244,5.47221568195291,3.38859352320273
"1294",954.372607332063,5.66864540606014,8.90461879654071
"1295",1178.23366289269,5.07717198761967,-0.35061531731318
"1296",970.632120460126,6.16042822333914,9.11112355529092
"1297",1059.21975623927,1.83448260370341,0.475320196643847
"1298",1213.58672993932,6.21352749415509,-4.97652442182614
"1299",983.637793601083,6.6837875277548,7.31817379451542
"1300",1010.62230847831,6.26092969198026,4.8098257132079
"1301",955.887182294472,5.48291904224858,8.19164462415625
"1302",974.696488230877,2.69859760185493,0.776287483304837
"1303",1234.69024701143,5.97461725451801,-5.33219488293408
"1304",982.37960844197,2.32609863103009,1.01427334364683
"1305",1258.54797011258,5.89389027884965,-5.41033850872121
"1306",980.988244323133,2.00757641967961,-0.676983346343283
"1307",1012.53841661806,6.44834064479603,5.97251527125599
"1308",989.063393266643,2.02050970401993,0.461501772298948
"1309",1051.70538334632,5.86340970421662,2.0670806490076
"1310",1183.43747346052,6.57652194941633,-3.07520575779363
"1311",966.769377773368,6.94172349191281,10.8333290298912
"1312",1064.90865498792,6.24333603819088,1.72175246222351
"1313",1230.76619277395,6.09865476847773,-6.50948776767654
"1314",973.757907025316,2.12530512383595,1.22410043625246
"1315",1226.73907090431,7.2769862656326,-4.90201676464993
"1316",1236.91091209552,6.26833091495931,-5.29786127385042
"1317",994.301701972706,1.33697935102856,-0.487028274787554
"1318",1166.28587334195,5.41722151644558,-2.08822122547147
"1319",1043.6142954044,1.46439719221296,-1.11625140287784
"1320",1153.2440886965,5.55755873643991,-3.18138474146195
"1321",970.480512765881,5.94960862410676,4.22015786065727
"1322",1182.56011594133,6.32473639609695,-3.13384429658068
"1323",1195.63284887868,6.06658696548748,-4.64552982390807
"1324",1192.97741296837,6.30338589065923,-2.67614993420437
"1325",1212.38039280132,6.16135366168644,-3.9527324867639
"1326",1250.90875293505,5.28797015215006,-7.15211706726675
"1327",1198.78115434338,5.48872070101403,-4.98902347042986
"1328",973.108789560363,5.60919184023321,6.72210179089769
"1329",983.032782647074,6.60239434827097,6.98485245546496
"1330",943.26386790132,2.38004191578284,1.2975823579115
"1331",1002.45340107778,2.24386781184677,0.744470143435914
"1332",930.12207941767,1.56880210294747,-0.37252302762069
"1333",1201.44426737413,5.8818519469734,-2.96951781729398
"1334",1220.18833933228,5.91577934201201,-5.38648389161033
"1335",969.312773665887,6.78430980885367,7.10464762153597
"1336",979.241790325294,1.76976039380762,0.605349802918137
"1337",1013.31723193697,2.01266896545268,0.203111365575678
"1338",1187.9347902242,6.13821307503172,-2.03214433341563
"1339",1020.47319363709,5.81992569034269,5.20724494696388
"1340",1175.7984128354,5.29246230330089,-1.02118729050062
"1341",1015.74946133464,2.0154428831007,-0.496695879177792
"1342",1013.86699069737,1.7047856283192,-0.0883582865077072
"1343",1144.02775666127,6.01512584483938,-1.77142984669469
"1344",998.618947704504,5.7042723950126,3.45696044882356
"1345",985.208907324644,2.70376796642468,1.4488376198868
"1346",1024.63459123565,6.39860453584395,6.42008977047407
"1347",1204.60028032178,5.37683034026548,-4.86387331943322
"1348",1020.88250633614,2.16928451914541,0.995171960531741
"1349",1016.92158776043,6.30113792622359,5.44572751592993
"1350",1021.78933854028,5.91624387748714,4.69322548951952
"1351",1029.07034972317,1.52373513498827,0.205610793352329
"1352",1186.12592146193,5.66642072878125,-1.31528874619664
"1353",1161.59929074572,5.84128523939941,-3.08618763673712
"1354",961.687866373944,6.59924694361574,9.64219943634591
"1355",1025.811420541,2.46141106405959,0.337913630142243
"1356",1230.61104432023,6.3133272393957,-6.45650261230033
"1357",1218.26459233045,6.81986739218035,-5.93731870251984
"1358",1216.52713081011,5.96773520086807,-6.35027665202615
"1359",1214.0884611591,6.01452880315029,-6.37770734940473
"1360",999.909603751796,1.99213337250326,0.46508953086666
"1361",991.713469109197,2.01002156849877,1.38676505872386
"1362",1171.83470471246,5.82314298095887,-2.53351464070111
"1363",1149.25198292719,5.86586751891042,-2.85382939270929
"1364",1022.72106226174,5.51376832272484,3.55940785097444
"1365",981.200972547156,1.75538245152388,0.673620739759103
"1366",1220.99654362842,5.9580541031146,-4.00770238256503
"1367",1203.34247273001,6.41816159707396,-3.60910303827179
"1368",1159.79221281068,6.1685261418908,-2.45000581806761
"1369",1007.51557380161,1.51540796492031,-0.170786729772975
"1370",1042.55306629653,6.0193362045599,2.43098685753528
"1371",1182.5183599794,5.29518708939474,-3.11138997288163
"1372",951.49762137411,1.91381621971795,0.921499331422853
"1373",1214.137510935,5.70510352334978,-4.73326051402565
"1374",1217.61935759908,6.10605329222463,-5.87709203476036
"1375",1207.94066721108,6.52844871817726,-5.35338838171437
"1376",1051.13480558786,3.75568903681456,1.93989046314837
"1377",1018.98063763656,5.99197399892356,5.09059996609401
"1378",1122.04902803032,6.40112374827839,-0.198998717427014
"1379",1022.59044425602,6.65848171820266,6.22410000841409
"1380",971.924124195741,1.3550654633321,-0.601840320333163
"1381",939.062724437343,1.73696582118896,0.157518367876714
"1382",989.715145612894,2.78106683049382,1.48735040550022
"1383",1033.65781995765,5.92393149849769,5.21203516173432
"1384",949.822300710538,2.79553318020215,1.09354339515635
"1385",1180.15906686731,5.57446264713656,-3.6844204566802
"1386",1008.4785790398,2.66167697064747,0.864040610254161
"1387",1018.28672801819,5.61803131707849,4.6161064286653
"1388",949.168953038082,5.31802168355833,6.98232629538136
"1389",996.988316773159,5.77590629658587,4.45302243385129
"1390",1204.30337235168,6.51399052863753,-5.17852636724754
"1391",1154.70834280633,6.5455416471931,-1.95262233055819
"1392",1015.97801140764,6.02839114622774,4.87891045747038
"1393",1026.86342069201,7.09376127484145,6.64517340927553
"1394",957.458993934603,6.05975970364201,7.01533955105828
"1395",984.433952426951,2.37171384126413,0.00446153463007648
"1396",1005.15421395929,6.16375444757383,3.80436206504583
"1397",955.366723621069,1.76222388078493,0.723443923824305
"1398",1206.64552935611,5.64964890525225,-2.76046271526119
"1399",973.03598558822,1.79943272753538,0.159332613947287
"1400",985.958822888127,6.18882187411699,4.88124035746791
"1401",978.901340000695,5.24816522127064,3.88263029279634
"1402",995.877840696522,1.85494818438898,0.880802799467681
"1403",1040.73506973213,6.41277087245336,3.8379881028954
"1404",1228.55445860048,6.20678471713786,-6.30943731593031
"1405",1179.73370031224,6.05691752247955,-2.30729840956181
"1406",1179.03213658603,6.43916128078547,-3.89967549912045
"1407",974.186457218095,5.7799203159916,4.90221787757933
"1408",1029.12075436407,6.2337241257939,4.90100095487448
"1409",1247.59802313882,6.51132254198452,-7.28411226319817
"1410",1253.22345324115,5.89633482187093,-5.5652913731293
"1411",1006.30691248639,1.39079704013738,-1.11875869933384
"1412",994.327029931575,5.76445894529797,5.49538707856954
"1413",963.55677626199,2.46985873812462,0.887113578402741
"1414",1207.1963441248,5.92262055988731,-4.70240362265443
"1415",984.953704822401,2.36093334863597,0.505396026858304
"1416",1023.79585406577,1.63097799957252,0.2335160721816
"1417",1193.76489603042,5.38072470745304,-2.59830349934798
"1418",965.738837431867,6.35429672976718,9.25079120028636
"1419",1019.60861143823,5.16507185395035,3.21277642119275
"1420",1195.93007131755,5.72308792762416,-3.2769356779774
"1421",1025.67904599436,5.63714469068763,2.75465713877585
"1422",1219.81145938483,5.28272956640451,-4.22312313765012
"1423",995.547831435916,5.7369499251279,5.05053271033326
"1424",1182.73339210316,6.12247767735845,-3.53692386617867
"1425",1015.00979958711,6.29229989230784,4.47888077813013
"1426",1032.28570526589,6.38378735577873,5.0199561880871
"1427",975.15277132049,1.55097577750255,0.460690490157135
"1428",953.20410284158,5.59780590013563,8.50861039920477
"1429",1003.8181603223,5.32351615262109,3.47193559668677
"1430",1073.07118985961,5.38556670828762,0.948074420975345
"1431",1181.65153450608,6.00788873094099,-2.42309266851698
"1432",1034.03773111182,2.26518906221502,1.25416894230806
"1433",993.787655386537,5.63527800636741,5.02460211025643
"1434",1195.55725809493,6.39023643774188,-2.58918203838887
"1435",1214.8302134044,6.43578498045259,-4.83388280005302
"1436",1058.65196172599,6.73813684587379,3.95693497402111
"1437",957.552998260999,5.92030626425522,8.32663427851961
"1438",1032.11711564197,5.62234927883098,3.93390956295971
"1439",1058.77309525501,1.83666596744536,0.321481704182094
"1440",1025.51597317161,1.3458877111075,0.0903941757711454
"1441",1005.65094113797,6.67893160717318,8.93075651650819
"1442",993.680544727836,6.83631462758546,6.85083016216436
"1443",1032.28241433744,2.63886497474075,1.088605908987
"1444",985.449059357958,5.66073835087479,3.74696304276601
"1445",997.053945713459,1.87884788097964,0.906316757943508
"1446",1237.72741448706,6.64047726439272,-7.62925324930209
"1447",1139.40506387598,6.32305251749773,-0.626372835039594
"1448",988.681305572209,5.79200304022022,4.76364423313588
"1449",996.508024522541,2.51954140951274,1.06672143230716
"1450",1020.6195580405,6.38567544194663,5.91451329209061
"1451",1204.75683454671,6.65296913226622,-4.09756143217612
"1452",1037.72864500586,7.0299678368532,3.92189675346984
"1453",1051.92436862187,5.95972639558438,2.80157715476693
"1454",1184.22337619425,5.4709079793607,-1.84372147368233
"1455",1206.77512934754,6.0054386056329,-4.94556271535834
"1456",996.027391468567,2.56231693876018,0.47937372994869
"1457",993.06177767303,2.13791968084075,0.408675519860808
"1458",1186.90723176618,6.59590237958728,-2.44312480722387
"1459",1023.73208124832,6.43156835472095,3.46555153008467
"1460",991.701978903409,1.8438612861088,-0.504798154666781
"1461",1253.55412426385,5.84524693202615,-7.54378041362268
"1462",1230.87986564318,5.55014289293619,-7.0565811344015
"1463",1241.31728263001,5.25133827860926,-3.30564983459473
"1464",1164.6931864167,6.58187775103685,-2.48063636495437
"1465",1197.9195997292,5.26244752407954,-3.31586933556339
"1466",1010.24571093171,6.42717724254628,5.92636718811443
"1467",1193.68006225473,5.1189022192471,-3.01642829000791
"1468",1169.88005298986,4.87898408684917,-2.61782587911271
"1469",1036.75911229813,2.01897886263793,0.813835177722414
"1470",1010.48579544565,5.64076299610221,4.80115491678458
"1471",1215.15894449796,5.88220148135915,-4.72147376257467
"1472",1035.84242074095,5.46856758908738,2.55165196879164
"1473",1014.35963690969,1.952264322106,0.322528758768497
"1474",955.008888873724,2.30149026622123,1.03081818945394
"1475",983.746598244507,5.77834695679712,6.9174291887421
"1476",1008.8812980953,2.68331702843301,1.21307600077278
"1477",1165.8568247812,5.39705541739023,-0.00344942532514292
"1478",1182.46381576528,6.09378882106574,-2.64402968469796
"1479",1004.92514468332,6.09265360941082,5.59340556663213
"1480",1207.8693393903,6.72526906838092,-3.29648470559724
"1481",1001.06559632153,1.55239460289759,0.178740496692032
"1482",1219.14848628645,6.02502482065796,-5.25533239585048
"1483",989.82068572322,6.57104350938946,5.59236843981048
"1484",981.547496715321,6.22490187388049,7.41525361795093
"1485",1037.27841312531,2.28598541260919,0.226246960915591
"1486",1029.69554661657,6.56033950049294,5.65080761546164
"1487",1252.44330083752,5.6525346793362,-6.66819296117905
"1488",1040.40327810222,6.52933686416722,5.65109363087651
"1489",1176.67977585706,5.1731763535192,-3.40979034245322
"1490",1204.41202078949,5.70910749652905,-3.33950527183875
"1491",1162.17142531334,6.72730903034513,-1.21180892787576
"1492",1192.62245233026,6.13195984109466,-4.42840639329025
"1493",1180.1353423536,6.07768243960936,-2.5088088991008
"1494",1041.281827293,6.71071357652856,5.06356881445119
"1495",1009.54181156663,2.71910537215374,0.924634783916085
"1496",983.226129249044,6.45947942713205,5.66782740766692
"1497",1210.53072793028,6.49467159982076,-4.78428635352752
"1498",992.182064947235,2.11936872648764,0.486722882456587
"1499",1013.79368273606,2.84628415987371,1.19599144904646
"1500",1166.13033582225,6.56557727839447,-4.11556011784472
"1501",995.057533599366,2.51093867868512,1.02351528664836
"1502",1042.30115021991,1.48889563218544,0.544239612026196
"1503",1003.25611478346,2.33170058144829,0.751523403688767
"1504",1190.61521825699,6.32162713432075,-4.23440867927033
"1505",987.249001192857,5.26019736615704,4.59904391607495
"1506",1211.27055114004,5.04078247109856,-4.32097027354119
"1507",1135.29718163391,5.36505456891028,-1.2378676677691
"1508",999.468800101085,2.34434529529705,0.543483934027855
"1509",1208.2609117103,6.34133139978914,-4.81730750263432
"1510",1024.87435221363,2.31983262313918,0.461171334934225
"1511",1010.80970354018,2.15938401278404,0.233867435701713
"1512",1229.26190431399,5.95675814234015,-5.67567675921383
"1513",1002.69556282212,1.26698837401387,-0.0483478828111945
"1514",999.101213467179,5.32216888580486,6.31854466695085
"1515",1009.5398302524,5.46400288636202,3.37211285341532
"1516",1155.89223503268,6.05754621579553,-2.19759390265795
"1517",1177.72308021088,5.99083675999323,-3.7277381344328
"1518",976.875654327078,1.98553311807155,0.343806818487926
"1519",999.341914364552,1.96246623204873,0.367409075655196
"1520",1208.4908247718,6.56975100595065,-5.71192609997937
"1521",1278.23809547155,6.62637709202416,-8.30847037897392
"1522",1230.31124113483,6.85888815547689,-4.92787882823766
"1523",1217.73609042206,6.81008936102655,-5.62742524232002
"1524",1201.40319620761,5.74713547885731,-3.79398515462353
"1525",1141.44575049518,6.55095254180977,-1.63120627016797
"1526",1211.58940232764,5.86752522350123,-4.72395856967534
"1527",1002.09860225231,1.87964036578345,-0.449897826194626
"1528",981.897957205521,6.25865121303418,6.1102597789223
"1529",938.518555478928,5.90809498576698,7.80839605769971
"1530",962.924993537912,2.24067430041277,0.626474426882196
"1531",962.578448697513,5.59053874269377,7.29542513302574
"1532",1180.23211613628,5.69863027088561,-0.877098918649519
"1533",1240.15977653091,5.52382233110763,-6.00173406720044
"1534",1040.62289165157,2.14091337441254,0.504518340711906
"1535",1175.57619136395,6.0112963467801,-1.81659620056704
"1536",975.670841392249,1.63522251312905,0.541091895919676
"1537",1203.79478667809,6.39818706504794,-6.03625049461396
"1538",975.086397238919,5.58727359819432,5.70152281158272
"1539",1203.27014927323,5.47596339409587,-3.81976653087147
"1540",1199.07384840449,6.33769102755775,-4.89452396356597
"1541",965.083944522774,2.04263494381089,0.467663877188419
"1542",1224.72932882002,6.31657500088098,-3.76107422877191
"1543",991.110058605522,6.05221945837359,6.97125730676976
"1544",1009.13170701883,6.16284623942348,4.78835918812936
"1545",1181.57016394929,5.17336576223299,-1.68840036105554
"1546",971.534966806826,6.38355292670275,6.18380670737588
"1547",1022.22154881743,6.69111109494395,4.19672717812164
"1548",1018.4251416013,1.94615892608282,0.53537315825123
"1549",1210.68871735426,6.28783272134138,-4.37925149716568
"1550",952.80694659355,1.48744760336768,-0.343340741409469
"1551",1018.07337719323,6.036521696184,4.40806955504635
"1552",1211.28430293744,5.51467710351505,-5.40965123610223
"1553",1173.39779594058,5.97640974489262,-3.76665404400749
"1554",950.429035850193,5.16825780903722,7.41879288305181
"1555",1224.90717015517,5.96504278507448,-4.6458030413442
"1556",1007.0652340089,5.65521181853896,4.57580130632879
"1557",1199.37227027028,6.21643420202796,-3.30292913507148
"1558",1141.69302982022,5.3591813530604,-0.129965976826565
"1559",1021.12801083807,1.28459403011995,-0.259181669319808
"1560",969.50836379926,6.21017490209843,8.2256651851333
"1561",962.474873473069,1.53874565421683,-0.380044886102619
"1562",1188.54915502455,5.67862482958088,-3.78302385859212
"1563",1204.46246882624,5.85643542606406,-4.50722029835111
"1564",1150.84991317169,5.53036472952905,-2.32398137109857
"1565",995.462229464774,5.9974481800564,6.5673649647527
"1566",983.172013919068,5.51577981993698,6.28141836845331
"1567",1018.11058479597,1.32295036080846,0.861396620678927
"1568",1018.00005412498,5.88569059112932,4.1222530895235
"1569",923.041379652438,1.9935976248729,1.36364907504029
"1570",1006.46594527666,6.10098862632609,5.26769206577217
"1571",1039.08879073197,5.754514515154,2.7013838105892
"1572",975.912193941076,6.55293513799851,7.15841416853393
"1573",1014.30016867153,5.81930000114652,3.43262331388534
"1574",1175.41531945073,5.84549520566994,-2.75035871867342
"1575",1197.61456495616,5.71103125294478,-2.2429736824854
"1576",1051.84858286218,6.48230389677252,2.62102151126173
"1577",968.744177018583,5.80242003542,7.71016972097978
"1578",947.95067911856,2.68021099932616,1.15914098523971
"1579",989.091604316366,5.70961404510805,5.97512769298531
"1580",1027.17322600803,6.4646455927625,4.32761958319998
"1581",966.225675099565,6.36510906190468,6.18522431961322
"1582",1006.03703647566,6.18649419250658,7.18191133238806
"1583",1217.61324848358,5.5660603028117,-4.62372119290696
"1584",1009.94191105311,1.91610231354365,1.61426858665323
"1585",1018.03480315457,1.94275824899526,0.336470341275145
"1586",1150.83462985029,5.83543907408952,-0.598848177314234
"1587",1189.7383766825,6.35133461147579,-3.45397173643074
"1588",996.666416855495,5.47862922664002,4.74094758354399
"1589",1233.47136001991,5.23590410228422,-4.69921616405013
"1590",1028.44563267629,2.75160907604241,1.40086764264793
"1591",921.20029886787,5.55110876526589,7.80281447832797
"1592",983.03837927108,6.58761984857646,8.12205639701449
"1593",972.394888525161,2.78622567619826,1.26397479220751
"1594",989.698769667176,2.0357593776734,0.280426804870472
"1595",1013.86803751344,5.64172331073539,3.94802466542555
"1596",1001.98416004104,6.39716031291909,5.23077485204738
"1597",1228.54519034875,6.0000459052973,-4.62444857167475
"1598",1023.09568409372,6.45678211578413,4.1762893527612
"1599",1217.32109431917,6.87777878250794,-3.60029899047197
"1600",992.856064149117,6.24314738136403,6.57950481685756
"1601",1000.86256312889,6.23683857719278,6.70181178578907
"1602",969.147854265601,1.73939317241916,-0.380334640542556
"1603",1185.60703929904,6.09207067651643,-4.0900390330099
"1604",1127.1285418765,6.33708557658795,0.957124858656124
"1605",1148.61025603828,5.55833077201402,-0.713798887519026
"1606",1016.82316384034,5.98929738892183,5.65545769522613
"1607",1203.97220563333,5.86925500923266,-3.41083701637895
"1608",1002.68810039195,5.80888356255568,5.22097774235494
"1609",1018.16339208764,5.98847171295635,3.95545914837099
"1610",989.596719128039,5.33698185050642,4.8223226377136
"1611",1051.32192815089,2.01253274597264,0.696837670332116
"1612",1159.85651827798,4.57305819470991,-1.00186555506198
"1613",1003.99985094529,1.61615205318895,-0.508001695265158
"1614",1209.1843616642,6.2786713531875,-3.93283158798277
"1615",968.054750125643,1.84338271724811,-0.0389219369559949
"1616",997.98270354022,2.30702945183695,1.4917076667349
"1617",948.024150217331,5.99410905415737,9.19197891647782
"1618",1013.28278543921,1.9249974257496,0.272777093080092
"1619",1001.26321425885,5.98573386458098,5.06308615537116
"1620",1156.75001736201,5.97419264281881,-1.33204546289481
"1621",1037.15517895985,1.74967728370644,0.69990061022825
"1622",993.713164442769,5.63454694239991,5.6140435251131
"1623",1083.59776839135,6.37083019363458,2.72914406564264
"1624",1027.900158676,5.85427975475112,4.24144204486824
"1625",1052.8904913841,6.01227277821747,2.411083307802
"1626",1228.17805369992,6.06979559024053,-5.86770401765802
"1627",1044.96188617556,6.1254032399934,3.7075239635928
"1628",1002.35861870667,5.92229027092299,5.12473933790272
"1629",996.520100776104,7.17256660908005,8.26421543199659
"1630",1013.47727805392,5.89820156776024,5.21307074324148
"1631",1219.52062366066,6.70470411510208,-4.7781330516173
"1632",1175.24347455136,6.38546291449082,-4.39940016072393
"1633",1006.93650980092,6.50120509643642,5.67465993329325
"1634",1175.52561982232,6.17291247464797,-3.58743284957828
"1635",997.040237037992,5.95120766098163,6.68713954207006
"1636",1011.11864348633,1.94935915541061,0.380673691902034
"1637",974.725501540333,5.70799630445628,5.80519139715497
"1638",1001.16740496982,2.53489705152323,1.45655556461849
"1639",999.90082314263,1.64991402426868,0.353381881446432
"1640",997.330511227474,6.83931586591359,6.57024020795679
"1641",1004.25825188562,6.1349840988195,3.55514745347699
"1642",1056.99900959206,6.67613739742238,4.52935411041507
"1643",1003.08524861036,1.38356058923557,-0.277574550527613
"1644",1186.14386632478,6.00908847874556,-3.3522117239857
"1645",1220.3830337166,5.67964367482866,-6.33268664256446
"1646",995.255057123196,1.71854919868838,0.746936633730853
"1647",1019.21840277647,6.84033259569333,5.92620277222459
"1648",1191.08380632018,6.14684172945638,-3.88326232196352
"1649",956.544928321337,1.9942925017082,0.503697077515395
"1650",949.033507425407,6.01538477353231,8.12875467433503
"1651",1176.06087399795,5.80668454247363,-2.93723697963437
"1652",1213.00223125431,5.66072334738262,-4.81365656922712
"1653",1005.07491694865,6.38218354209723,2.90329608097067
"1654",1159.78596877388,5.87762720186822,-2.75382403060022
"1655",1243.45362018094,6.41990476046271,-7.365488862099
"1656",1146.69195494252,5.11124862149728,-2.3055189085983
"1657",1030.33612987732,6.45937994461081,4.53113113071895
"1658",1170.42913958042,6.56830061286846,-2.31660415388171
"1659",961.367387836755,5.19111725117987,6.00538033628513
"1660",1154.66753495145,5.89226324599775,-0.480120085652951
"1661",1001.42478011401,5.21650379174395,4.31532335423627
"1662",1214.87585318329,5.65402897188932,-7.29531248362045
"1663",990.852958596052,5.78521295638175,4.9390322590175
"1664",1158.70357676129,6.73222934375251,-1.69538892282202
"1665",1029.40882624264,2.45884347340566,1.13931494764856
"1666",948.846116873146,5.61474282911504,7.12842190612027
"1667",993.831772641086,1.70748643455289,0.192721080373003
"1668",1174.41478439571,5.60799134875876,-1.6859305134207
"1669",1023.16525553353,6.1023537469663,4.53267192743108
"1670",951.137990460339,5.66884309617363,7.79525564326876
"1671",1003.8936332218,6.00422351672843,5.39329350858668
"1672",1035.95792486614,5.90333841990474,3.77847011233886
"1673",991.429425933834,5.76719535432235,4.86796701687858
"1674",988.447191722603,6.75222311631484,7.2267819517754
"1675",1008.88683065453,2.32813574643596,0.389851162471843
"1676",978.90882674275,5.90240244156132,5.29229227954069
"1677",957.273195482186,6.41219198844499,7.76231542057108
"1678",1224.42850757663,5.49888183906124,-4.75847413738809
"1679",1024.47846483707,5.90681892801474,4.62968030324607
"1680",1185.20551212263,5.5114157846301,-4.64144797424641
"1681",997.886800410578,1.90804403149133,0.592393558668948
"1682",1145.3064897715,6.30720767361108,-1.6895770314538
"1683",1228.95700509212,6.44637408527618,-4.83547292467805
"1684",982.467038260735,6.39506998387136,6.93086526650907
"1685",1189.54599997309,5.86903495754291,-2.28741507916078
"1686",1016.48796940404,1.72736547150269,-0.0565254365098049
"1687",971.860093346142,6.2015346771586,8.8192406681863
"1688",972.574977444059,6.62576779921003,9.65631139536336
"1689",973.844933520684,1.70518866763715,-0.209855759091564
"1690",1200.05675562825,7.09907266643249,-3.6064132010477
"1691",1054.83968692522,6.20348058490262,1.95055742665545
"1692",1187.06729959719,6.19976398028185,-3.85621951122995
"1693",1029.63417804973,6.30451830815293,5.44237990351555
"1694",1242.38332749606,6.27240943950878,-6.27514737671473
"1695",1188.00060532813,5.99949065654215,-3.34479651702082
"1696",1040.35958127038,2.13342924438603,1.15589556694057
"1697",1004.55239054856,1.58550349594066,-1.05276675984022
"1698",1206.17360755959,5.54711609456269,-4.92571900685191
"1699",1034.48826466977,1.63445961171788,-0.0191317805880431
"1700",987.030048924262,6.53811320873131,5.60411774149664
"1701",1069.33207253815,2.27277165941612,0.213329026650129
"1702",996.519790394375,2.28674365463528,2.4381268703982
"1703",1208.19472877199,6.27030370805362,-3.9440895561713
"1704",945.268508473192,1.6323304788724,-0.461590283781243
"1705",945.125868926258,5.43017154540807,8.64730880329803
"1706",997.185848679195,5.67928791796143,4.81887936513491
"1707",1240.68165498874,5.46149411096779,-6.70048848402979
"1708",1071.39965494656,5.65049132573587,1.68542085601837
"1709",982.873139246036,5.97204117000587,7.85114837021203
"1710",1228.56871887138,5.48379927521678,-4.76240381095597
"1711",1202.89266424461,5.97280796609873,-5.91749325279447
"1712",1036.12079160132,2.12851671630794,0.416226361085056
"1713",1002.56902007498,1.8853121426746,1.70035606960583
"1714",995.177533255623,6.08026889250223,4.9827440191685
"1715",1048.88791291655,6.90965728623011,5.60931074408988
"1716",1013.54889770489,2.22619293455529,0.58527186505811
"1717",1205.65234312119,6.88218991625167,-3.45816672623386
"1718",1016.20906602445,4.60186036211659,2.72822775600119
"1719",1057.87408880833,5.5965161954072,1.75319404536143
"1720",1017.35107878182,6.03823298138801,5.02845187713035
"1721",1002.57039085463,5.68099376048388,6.23083327981597
"1722",988.045981484087,2.23715064459252,0.734762623728498
"1723",993.273289882456,5.60704066267619,3.74430781721095
"1724",984.304800158256,2.01118913051857,0.346579748647776
"1725",1181.40900791607,6.04094807015781,-1.27391243801685
"1726",1015.69288704853,6.13835339166009,4.85915561030978
"1727",987.017420335476,5.83033605452142,4.14886627631588
"1728",1195.84411700967,5.8041484134944,-3.09531295324408
"1729",1203.7204064451,7.12427911759066,-5.3154408679872
"1730",1217.44713200735,6.17725679888577,-5.26947413011974
"1731",979.829346406134,1.35373838829468,0.267000145292429
"1732",927.680252292258,1.10725793823599,0.324885379396889
"1733",938.010959328063,2.75640957329265,1.45266884163321
"1734",983.510703385086,1.60801499950713,-0.0845978252458889
"1735",1237.7454633727,5.58610111512913,-5.20533483196539
"1736",992.448830048031,6.3863491039678,6.58645344683247
"1737",1027.2133112678,2.05493963438853,1.23049003165442
"1738",1221.53468165532,5.4486327876959,-4.78877582253389
"1739",1229.70933279827,5.54487653733788,-6.89631134717675
"1740",1180.96424479162,6.78712185619758,-4.79358798588156
"1741",1241.60821292813,5.91698313199176,-6.16265370005618
"1742",1215.62426571984,6.43698260201508,-3.31604446470538
"1743",1205.92973404279,6.01653272960648,-4.93495352000347
"1744",1199.22005696654,6.33066348092579,-2.79683058189455
"1745",1214.10024833303,5.77934024023788,-5.76367794368618
"1746",985.844216016492,2.22319207592178,1.15957220517856
"1747",1174.75859729738,5.69889374076323,-3.39943328528203
"1748",989.086643301094,7.02879575755579,5.43221933190152
"1749",1081.10997251889,1.86749825562735,1.06468786002746
"1750",1222.69865319016,5.95883404212604,-5.70375691850137
"1751",1187.88377778987,5.90575413586673,-2.30084795833316
"1752",1003.13841442143,1.30281450749441,-0.0687916431849332
"1753",985.490300522532,2.28490807894015,1.55425824156088
"1754",952.000588480661,5.77176166375674,5.99233379758646
"1755",994.855280097224,5.97448517515846,7.62895017905795
"1756",1056.41514069654,5.83380385475482,2.18240429849497
"1757",972.457429002854,5.5798016248785,5.60427881900681
"1758",1212.97759889277,5.87919560905552,-3.89494396851433
"1759",974.007059422771,5.74047915671764,4.68741022388209
"1760",1012.94607618552,0.982010266385293,-0.701743742817538
"1761",975.344354477996,5.79108094408788,8.30376952873227
"1762",965.560000232391,1.72330245856929,0.307372393907517
"1763",969.957852546538,6.49214541789071,8.2113632119412
"1764",1165.0844166239,5.21342155393748,-3.40275466755427
"1765",1028.23737461442,1.53208255614994,0.662766357378084
"1766",997.699624914911,5.9404647368111,4.05037005177376
"1767",1032.14003002869,5.85010717618581,4.0500555058781
"1768",980.339927947103,1.40540308119172,-0.22339755690865
"1769",1194.85175947666,6.16148041453699,-4.02512998661092
"1770",1006.98358649293,5.58634598558837,4.04835891329158
"1771",975.365163620975,1.73771290597035,-0.0653844326838682
"1772",1014.78916651395,1.27507879466482,-1.94290018105703
"1773",969.037950221937,1.81241094264688,0.348693541804761
"1774",999.763057878985,2.42623330914494,2.36326338219264
"1775",987.080230314419,2.11084414560896,-0.336834990969948
"1776",972.627727947035,5.23465426241005,5.69687220770873
"1777",991.232840564421,6.33255950573269,5.41026756271057
"1778",980.460289441768,2.20763056712856,0.574522078687275
"1779",1206.14999124327,5.78376785472973,-6.63731873874722
"1780",1267.42659803896,5.50428481568583,-8.9947268139214
"1781",965.546852270428,2.90161732101316,1.01765769688957
"1782",985.563915204987,7.07305057294666,9.84861941370687
"1783",989.62009843155,1.77086670906501,-0.249502535234373
"1784",991.454544452786,2.44025295669952,1.13837362613726
"1785",1252.83863982863,6.29773769502524,-4.94774055940006
"1786",1210.48205493072,5.65608706140704,-3.13181039274252
"1787",983.548145658059,5.84920732537286,6.01701203884782
"1788",1009.06760994955,6.70713575361918,7.37966661289045
"1789",977.94803252636,2.68259973030598,0.923816347384437
"1790",1190.59715645844,5.97415395828689,-3.56199213392626
"1791",1032.10378715712,6.01263631617625,2.90415947813537
"1792",1001.70016652086,6.55826059844223,5.97211881675567
"1793",1052.0418184966,5.72183322449963,1.18407808947923
"1794",991.747972132989,6.41331597452065,6.9416397694276
"1795",965.585894568186,1.69458729859086,0.921401437696885
"1796",1014.01962876984,1.7749256044674,-0.231775844357355
"1797",1013.67936268804,1.5135071833607,-0.30597874667071
"1798",1026.78890850969,5.53941624036341,2.90352454508295
"1799",982.76594035622,1.30275759856141,-0.6115147713746
"1800",974.142207426191,1.53379982207819,0.232968687108027
"1801",1192.11132229588,7.14000711786336,-4.09461994183242
"1802",1142.2312328825,5.96401297095003,-2.54462923803467
"1803",1017.67438929833,4.63215526667659,1.24540571192603
"1804",1010.68922299118,6.79808794799855,6.3632695474064
"1805",954.991267887155,1.80516894700847,-0.619606702051225
"1806",970.757191742654,5.40054408032826,5.15605519083685
"1807",993.438699657863,1.84587728042696,0.0727042377692376
"1808",1009.77632496187,2.04663105008704,0.801833665200754
"1809",1005.33713377091,6.65949780490084,5.44382800604501
"1810",1000.30425745809,6.80814003139913,6.84371237602177
"1811",1181.98219535958,5.49830056002658,-4.714569542311
"1812",993.613760309728,5.79539438683637,6.67716133650386
"1813",988.059835518815,2.47126306116825,0.298296256456366
"1814",969.615139236187,1.75718417546871,0.19498694291011
"1815",974.224163710814,2.30941683861386,0.12815660066948
"1816",1237.49401588789,5.39723360247191,-4.83219530728754
"1817",963.623945485849,2.40695264031752,0.969873330444802
"1818",1019.54073283564,6.09925302037789,4.90527284425886
"1819",991.018494782561,1.89922086896127,0.727981175142778
"1820",1204.1821009637,6.16133858411228,-4.55506844685096
"1821",999.66593925906,6.53778429291812,8.80892813777677
"1822",1229.32695759179,5.13887876164464,-6.42346248769422
"1823",1206.31819172022,5.67302020722167,-2.25855793706365
"1824",1170.39984264564,6.61802086623806,-2.97487148389751
"1825",992.132426757808,4.75290549338688,2.45023000615618
"1826",962.437726070234,5.37295901734261,6.7300995374072
"1827",1000.86216090047,6.28609919868289,6.0374473567938
"1828",1005.48393330133,6.10373091516019,6.52371704779284
"1829",975.530713395074,6.56914601709942,9.10999117312373
"1830",1004.32138527446,2.08091973506816,0.527967870468292
"1831",1166.73187580362,6.39903814706805,-1.47896869586607
"1832",951.844001893827,3.01179814908621,0.582950345700965
"1833",1011.70359514085,1.6189878400442,-0.0157810987846252
"1834",977.022692163288,6.34539158785246,7.2296541975588
"1835",989.656619930738,1.70588471442344,-0.3856917325755
"1836",1183.81768646429,5.77016980595505,-0.854327430665114
"1837",978.395594440803,1.96531145545088,-0.192749034498161
"1838",1009.56987650881,1.74818911766237,0.196914673631221
"1839",987.741988083834,6.67764788876582,8.22563641523702
"1840",1167.46817802729,5.78193852440048,-1.54478722507947
"1841",993.354224770497,5.44387615896869,4.81111250393189
"1842",990.410834596836,1.46035571756072,-0.533476903504869
"1843",1219.6295216837,5.92747040033977,-6.67002056244358
"1844",1182.44058223411,5.48845748789541,-3.23925933181831
"1845",1215.71372411871,5.97798360731845,-5.53426514021578
"1846",995.839414886124,2.1001418437499,1.31904516867807
"1847",1052.04464417044,6.09711553472181,2.04119529455658
"1848",1163.19636469711,5.7325755457853,-2.9478940993583
"1849",1041.89075702702,1.27317529312631,0.177729919117722
"1850",1038.91615452386,5.83954242085922,3.24887754032815
"1851",1240.36887399349,6.66080076309198,-5.26454741314685
"1852",993.743723639743,5.75505223292304,5.99701395412952
"1853",1206.51180689481,5.80402868027839,-3.72880789374319
"1854",1031.6037039814,3.11060546705941,1.31754635206626
"1855",1013.45791255932,5.89643672591878,2.8698709264715
"1856",979.974319385943,2.47243089563173,1.14590878895131
"1857",1035.26525915202,1.95221925607788,0.284429298617286
"1858",1002.63860121743,5.81136093989019,6.27010843645688
"1859",1000.07193668032,1.75763877832607,0.157959268929732
"1860",1177.2596964928,5.77454289496414,-0.709569309231633
"1861",990.053684953982,2.7090018403473,1.45923575840781
"1862",962.756313774297,2.46413096685458,0.339131523641649
"1863",1170.23316367634,5.85124511650495,-1.90575969721007
"1864",931.228048725283,5.42975386115764,7.24275483622225
"1865",1186.0429120792,6.09281362940404,-3.06119346558568
"1866",1037.16355214819,6.25776433751793,4.53314156259203
"1867",1034.75841445042,6.65331472008465,4.3432271458821
"1868",1017.32766335713,1.84979727482817,0.609108574021733
"1869",1022.84814354718,1.34203064250474,-0.361703439191559
"1870",993.886977115718,1.47271303573152,0.908951759142384
"1871",952.549632125144,2.45011439057268,0.209349856137369
"1872",1223.58780204022,5.68894933010417,-4.9185733783417
"1873",1157.50333386933,5.4740090939788,-2.04338288981462
"1874",1166.10308476521,5.23302196489418,-3.94678271732372
"1875",1010.22186781516,1.24909498813141,0.896570245231219
"1876",992.018306376802,6.25992592690306,4.55419426060648
"1877",1169.6771705926,5.87445804905539,-1.31033013336373
"1878",1202.09213806067,5.87018357101244,-4.15449961722845
"1879",1208.20581464165,6.68419371005389,-4.49298169645137
"1880",1016.37591153089,5.81343373805388,4.31608476592991
"1881",992.71220484104,1.32664097447986,-0.0170601479642658
"1882",954.600557296397,5.78803337593271,7.5314237731703
"1883",1002.21761559701,5.46248747676008,5.8571773435265
"1884",1188.5784757235,6.38975517137404,-3.74224622458067
"1885",1180.9940749469,6.50942734565181,-1.48307925270648
"1886",1009.78103807176,5.73174111749578,4.0907604577399
"1887",998.793968111363,2.27374870704089,1.08116658578528
"1888",1003.79582204057,1.83671760029427,0.118864198568846
"1889",980.006184716219,1.84591663767188,0.0748365339662042
"1890",1187.31630552941,6.14200917055286,-3.75620566903015
"1891",966.24140769051,2.32034531313487,0.62638936133528
"1892",970.127715145917,1.96945098211467,0.316014010319507
"1893",1191.40390498501,6.1937536214719,-2.25523155625841
"1894",1038.38267997576,1.88010417540363,1.01287956229114
"1895",1005.23172332151,2.51784903024433,0.819034103731018
"1896",1043.37921650601,2.41962587414069,0.923932659169849
"1897",929.01373355668,6.25349327692805,9.51867126257038
"1898",1024.5607903425,2.29092955651345,1.12416703463651
"1899",1168.28954925932,4.85751518589946,-2.66666382602333
"1900",1201.21124551346,6.3216977708986,-3.72852863440994
"1901",1232.88803894232,5.85640171090781,-5.66326106352014
"1902",927.47390022092,5.65411925101053,9.43714871567043
"1903",1006.33283582574,2.79762982508967,1.64890087477266
"1904",1018.52978140356,6.57945794250234,6.8587538895877
"1905",1041.85004182784,1.59466061400699,-0.0381982769540203
"1906",1215.19256120262,7.1533695922701,-4.87159806322462
"1907",975.885869830981,5.52939690460055,5.63418737207091
"1908",994.121213781062,5.86217366192909,7.18429027470385
"1909",1203.69179642933,5.76494837189563,-3.87294502027442
"1910",919.266261664878,5.77197911725139,9.95099844353335
"1911",1018.08385770216,2.47793811116433,1.61790953733173
"1912",1174.95595390045,6.59990415984811,-4.11433935019747
"1913",1215.24790043399,5.06676408186381,-4.61415125613443
"1914",993.10800929726,2.55339168373063,1.79270074473844
"1915",1184.46022556283,6.39310881132049,-2.73647917619244
"1916",1189.72463489271,5.44935341408232,-2.04306137169958
"1917",1032.02423420202,6.13288843160753,2.98160905426295
"1918",990.215993139232,5.72201297638702,5.20144611912753
"1919",1019.2081123042,5.94233629365622,3.40798016437142
"1920",1204.23590352016,5.9065018557643,-4.10714324242255
"1921",1006.79437640771,6.18500747773621,4.82122430103301
"1922",1198.32202331236,6.39226388405888,-4.93868260802077
"1923",1153.21107207647,7.05291836757354,-3.42766261511205
"1924",1034.07026876099,7.47019723880063,7.28247655664953
"1925",985.778987040351,6.05728695518487,5.1730493251104
"1926",1006.86234529127,6.29672557117975,5.24664291047821
"1927",1021.67197600041,2.90858613542585,2.35195147451548
"1928",1171.77859655199,6.16130007093638,-4.23864494982698
"1929",1214.30743813381,5.78856284856754,-2.90608254418115
"1930",1055.13295343368,5.97810548744329,2.44321683646228
"1931",1048.64674348548,7.22470608422616,5.28065915134702
"1932",990.792207187676,1.86231900128292,0.979821875027483
"1933",1002.26754788097,5.99571526061772,5.75012173233606
"1934",951.98521151062,6.4787482928885,8.60441520258445
"1935",961.117681474984,1.77510331975331,0.581371204322907
"1936",1214.3076336253,5.61392580829894,-5.85644473911512
"1937",1162.29699759927,6.46223884228331,-1.47494149544934
"1938",1031.42717880985,2.320574998135,0.052682370537161
"1939",1006.55829922362,5.95513371557183,4.36237530358622
"1940",983.675665479755,1.64083105325812,-0.160449902667097
"1941",993.983010521269,6.83356333521346,6.89420524437737
"1942",1028.35321993225,1.77521937753659,-0.204632979830732
"1943",987.714948020917,5.87434581791997,6.5509735031626
"1944",977.831841887136,1.70047984280753,-0.0399700039567133
"1945",992.471470919735,1.84798321878856,0.44847564696597
"1946",1186.34102449975,6.33186055190621,-4.04684644995255
"1947",1235.82390164134,6.12204727426642,-2.93531208162116
"1948",1173.66716981135,6.48824181817854,-2.69014936904565
"1949",1007.54295766458,1.63823068143364,1.01291454389054
"1950",977.15403259042,1.65727330661536,0.478797415901426
"1951",1015.22685627628,5.70002071771793,6.05392532298403
"1952",1020.59623185702,6.5765894230759,4.42858343743938
"1953",1159.79527650693,6.5364547200443,-1.25666430990864
"1954",987.877038028295,5.86183777657662,5.25258127843275
"1955",1240.39225566256,6.14992995166412,-4.61561814847268
"1956",1002.40755269653,2.05517297156797,1.17985611665581
"1957",982.205536402,1.6061885253988,-0.274831044759597
"1958",1015.24355024133,6.09119408021891,5.71459784472214
"1959",1192.68309989875,6.2301966837941,-4.30415543194815
"1960",1175.42752502924,5.90550987623318,-3.98064461195548
"1961",1215.8762104374,6.04608022977798,-4.78323031510041
"1962",1030.91211008441,2.32714118027879,0.56691249013466
"1963",998.37401081401,6.48745130102371,6.79349183581194
"1964",1004.639371923,1.85318198665337,0.470759479826006
"1965",1025.84755109194,5.93242861735425,3.60608907861482
"1966",1228.53716854308,6.32330132703759,-6.08306863384927
"1967",996.551547754403,5.21673735626465,4.94741462577391
"1968",1047.58631084764,6.10547109389529,3.15940782293853
"1969",971.350266491375,6.7115691364792,7.822739261174
"1970",998.474745210667,6.09742451332232,6.66834842726269
"1971",1190.25575375612,5.94310666564753,-4.23956524985465
"1972",1168.57283940534,5.43725297499739,-1.91398642290164
"1973",1191.16629103215,7.20630234051547,-2.98632654645148
"1974",1025.385812248,6.06938226491369,4.43312386772979
"1975",979.346404235861,5.68655801411211,5.15961893909941
"1976",942.893575979571,2.08197147973766,0.960758386678565
"1977",1014.11705273102,2.50280056924512,1.16390937940774
"1978",1195.90392377896,6.38803533600653,-3.35473845937632
"1979",1171.26935490618,5.45569667881237,-3.37406945020067
"1980",1018.3005572148,5.94784121972251,2.3255044479033
"1981",957.302257452054,1.21991301677639,-0.0797699502550908
"1982",982.435848957108,1.73397457180979,-0.0218710222479759
"1983",1003.00793057049,6.04053529344758,7.04112294832362
"1984",1020.17188064151,6.04245311150529,5.79944413644931
"1985",1165.64141309482,5.61666489404019,-1.9912653510533
"1986",1022.17051297669,2.85332439911278,1.06789699327778
"1987",1216.26411878906,6.3119886202009,-5.15944096486643
"1988",1047.58087768078,5.80660649452269,3.24767189469932
"1989",1013.00654016306,1.42839660180535,-0.949328796324661
"1990",1180.42795664508,5.55940713412697,-3.69777489642018
"1991",941.989512863214,1.76138265744884,0.751110609179419
"1992",937.282893827296,6.35981334527543,10.2799636868586
"1993",1007.81429440215,5.53637150753493,6.49030141739867
"1994",1193.45839013198,6.19366029342235,-3.40060541810493
"1995",1042.52410910113,6.66045967953112,3.80068942928205
"1996",1008.02498566541,5.85473506199295,4.93066206270804
"1997",1157.52782512508,6.46740566086562,-0.564563103049991
"1998",1236.02385048627,5.43202025874566,-7.36337645777404
"1999",1214.4502448291,6.09471078535006,-5.03966213666729
"2000",1005.81178936192,1.94741707541715,0.198001365013544
"2001",990.134947616835,1.73397800565778,0.322523454863074
"2002",983.284847360085,1.98895394250534,-0.098861687623134
"2003",1185.08920856069,6.84739814233573,-3.2234318205382
"2004",1061.98922532803,1.57147937949185,0.348944906518293
"2005",986.700627685129,5.65873080316915,4.35331499447204
"2006",1231.51901623187,5.06752850424879,-6.44144778929001
"2007",1034.05871481985,1.88651942952439,-0.244021026565856
"2008",964.797105170925,5.94342721353308,6.3169356426516
"2009",994.451664833552,6.18229048991254,6.29239667999145
"2010",1159.80851192908,6.81922076585555,-3.86874290731678
"2011",1156.50298777924,6.10720863990212,-2.8523514024651
"2012",1023.32076706691,5.77161719879478,4.80166454473463
"2013",1001.45846130171,5.99952067214129,5.47550703646155
"2014",1219.63255233795,6.0517151316022,-3.97001934657762
"2015",1207.09182336068,6.22867464427592,-3.09474711973398
"2016",972.244939689773,6.35404326675794,6.89394414828893
"2017",1013.58004851741,2.3953777832676,0.8839173399582
"2018",977.82332160937,2.19283118853457,0.875647920358626
"2019",1188.14094093948,5.3416810011587,-3.59854997586649
"2020",1030.17773484233,1.95067162556812,-0.3327936615525
"2021",1206.32315858314,6.1189212621381,-3.75354667419306
"2022",1014.42323727001,6.09810860783486,4.04472372712113
"2023",959.646403364341,1.09297833924425,-1.0527639020296
"2024",937.682135432594,1.80222702623079,0.0761977932464432
"2025",1046.03951325718,5.81252222127386,3.31275816849796
"2026",1183.20695031397,5.76725791317874,-3.56278945761514
"2027",966.802201738663,2.398770168015,1.12561539856666
"2028",1165.33004671043,7.35420649776704,-2.29471028412217
"2029",1215.26607251893,5.67518882290891,-4.37224473221296
"2030",1177.37218618201,5.45085105317575,-6.37796997795234
"2031",1210.1228058509,5.11827656565106,-7.37245742519231
"2032",1167.37941065294,5.3693864986773,-2.83764330486022
"2033",1017.86981496075,1.61819561221547,-0.562279917416029
"2034",1224.64186849972,5.78832951868407,-4.88530987910074
"2035",963.393663874621,5.72293245398653,6.83330268523907
"2036",1225.52092566716,6.60974452064769,-4.80709979037381
"2037",941.360450733302,2.22775169268448,0.96894402892425
"2038",968.685325538601,7.17594959260479,10.3323938788525
"2039",1162.50822916292,5.64549053107646,-1.65202478060442
"2040",1026.59301115444,1.67314050783603,-0.703134052856433
"2041",1200.84748653122,6.08242993678219,-3.70342918912076
"2042",1174.00257177844,5.54206009818609,-1.33372445587757
"2043",1000.78104730052,1.50393254301081,-0.335732669507769
"2044",988.683170366505,2.42060887897193,1.15587758497865
"2045",1202.68998048125,5.83846022346827,-3.90924783372346
"2046",1154.26002277696,6.24932805294589,-2.42905527603707
"2047",990.45582455593,2.6390406211467,1.35654120286472
"2048",1275.69612188768,6.15063561475176,-7.1149569524985
"2049",998.656413453822,5.88469611054906,6.05738236942798
"2050",1200.5204425309,5.3338243718119,-3.85036482563295
"2051",1240.75393179315,5.91827449427492,-5.29040564076063
"2052",1227.86408674978,6.5953757264071,-4.1317225084346
"2053",983.009232810132,2.58862748894941,0.92362044439497
"2054",1081.65448493798,1.76522162752065,0.484566546905622
"2055",1037.8768881925,5.3690937223275,3.16326736621532
"2056",1209.20453863748,6.84347226982968,-3.55890654541289
"2057",1260.65737949164,6.62096755328168,-7.51692579611039
"2058",1045.93414084356,1.58738996081882,0.0902665454605828
"2059",1012.61370522942,2.48660333137118,0.969437437296006
"2060",1048.7277752038,1.20565467464364,0.285049147019979
"2061",1184.00441788832,5.45387403959639,-2.39853557540597
"2062",990.282277010397,5.95826141619192,4.82916572921773
"2063",978.463933358651,6.63172690330416,7.4079238380546
"2064",1004.24982426808,2.71209462805302,1.78250137697901
"2065",1193.65160649188,6.02660620869283,-3.22228126565882
"2066",1013.1066784351,2.45926077856586,0.38653081710874
"2067",1192.50202296801,6.38123206661784,-4.20589446780676
"2068",1001.74591463825,5.75160722117153,3.74175158570876
"2069",1061.3327884537,2.31055280608432,0.882668330808478
"2070",984.138472650915,2.17728338323912,0.420120289899982
"2071",968.657298452236,1.35256828266014,-0.292462308972769
"2072",993.103099176701,5.9416606775367,3.75060469992937
"2073",1013.87524554283,2.50752616291113,0.720806193922644
"2074",996.101601903373,1.86200110541793,-0.171572717626456
"2075",1007.39537702001,2.56422412700771,0.452419946985693
"2076",980.657444397379,5.59666830089226,6.08195131443384
"2077",1213.24816614468,6.18495843301227,-6.47118355603492
"2078",1223.05747334082,6.67548653094381,-4.76619303759511
"2079",978.141431986986,7.15547931881931,7.86913804654955
"2080",980.691999201082,2.02757032550396,1.23251378208029
"2081",988.613882801981,5.38552150715333,5.74016779724022
"2082",1212.15913128148,5.33436547112215,-3.89312344130432
"2083",1034.32999769648,1.55234704974247,0.589555940131244
"2084",1018.87132437068,2.45035098150647,1.14255299298631
"2085",1208.95860145501,6.35774542891845,-5.66363383276957
"2086",1218.68129823302,5.76444613485478,-6.56937780500158
"2087",1199.85247545395,5.9253045367441,-5.61754864322845
"2088",1159.9396375197,5.77070571221066,-1.4994759316735
"2089",1204.86977480866,5.3064093624684,-4.68591782937539
"2090",945.569107019313,5.32626612059166,6.38256712923347
"2091",909.735496377275,1.61153446185709,0.326590142927807
"2092",1190.89246422088,5.31850059717901,-3.45684823670552
"2093",943.423706565727,1.42006217632121,-0.156729650745106
"2094",980.878141805142,6.33548822500624,7.30493933698557
"2095",1172.66682066209,5.39286904535625,-2.01475932418651
"2096",990.082687276226,2.89147795696969,1.78571015308655
"2097",1149.39029360504,6.0947910782511,0.460881688672802
"2098",980.10274589523,2.17478035417451,0.3765473862761
"2099",1195.51243756823,5.9539970267742,-3.70925187538081
"2100",1186.00244489826,5.36905152485695,-4.36523827068222
"2101",1025.2060529824,1.71014022436011,0.0872864002300293
"2102",971.996635522827,2.11065574897125,0.0964746708894304
"2103",1005.92785857165,6.45797953891033,6.48751152364197
"2104",990.871905392825,5.31952658904143,4.96343958383633
"2105",972.151866760456,2.5682377757935,2.66618987737437
"2106",1005.84506360942,6.42639596242764,5.89397911280617
"2107",1024.20944906243,1.69071785663921,0.353107557480085
"2108",983.255695037829,1.43130984131496,-0.932807443361211
"2109",1185.77702713642,6.13403534554149,-1.1247967517571
"2110",1021.54483921296,2.17020577162414,0.812060872480626
"2111",1019.60457189322,1.70223663390595,0.138662218836107
"2112",1191.59816330222,5.83011218118777,-1.97109071317116
"2113",1009.93590169882,6.42004806754293,5.32497855415111
"2114",1233.85446889194,5.890830999504,-4.80213654115214
"2115",1193.98042627308,6.12192098348448,-3.32029431426114
"2116",1018.579673014,2.00578111701562,0.477352939335091
"2117",1016.86741160027,2.48372558005069,0.401639962694356
"2118",1173.55256768707,5.53633179791297,-2.21742762701752
"2119",1193.09946810921,6.45793595681302,-4.91884463106438
"2120",996.997094218628,6.25932527427327,6.2739902345236
"2121",937.04052420533,1.77886239371653,0.612076370287661
"2122",1004.82402180565,5.66421243537487,2.56656354512163
"2123",973.26708058994,5.39976564471043,5.61306294946499
"2124",1008.75808619381,1.78441434161823,0.254850151652516
"2125",975.664939877583,5.98164055460347,7.20350736655279
"2126",1226.10819546364,6.31885205927132,-5.83039047496171
"2127",1043.02097857436,5.98920338783763,4.78996440270447
"2128",1014.2329352117,1.80304453711807,0.412075470326163
"2129",1029.36340183065,2.65195460590343,1.93634689998814
"2130",982.519560046049,6.31722747614235,7.07885726201057
"2131",987.949338206485,5.79550193067108,4.68310391711377
"2132",972.753586033914,2.32702733088622,0.936564997958427
"2133",1147.61952667621,5.57105636482508,-0.328693779394795
"2134",964.818113276646,2.53712137164546,0.536876444860054
"2135",1038.54048186132,6.19780468822823,4.45159985204293
"2136",1203.07397103756,5.74131624591052,-4.69097770525631
"2137",1182.74362709754,5.82453537466158,-2.50197048764638
"2138",1027.63826996523,1.9889975339312,0.811760332611142
"2139",1184.99130773633,5.87027800425201,-4.92815615221571
"2140",973.686600859526,5.48444069081724,7.40836223119557
"2141",940.652194341814,1.54381980695431,-0.989679269272696
"2142",974.752360260041,6.04680880954657,5.09269983275493
"2143",1202.06297031476,6.43375843144702,-4.25682964468079
"2144",979.527324571503,5.25239275486556,5.95291018090455
"2145",1060.60957812585,1.97984959066373,0.564682740773397
"2146",1150.85716731302,6.542558041406,-1.27309066323982
"2147",996.303454859866,0.970585340257123,-0.236906326823831
"2148",975.149769356177,5.35623698266119,3.82888929963485
"2149",991.07325128773,6.39325379701048,7.02012055086589
"2150",1029.24480147791,1.706288823461,-0.0458430589264578
"2151",1013.32526111847,1.84715557116411,-0.00329555034472628
"2152",1035.43901249109,2.01804959049708,0.804606482048602
"2153",998.221985285309,1.51943950668864,-0.703201079936768
"2154",972.779760857822,2.74840688440223,1.33319893437887
"2155",998.021751466999,6.84499387629914,6.93723095282646
"2156",1012.14566591087,5.95081372361397,5.05641477158276
"2157",1011.64466907615,5.35989557376924,3.24309565614708
"2158",1217.69215851661,4.83333796344686,-4.30559003810233
"2159",1193.36633652817,5.96550478155064,-4.86220664618526
"2160",998.463805590934,1.30462992317351,-0.295561696979594
"2161",1203.58945792659,5.57579100713624,-3.2276591223661
"2162",983.195279917234,2.76942034815785,1.50053531935839
"2163",968.77797582222,2.4251815627431,1.20455797931999
"2164",957.606135973722,1.19417832444623,-0.934556435810527
"2165",988.365157263647,6.61838619122882,8.67099701315548
"2166",1187.73442799759,5.62123719139362,-3.02897073632242
"2167",987.74938261166,2.07699390600276,0.129196199630465
"2168",1012.51819979834,1.36730288632967,-0.117160579725443
"2169",1137.32322230142,5.62280503672583,-0.354348280041124
"2170",1211.50556785628,6.16076192812652,-3.81101289864511
"2171",960.28468094032,2.52853621422972,0.549348191354257
"2172",965.02040353103,5.48363554339182,6.91926299632254
"2173",1000.44910403095,1.80452028123656,-0.243598218175457
"2174",1194.11712533697,5.66706900816494,-2.60421095054315
"2175",1206.6929724868,6.23686557251321,-4.02904515559583
"2176",956.375026757285,5.37511162729991,6.29967697187796
"2177",1244.87654333334,5.01449141428265,-3.80957101301454
"2178",1201.42304532062,5.64306036118344,-4.21770289029495
"2179",1211.61421387508,5.88923196441609,-3.52335498877663
"2180",1186.61076610701,6.06056861880655,-4.04588680279504
"2181",984.463768499467,6.12923425752983,3.9892611079693
"2182",1011.6838829158,2.12705531074414,1.43590903740539
"2183",1040.15784787881,5.16277814995744,0.983204166696113
"2184",1007.94150475498,1.61317519281644,0.110009271168055
"2185",1007.72868379166,5.84707372257424,5.45534499350135
"2186",980.386522637129,0.918190681251721,-1.71510329758303
"2187",1007.19094072516,1.7870573319147,0.0271779825895057
"2188",1012.89703430466,6.27425216479942,4.96974598855414
"2189",1168.37720678378,5.9615724959499,-1.85491253978594
"2190",1000.48805260941,6.89149685284218,6.35514783883697
"2191",982.662611268098,1.62796275675494,0.487286944962586
"2192",964.617908622742,1.8438549650951,-0.432653189020241
"2193",1191.44628015672,5.64264639143185,-1.4825111858066
"2194",1011.14276445832,2.32767649529965,0.848891520898316
"2195",1000.8765009903,5.7950750175528,4.29098860739315
"2196",1019.38491120827,6.24526464303445,6.7035382789328
"2197",983.854930580455,5.71677770997503,4.94922877677465
"2198",1117.01622260659,6.1400833976134,1.62987341913362
"2199",999.324970638727,5.75422481882431,7.09891914484642
"2200",1080.58743414948,1.77888207050367,0.960144051274234
"2201",995.72165478593,1.81357280642177,0.54991843129742
"2202",1185.29256544239,5.64281611806929,-3.83214005955013
"2203",1000.1374843316,5.6960102438684,6.73207284458396
"2204",1206.45722029296,6.18457120302695,-5.82426796862404
"2205",1031.78835079022,2.05760655838521,0.604137635729954
"2206",1028.11914176006,5.78822882124123,2.74344296034256
"2207",997.495471245684,6.34151194293321,6.86103864905483
"2208",1025.25115180407,2.03617452204961,0.255688967647902
"2209",1020.79936145288,5.66339267002503,3.17969482470572
"2210",995.996860515581,1.564264465189,-0.525239609792518
"2211",967.591828864641,1.668821434791,-0.0406321894358135
"2212",1227.79110971563,6.00025702940861,-5.46938169314842
"2213",989.825736365835,6.05369429290141,4.95670915103911
"2214",1210.60549191823,5.94066145986551,-3.84489612460005
"2215",1175.62775702734,6.7558559586212,-3.31336286383334
"2216",1170.63995220986,6.14702442728761,-3.81672196213041
"2217",1145.14213231772,5.60984887212025,-2.3309981564184
"2218",1220.36449907939,6.64996353186044,-4.46258711523672
"2219",1015.89156312271,6.57588366206525,4.95637861429947
"2220",969.719817955031,4.93317903925126,5.71422708370321
"2221",1009.21571014775,2.3581004524042,0.467139922312499
"2222",1062.59297795085,5.53102379326653,1.43397327127264
"2223",950.1576968142,5.91699550000046,8.10439233446668
"2224",1003.97717126678,2.12368378889085,1.05820276763404
"2225",1003.23717133426,2.44311881452042,0.61228898808899
"2226",948.661376226658,1.63280902320361,-0.709679265109356
"2227",981.286870446591,1.59415508777228,0.24231622318773
"2228",990.823463767838,1.97887201538127,-0.112642106019879
"2229",1236.42882696044,5.24511968345767,-6.8266631854248
"2230",1051.90945218047,2.08430180519447,1.24974138412723
"2231",1044.56086840002,6.25384386960673,3.58434778588067
"2232",996.267144712977,2.46681871442186,1.3593723109364
"2233",1198.4163454288,6.10823257566952,-3.79724544132975
"2234",968.017606698154,1.62991921158481,-0.0326482422068498
"2235",975.347565777853,1.89175161776088,1.27567787738238
"2236",1178.90599008962,6.86690729465758,-2.5145584404301
"2237",1170.25026058699,6.57533865849948,-1.59785362895405
"2238",1255.13940957686,5.52453292967082,-8.71182774745184
"2239",999.47611686646,5.43042490618073,6.34607920112271
"2240",951.240297847611,1.83509550018952,0.174405644300386
"2241",958.140480499862,2.29294139470243,1.42553412862832
"2242",1001.24010268081,5.92639916279827,4.11127979283964
"2243",1237.3941380976,5.77290809002159,-6.05544821806888
"2244",1220.8102419935,5.4553261714105,-6.24990557381169
"2245",999.448628224612,5.41968920866207,3.5496957941103
"2246",1194.46256854297,5.85287914323068,-4.12964018792318
"2247",1225.13212811335,6.20926791423052,-6.87119342796909
"2248",975.000974563087,1.38895489736161,-0.301194462433817
"2249",1021.53075560921,6.12328459795084,4.79450776900098
"2250",987.314966117127,6.03511867330743,5.43698606726177
"2251",1208.34469679899,6.67094316150131,-2.65542909349287
"2252",1014.14524565006,1.20035734046969,0.817868228376498
"2253",1014.32872629579,1.30524616840838,0.0640135006498905
"2254",966.150882255161,6.05189333553226,8.31888790269943
"2255",1201.66881250857,6.5101013150834,-3.87797169158942
"2256",1213.78593114942,5.69519305808294,-4.37027790024402
"2257",1256.80749783222,6.60465791329722,-4.98740463427874
"2258",991.060214741828,6.25429877384815,6.96065632332824
"2259",972.717467253061,5.99808981777603,6.99941464312978
"2260",995.648344561749,2.058131071192,0.705025273838822
"2261",1228.39226512894,5.69306180782921,-5.13326426596541
"2262",993.510264883351,1.47413070539349,-0.680691008723393
"2263",998.749802245697,2.02263937890761,0.687330892898637
"2264",1007.45007706036,5.72218141809613,4.4758756555187
"2265",1229.5023452098,5.4405936244902,-5.94534464509065
"2266",1222.49408686224,5.63064905694385,-5.00030856712521
"2267",1051.95075603148,1.2157758560223,-0.696257846944534
"2268",1011.01741723352,6.88591356090915,7.80447471772204
"2269",1220.87957067251,6.79000461422623,-3.76091479644632
"2270",1020.40631675111,5.27674723244952,3.51975626230072
"2271",1030.8214179426,2.8409381187339,1.50920830110494
"2272",1214.86042913862,6.43421779166345,-3.7234137900393
"2273",992.865552724575,2.2942089938219,0.83673759340805
"2274",948.681052352903,1.70170688369808,0.403117786955719
"2275",1176.92453196984,5.53782425592568,-2.76116344960109
"2276",1222.0701570131,5.83047801016938,-4.82453917385554
"2277",995.813527661698,2.13915895066253,-0.191737615484746
"2278",1019.32474241026,1.80513088067116,0.189823625241696
"2279",1256.72842597331,6.26082823155529,-8.5290940322708
"2280",997.919585635138,1.67689650595902,-0.232842913115448
"2281",1002.95075305295,1.71594716054223,-0.523364446044345
"2282",988.41443195696,1.93821396852297,0.623297652553121
"2283",949.303643065694,6.26112217190332,7.77315021729447
"2284",1232.62620843686,5.59863604693932,-5.07146579975353
"2285",1181.32698468007,6.34846879514692,-4.03051124373357
"2286",1219.75508255648,5.67158021395185,-3.85799343430906
"2287",1036.56906771048,6.17254823233487,2.38951330905088
"2288",976.846306733804,1.15571895681849,-0.0372039385098788
"2289",1027.06367315787,1.66422159810745,0.0498352604309606
"2290",973.322850872862,6.36100442693918,6.65706822353748
"2291",984.078820358979,1.87474060289868,0.328462202604888
"2292",1001.84905172822,1.94684731572347,0.0509534614811234
"2293",999.573078557557,5.04059162510446,1.33062016929352
"2294",1175.4094818909,6.07201696533791,-4.10676399531158
"2295",977.179354847065,1.47069842658351,-0.74009971613306
"2296",987.815065812995,1.44860406855552,0.496259673716984
"2297",1020.60737890962,5.98826237778809,5.1236900705853
"2298",1199.40612402636,6.27048106834937,-5.34093838082248
"2299",1032.38269796927,6.61459632996571,4.43102569649233
"2300",1202.79397511163,6.07173258252057,-2.66129012868195
"2301",998.266211027985,6.37465589512734,7.24636188482175
"2302",995.690579160198,1.50830386652016,0.955619700511849
"2303",972.303955859786,1.96335716458785,1.16260110293672
"2304",952.642385621561,6.57839738658704,9.25640909619568
"2305",1186.73759403592,6.01106245356253,-2.57181572593011
"2306",1035.42655303284,5.41713487380414,3.18238387423245
"2307",1178.44039583774,6.09528879547956,-3.51943136402853
"2308",1019.21175717502,6.38341135285479,4.88446827912184
"2309",994.154405082951,1.22030570905492,-0.351342265251495
"2310",1020.54722319196,5.91956167290483,5.76687528868604
"2311",1036.28986584944,5.33569333607797,2.4140318215383
"2312",998.925798459543,2.43209633214552,1.6804977855826
"2313",1205.85720835619,5.54140037143223,-2.95613345625151
"2314",1191.66718333512,6.40481776899407,-4.41758903666836
"2315",1167.46652684611,6.5085267343993,-1.7100653156108
"2316",1216.58962912815,5.59198692781928,-4.59298035741531
"2317",1017.42896926652,6.92868645853986,7.90056939748685
"2318",970.257837160338,2.13169134066609,0.473216881347035
"2319",1006.29712691332,5.93529562295042,4.22433041779083
"2320",1232.817350325,5.86292216944167,-6.16394462409265
"2321",1237.63368885791,6.3437735686501,-6.44422325248805
"2322",976.283660081314,2.82412866692519,1.4879788288646
"2323",964.397288652145,5.9708057353976,6.26655466994156
"2324",982.01609136608,1.07409267071434,-0.299283035332574
"2325",974.757426769212,5.87840294413544,6.58055416872361
"2326",1005.39923838975,2.50636064422624,1.32865032427715
"2327",1201.46740398812,6.40504912269472,-4.91236430367855
"2328",1017.18148624356,2.46834331538694,1.41382387786593
"2329",1011.78086066511,2.18896900696356,1.06880600703376
"2330",985.150742195255,6.14770636412369,6.48698363794244
"2331",1185.81115831163,6.79240538967895,-4.7089049543387
"2332",1000.35432814897,2.7541995184229,1.16608907935282
"2333",994.532950839088,1.92737268376751,0.356882971963719
"2334",1199.80228129245,5.70252773545705,-4.29026732941068
"2335",973.981799043008,1.78933521488871,0.961732741443481
"2336",1061.65889449899,6.33954961780244,1.85455756227951
"2337",971.802397671599,1.89629434165033,1.307780644399
"2338",1206.49873318559,5.96903897390069,-3.72002769369716
"2339",998.220083576236,6.6329718986998,8.3206394071129
"2340",1025.14861442806,2.41610816697816,0.340164864167568
"2341",1050.87294710137,2.07098600244606,-0.666029441099914
"2342",1002.76866281904,6.64719563256307,7.09161043711527
"2343",1202.81205454172,6.13441624097438,-2.53484878908082
"2344",987.194054880959,5.74509972758463,5.246705102132
"2345",1231.95040349421,6.30741430922182,-6.01552254589518
"2346",972.654521053637,6.07950686843108,7.22534174205768
"2347",1268.19102544513,6.11214962573383,-8.94153278273583
"2348",971.559439415196,1.90605301642536,0.196646432750258
"2349",1186.45539454645,6.25683762299821,-4.18250659462859
"2350",1029.97685007836,6.3573581635302,4.78907882040036
"2351",1073.56589306351,2.64595913753417,1.06169105745098
"2352",997.912768921054,2.62522412582966,1.3513159954851
"2353",1015.76807925815,6.81648056558059,6.31726244172869
"2354",1207.36493743785,5.33618768683605,-3.44360756011311
"2355",955.256594106009,6.72381897643351,8.11623819109771
"2356",1028.54860382522,5.76381736769243,3.28711607643643
"2357",964.299584533253,6.90166150297205,9.97826680819372
"2358",960.25597878024,2.46978221487793,0.534036185380344
"2359",1167.09995539382,5.89179052071319,-2.10062431910803
"2360",1215.14706829325,5.68646006896499,-3.74008074575852
"2361",975.215941381275,6.73396393977306,7.72989513207383
"2362",988.200027870405,6.44021554651818,5.795989836366
"2363",994.397423640777,6.87577534147342,7.94001381142709
"2364",1022.79554698891,2.36313795782318,1.5822141033037
"2365",1060.20532877752,6.59782204265399,4.39301035512428
"2366",949.20751919293,1.29615262739386,-0.895813289589737
"2367",993.080171932787,2.05068833636948,0.960062794742143
"2368",969.32995466359,5.82221431724281,7.02192491278752
"2369",1027.14006002773,2.12251604830276,0.191070888745901
"2370",1261.42129302146,6.05423651758407,-6.65890409231793
"2371",970.089663653193,5.1799140396362,4.86002711105414
"2372",979.265078740403,6.49588793418042,7.6851640178588
"2373",1216.88666773571,5.8350214663347,-4.53510904262181
"2374",957.91751978221,5.05962046941193,6.35107308674251
"2375",989.340998851057,2.85860389991629,1.13237465057168
"2376",957.346605755803,1.0464878562452,-1.27411170235401
"2377",1162.42716148804,6.70015950478318,-3.16877109853169
"2378",963.812946093391,6.58625343086179,7.86255892488171
"2379",1234.38767859547,5.7536217695044,-5.07659971367702
"2380",992.49826152735,5.9835635278832,6.95846515944087
"2381",1174.25870971114,5.42580537946991,-1.60221237268258
"2382",1183.43693375231,5.89081342486822,-3.29540485914305
"2383",993.105104458582,1.6954132185057,1.0708926272931
"2384",1023.85198460098,6.96415397425181,5.8713175280002
"2385",1016.92744510695,2.29106443585627,0.902245991019824
"2386",1174.02950426345,5.18880092523556,-4.29217587152129
"2387",977.261735373149,6.27410607772642,7.98431793882444
"2388",1187.39233944549,6.04968135876667,-4.21951677162123
"2389",913.347452364005,1.95305609402169,0.649188611161845
"2390",1058.97634724342,1.95596220017032,1.169675463264
"2391",1188.22365338625,5.95379874870694,-2.68365723136174
"2392",1227.55192513547,5.89430067984836,-4.13896290997827
"2393",1019.1421309279,1.71111901062987,0.325753790200041
"2394",1051.58438588756,6.15707537514803,2.99044260777688
"2395",1238.00350068993,6.091561868122,-7.22800123108351
"2396",994.597039414077,1.59355435290204,-0.346026540884834
"2397",1010.6093317701,6.17624545549436,4.11741448107343
"2398",1167.01620051618,5.38836128985361,-3.67456310431906
"2399",1234.45951533942,7.04697291058356,-5.55606756017098
"2400",973.611788096992,6.3183840698878,8.17000469737027
"2401",1057.12591092836,5.94217805787463,3.19914632529485
"2402",994.116429732371,5.97252663654743,6.62490872032935
"2403",948.674866836182,6.23193569760979,9.26584279888591
"2404",1186.18136660124,5.95582891847071,-6.04559452702709
"2405",1241.36855594205,6.24511994581471,-6.75364176109954
"2406",992.726979558024,2.63584644125604,1.07935919671597
"2407",1061.74090624253,1.78024783926947,-0.14078673435409
"2408",994.33513326306,5.65441758211649,4.00217552596744
"2409",975.317429211479,2.32530972765042,0.699400635920067
"2410",1027.65600988925,5.38683280624167,3.51534243441434
"2411",949.331124890395,6.68285648120847,10.0890557346037
"2412",970.497191844848,2.81095518498805,1.50013837873494
"2413",1060.10177738696,1.88877515996912,0.0678725053445824
"2414",980.304559107359,5.70649856635261,6.23334767067913
"2415",1169.76582897989,5.86022127352155,-2.03085337649242
"2416",979.240972530756,2.21852249291656,0.374384819814693
"2417",1195.64100620241,5.65069605163383,-3.05662968029499
"2418",1004.54859930761,2.70882654215401,0.708885177049449
"2419",1209.84212824007,4.98157750811705,-4.51570411692846
"2420",974.361199952716,5.62015126471884,5.80888697061676
"2421",981.079182956623,6.25979314741833,5.60192243878329
"2422",1148.04307301157,5.72388343180703,-1.31832253120511
"2423",985.037653785755,2.57131271712389,1.28958251484383
"2424",1012.22100960522,6.77433352623306,7.09061723962373
"2425",1154.80384563704,4.95695266938109,-3.10792424967961
"2426",971.40551288205,1.07070023191604,-1.42219839785752
"2427",922.75446163774,5.97683693275324,9.60074174648816
"2428",1180.15202330249,6.06490163766636,-4.24989625854333
"2429",1008.62913074435,1.71305644368382,-0.228316308093028
"2430",1191.33868698206,5.92606275936248,-3.33406779893027
"2431",1019.49855466298,6.5632373757952,6.40453837069167
"2432",958.765590130414,2.31035764216706,1.05696018892504
"2433",1037.43398224717,5.52128244800502,3.133973989384
"2434",993.830478108694,6.43086553997113,6.02288877895329
"2435",992.082972208066,1.58947560746934,0.206337465420483
"2436",1268.65657715175,6.26830270974749,-7.56828785799773
"2437",1231.36680549002,5.99675954445554,-4.80153612586703
"2438",956.358132737586,2.56836057077059,1.39150820917532
"2439",1033.94566189806,2.26274918463885,0.158999003035225
"2440",1033.87340576997,0.952902932006745,-0.610613503261293
"2441",1230.59319493133,6.28108876254367,-4.69398347583191
"2442",992.462878344009,5.70117702127782,5.20592033215234
"2443",1234.18083703651,6.42288416283795,-6.34256804585534
"2444",1242.87569528607,5.84809553777807,-7.64643875841066
"2445",1182.40601166151,5.35247193806929,-2.99701586008193
"2446",1005.25971341585,5.90698792901239,4.38125794822017
"2447",1033.11732264244,6.75927486040089,3.6444051209518
"2448",954.033046526993,5.72013771986473,8.22870761496561
"2449",991.593048988141,2.62720570538933,1.93946554726023
"2450",983.95420826821,1.73664990146051,-0.031279953545967
"2451",1034.97482001237,5.98798924832436,4.51265068261914
"2452",960.875377926818,5.92154931389812,6.03382015076821
"2453",1229.72719791317,6.40809686044586,-4.53129923538362
"2454",1203.57204990691,6.05262871720716,-5.16964169831506
"2455",1021.61267065006,2.27649173251897,1.02716476878991
"2456",1219.09252087216,5.9413188698562,-4.48300069779008
"2457",944.009453016805,2.15358402860331,0.313339177599632
"2458",1029.36799749899,6.45168448095757,4.74788453302809
"2459",977.995388588331,2.080575592979,0.605455900625824
"2460",964.405523016214,6.3000617277207,8.01247621326972
"2461",1017.23330095197,6.1827341882969,4.96206584896544
"2462",1227.61495066304,6.07211922630244,-6.61305542181187
"2463",1029.87830399644,2.58540077925281,0.249793854184596
"2464",1000.2205469083,5.5302345826053,3.06846646116166
"2465",1184.70371497564,6.44280047579213,-3.94478893753605
"2466",959.192949476057,1.47686184129782,-0.395778422487211
"2467",987.131129100439,1.74083903823919,0.813103671811493
"2468",991.609911450765,6.07457504219404,7.01542142116363
"2469",983.402727745552,6.33014242677928,8.54815518685282
"2470",934.960715353224,5.77544528628342,7.58256359645349
"2471",983.66098783308,5.94259210877153,5.88898965176667
"2472",1005.90057489383,1.58605114793218,-0.213430150082851
"2473",1203.46574074928,5.79815808804377,-4.90031458125497
"2474",1251.55975538169,5.8944338990433,-6.7760674715425
"2475",1220.53653122656,5.9151584460936,-6.56553745513152
"2476",1017.50535829101,1.53447823214945,-0.0205104155159645
"2477",1284.47430704637,6.43750694565086,-9.33017199078293
"2478",1238.70642911782,6.10032080076064,-6.20856903350284
"2479",1171.05052087683,6.39199126138563,-1.17265343958299
"2480",1006.2645727206,6.0816148455165,3.51552102278745
"2481",994.015794667791,2.62016635542114,0.71593847861696
"2482",989.058992073742,2.44016820662798,2.06946640019923
"2483",1170.33411446223,6.30452122904897,-3.78040244481533
"2484",1177.7848641716,6.61279085404567,-3.28295375391466
"2485",987.349486312842,1.31812375425605,-1.14260073899725
"2486",1208.72926287716,6.39414824529104,-5.2692534422318
"2487",1023.40957367916,1.81842321621689,-0.191821020347542
"2488",1189.48416706794,5.75985936275313,-3.54241658118982
"2489",1164.88631531944,5.97341129317578,-3.32536164209538
"2490",976.855425809275,1.6034954351036,0.25636001131678
"2491",1023.21779461985,2.81264130309703,1.50622187280167
"2492",1011.60205979004,1.59041115299098,-0.241908846129678
"2493",1223.77691551955,5.93280130267116,-5.56082875550197
"2494",1186.09553373409,6.28814282031323,-2.91877637787582
"2495",1219.58656238239,5.33092150280314,-7.80241678809869
"2496",1148.77263038126,5.66821715754786,-1.43846628617987
"2497",1175.31762581787,6.12920927587716,-2.15678542444044
"2498",1045.85013112847,6.13528777547594,4.06028407197003
"2499",1019.43753720235,6.09857200461394,4.09451415882391
"2500",982.82317262215,6.00916981561117,8.3917350405803
"2501",960.653817567559,1.57795787738396,0.392713111931931
"2502",1004.71481933936,5.79850232363404,4.52453759234008
"2503",1014.78336595802,2.26972094695021,1.47647720413047
"2504",975.633090370346,5.28837715535908,6.50921842215594
"2505",993.122726844174,2.4865590495323,1.73215684725414
"2506",1029.69666958205,1.85060275675694,1.18230593761294
"2507",1040.76102895169,2.55881670150446,0.925703320507237
"2508",1016.44187031698,2.40664856066167,0.816651691056357
"2509",1035.96303295922,0.991442702956178,-0.87596642442971
"2510",978.982966137544,1.98813114120458,1.15128491696363
"2511",1028.65447967748,5.26804981248239,3.38610622979987
"2512",1008.15115798105,1.80243316474996,0.1779368841446
"2513",968.743074931996,2.01572871536423,0.164466780656559
"2514",1015.75537040197,6.03072228090531,4.94197507987923
"2515",1215.1805164373,5.7094242425246,-5.81192503602771
"2516",1181.15648983418,5.61483751012171,-2.97163643079701
"2517",1003.3630812634,2.2142567427519,0.163192708933406
"2518",1044.34851103525,2.06376093680938,-0.0113928525891179
"2519",1206.79656283272,5.48166401647891,-5.04119945964247
"2520",1214.01392339075,7.30190199169394,-4.20698935515814
"2521",1045.29008720253,2.06199933304271,0.441723030196053
"2522",996.730559944018,1.911644616267,-0.0326686870913738
"2523",988.216753076867,1.59198696908424,0.786327714767437
"2524",1002.06984559305,1.27599213119127,-0.00640977574278345
"2525",1010.9139141185,1.78976598905475,1.18304825168257
"2526",1013.77737693123,6.17119545995726,7.40985726747684
"2527",958.017262857281,1.74340375327461,0.525666769023508
"2528",980.491583864615,6.34039399048992,6.67923258299582
"2529",1182.67806136389,5.82749907916699,-2.81658816400699
"2530",987.215383230534,1.0824003144685,-0.303284299404249
"2531",1029.54613173668,6.30343261132246,5.05678505809543
"2532",999.27848341172,1.81024642199351,0.471855801127533
"2533",1203.85935522416,6.96750189861058,-3.81700051453266
"2534",1154.62277267517,5.79218249277936,-2.23300275446941
"2535",1237.48155969232,6.12327563559684,-5.49409872030812
"2536",991.447637177614,5.54964011092062,6.76905001239904
"2537",971.991514582211,2.45925780644051,0.267049949505933
"2538",981.198260132063,1.66235832215173,-0.0175384953570321
"2539",1017.00413983742,6.42447658926338,5.22352562661926
"2540",995.243598411863,2.17976832029844,-0.166484922006025
"2541",1032.81027448574,2.23317614754329,0.194676312792714
"2542",1015.5047743226,5.87674601324882,4.04722833414079
"2543",978.761358121848,0.940145483041763,0.211905186431491
"2544",965.490711078616,1.52816185970099,-0.609070891611873
"2545",1219.87033326457,6.06368347700553,-5.27115200170029
"2546",994.499437691437,2.14431971851588,0.842587892575823
"2547",998.257942987396,1.63760445639235,-0.623114016494491
"2548",1209.19112948085,6.06280540453401,-3.85944354093941
"2549",960.834633405168,2.17039178002109,0.549037919035389
"2550",989.103761239873,6.72741928323169,9.07162680825876
"2551",985.188776882631,6.16986443895646,5.54085210413392
"2552",943.426580844212,2.59516662930645,0.471573864259961
"2553",1016.12316295951,6.85500601444609,6.17783145022345
"2554",1030.58656591655,1.85975073607303,1.22673087250707
"2555",1179.08897562506,5.95588310034552,-3.11736657226752
"2556",992.40971067943,5.55600051902711,4.01062059286895
"2557",1201.84429989141,5.87351848386399,-2.9725961939749
"2558",1226.33779294503,5.10064774050342,-6.64657380846573
"2559",1023.03705952912,2.59337040540082,1.52644856946202
"2560",1004.10935171778,1.22284364992012,-0.0783273923840104
"2561",1036.5094277877,1.99325073436896,-0.24466444765229
"2562",1037.26699172913,1.77552701043753,0.292363986626172
"2563",1221.5141352195,6.03590889877157,-7.58638671642127
"2564",961.008764270221,2.4631957170704,1.90530002713573
"2565",985.638611404573,5.57945503925896,4.96077000571709
"2566",982.107781547125,2.16865406583693,0.600548068709133
"2567",990.970728992901,6.25153228856139,7.43112451131256
"2568",965.549850950369,5.44640177969702,6.6644868713815
"2569",952.310853991298,2.2101058686309,0.527591451476952
"2570",1194.6891416627,5.57051727469608,-4.00002279681181
"2571",1041.02760475397,5.56749775116167,1.86114122201471
"2572",1220.17807608967,6.1758611002565,-6.11918206908106
"2573",985.341514868052,6.22522644101176,7.43463219805669
"2574",928.109541342647,2.43676824917696,0.662871820105082
"2575",1177.71262091227,6.47795021269969,-4.08918233467454
"2576",983.084720917014,1.33848202008269,0.21117675235147
"2577",969.050219496012,1.68297302655941,-0.269371343944608
"2578",964.2014850882,6.02551484268222,5.19678061394942
"2579",1005.29110587316,5.79812442883237,4.37928938980005
"2580",1039.0163356373,5.68376092657542,3.32784720237229
"2581",1213.42116643666,6.26326035067581,-4.15541602624446
"2582",1145.26072733597,6.18754676755084,-0.788323363884397
"2583",1150.5836937253,6.25045954687654,-1.82806016866007
"2584",1175.60831509799,6.35401208403204,-4.31539161395627
"2585",1057.88471808148,5.82141487202088,1.86270240387619
"2586",1198.19882563308,5.76533382435521,-5.41265360510311
"2587",1008.19705786875,5.95712610613939,2.80105950719628
"2588",1190.77407800747,5.74073576069411,-2.38969246047578
"2589",978.586116803539,6.52509456040833,7.52664299454971
"2590",1015.11038381241,1.82785289828153,0.648787984273902
"2591",1158.37785580208,6.10709707805828,-2.11245135972371
"2592",1144.22660788173,6.10339323170565,-1.77685778278176
"2593",1209.16041682149,5.36905248113209,-4.88017060067886
"2594",1155.00915552695,5.31530336103163,-1.04113315991939
"2595",967.373110149416,1.41490487534256,0.139736143288594
"2596",996.802058772177,2.50637720163158,0.53347436732023
"2597",1011.53349036752,6.08461806313021,3.46296774173494
"2598",951.988274453814,1.94227869033158,0.894220467912883
"2599",1195.88571431906,5.86314404548938,-4.38552709243978
"2600",1055.21942372281,5.57019390596707,2.84243796435948
"2601",1045.36857210641,1.43433311738982,0.114532141418125
"2602",1045.55413692545,1.67620364947503,-0.0286687041018694
"2603",1047.41433951408,1.98211912899623,0.887984481325574
"2604",954.031108748565,6.17230421040246,9.33770711432365
"2605",942.891020017236,2.17469664263785,0.748790089591643
"2606",1225.21438821662,5.26152757464479,-3.7472734005849
"2607",1183.84429488249,6.2178661329817,-1.65249266608497
"2608",997.440901346646,6.42545056403014,4.86132585604716
"2609",1004.14224305807,5.64413305605675,5.35462931981817
"2610",1162.33073996693,5.96795898650783,-2.25481607235792
"2611",995.87901713446,1.98243850406122,-0.38156963172884
"2612",1019.80642484096,2.2374267300453,0.0448419595675956
"2613",981.401956790805,6.107381194889,6.49699897449869
"2614",987.643300116495,6.15820088720348,4.37258208626348
"2615",1200.560974665,5.60904980388606,-2.46331534315675
"2616",1275.15983810813,6.53073045616832,-6.6197243125527
"2617",1000.85631455101,2.19072735570488,0.136108555957873
"2618",1013.1592321471,1.54754653470951,-0.449156764057207
"2619",1020.68957130737,2.25562668041,1.28097376358149
"2620",1026.8645983199,2.53954336800984,1.77706110476576
"2621",991.307060063135,2.32474163572487,0.931277720751879
"2622",997.296944861667,6.96455858023969,4.592183482012
"2623",1042.61586252414,2.00443792998629,1.16680090730177
"2624",964.156070580024,2.20369729928623,1.30226548376002
"2625",987.007479644304,2.11115053345564,0.543626773346454
"2626",1136.91610816198,6.0524403824239,-1.87546778246216
"2627",988.638241762549,6.40709607700062,6.84261928823146
"2628",938.114997921547,0.812740844077459,-0.68653370615994
"2629",925.319555135229,6.92927286909017,10.1575270719028
"2630",964.81523941592,2.7618238162262,1.60000472226453
"2631",1245.16505516587,6.14267912349211,-6.31987646544909
"2632",973.867968731558,2.18112108563874,0.373369331257903
"2633",1199.1186609931,6.30645916166036,-5.09610241063006
"2634",1003.65688213955,2.17213647176086,0.829735963520304
"2635",1151.47904541075,5.54458945250539,-2.01293898510908
"2636",947.37091976401,2.26952771694134,0.331724540959083
"2637",1185.92156513418,5.73604881391522,-3.9751874565722
"2638",1223.10759669511,6.1344459670447,-4.33805196110636
"2639",1000.356299257,5.60413892488759,2.96730995905515
"2640",962.814608926544,5.61097729950671,5.99928180745487
"2641",1046.57230598646,5.91867653241566,4.11066478543381
"2642",1009.26854801376,5.57980316801112,3.50830404353044
"2643",1196.7798790374,6.32266184357754,-1.98779927184109
"2644",990.08651489604,1.61587331277043,-0.646790700664652
"2645",964.961817065796,5.7596318306626,7.74322183704768
"2646",984.176837603353,2.63736517338307,0.28189258470429
"2647",1074.20186567025,6.5210343274823,4.02744703731256
"2648",1027.92541668994,6.43659798556561,6.95522532929422
"2649",1034.96660889643,5.58497372122435,4.48941006719551
"2650",935.299632337655,2.69481417132287,0.257360689168256
"2651",1003.92409591365,2.04423612789809,1.77607373714267
"2652",1010.59906455284,5.77512800396212,3.2447727918231
"2653",1202.30907321,6.14600498441405,-4.06450639373199
"2654",1205.76945826117,6.07961985332593,-5.41393666868261
"2655",1030.68603168909,6.38545731879058,4.26420531060926
"2656",979.507188409428,5.34495657497089,4.46405253065269
"2657",1245.05658826926,6.78394038464211,-6.83854152114135
"2658",954.888198043069,1.25775120744356,-0.211190554900292
"2659",1139.92485289634,5.52213123862011,-0.298746404047427
"2660",1241.8710373853,6.92042297632846,-6.77104208212339
"2661",1222.03771586325,5.59931623242704,-3.6996469622246
"2662",999.229907327476,5.90756713621638,4.23804737997149
"2663",1261.69503077983,5.9979497341309,-8.8874570558322
"2664",992.259158948996,1.81057423963758,0.473319532343841
"2665",986.805280144946,5.75797255814455,4.69894083857394
"2666",955.640837819947,6.21226311728392,8.86367685644034
"2667",1027.17227421643,2.22299376244886,1.08660158061878
"2668",1153.55245221077,6.24515200293257,-1.20564088022515
"2669",989.093631958577,4.94505341513853,3.64361529812958
"2670",1006.46738311457,5.99535209849597,4.02838313861277
"2671",1008.617324878,2.1266839578323,0.924865033605232
"2672",1033.45184533425,1.50203991415706,0.583794539009324
"2673",1194.19676688795,6.26802945558595,-2.89403160982722
"2674",1039.67773988422,6.14176483942113,5.28798221493196
"2675",971.657850527434,5.98893392879159,5.66294836885149
"2676",1204.05094462393,6.174550420666,-4.95052423561568
"2677",971.001565944812,1.79740583205444,0.404834532003662
"2678",994.961991671364,1.74710962020684,0.329837472086898
"2679",1167.5985149335,6.54013244367806,-1.95532981984585
"2680",1187.40039371961,5.82944626835479,-2.96245961666141
"2681",974.451852353794,6.34230676631113,6.54888191044397
"2682",988.24930803613,1.71933179493556,0.346023399877196
"2683",1008.56766126764,6.3225003318433,6.27871859187554
"2684",1039.21762083901,2.72265498229983,1.49351496684785
"2685",1226.60134000773,6.30659274908155,-5.83447951761357
"2686",994.264915013377,5.6175540506904,4.00187395839511
"2687",1032.25889337249,2.36485269141301,1.30334055714026
"2688",992.352007693545,6.57780636036251,7.89429105182229
"2689",999.311552304078,6.02465764924948,5.00528207101798
"2690",1222.65558102772,5.96498652087005,-6.79939155517421
"2691",1017.1528091631,6.25236140589198,4.79612400255496
"2692",1207.14779088746,5.63426999338412,-5.0647621099356
"2693",977.953402224863,2.15233355462004,0.832518106062859
"2694",955.562393843816,2.26105149470029,1.16149315106058
"2695",1214.53275417243,5.81619205196116,-3.90624728805713
"2696",1010.65466559904,5.66985388382831,3.58505591372762
"2697",1027.37977499226,5.7514593740763,1.12877914541301
"2698",1244.11809261273,5.55418321345434,-4.83940753454133
"2699",1218.23591582866,6.21815125478254,-4.64230931832824
"2700",1014.16353813278,5.66074117295038,4.77867846237266
"2701",985.546723811348,2.22368777168072,1.62314044732627
"2702",1056.59425009124,1.64275949824495,-0.104476507919346
"2703",994.825967721234,5.94109121917734,6.4071740329129
"2704",994.454524460598,1.9685030705421,0.0181071581021432
"2705",1027.94710118478,2.24480140578889,0.725506869835643
"2706",992.997133167774,6.34536255470452,7.37979990874569
"2707",1016.95393752415,1.94742527358251,-0.0548647824921237
"2708",972.399764778374,5.85292113252747,5.05117967704479
"2709",1001.44386696097,5.68836399699274,4.70766682457747
"2710",999.448336803005,1.72302104144,0.398066002155687
"2711",973.002596966145,6.18814949271942,7.15979440052815
"2712",1206.9139334651,6.09535417044053,-4.7317068324531
"2713",1189.79436035878,5.79253485608262,-2.36725942964355
"2714",999.477573623637,1.80524239534852,-0.149705363002692
"2715",1025.19929953077,1.49194439547366,0.116806635732636
"2716",1016.87488344304,6.45517638460133,5.12863505231555
"2717",1204.80902362454,5.51566383432198,-7.11623687970438
"2718",979.944099977182,5.54155455192337,4.14863107241094
"2719",1146.62075680869,5.23229044124344,-1.34125082373012
"2720",1015.04159671312,7.19066312961484,6.5445694945509
"2721",1191.44653209534,6.1471439876307,-3.40614170482004
"2722",1230.42301202667,5.66675640733531,-6.77159953213749
"2723",968.951074660215,6.60353999047752,9.57778983538316
"2724",1193.2895641474,6.28535129874331,-3.94783405746408
"2725",983.768946948371,5.43543636758549,4.71982015279055
"2726",1012.15388128013,3.05479635053215,1.67844224225294
"2727",1236.75965164986,5.48773360536774,-6.11005232639085
"2728",971.454504678106,1.6460944226422,0.0424230630454859
"2729",970.287007310079,2.40203463222899,1.38937528566954
"2730",974.442954072913,2.82231875333574,1.14225205116669
"2731",1231.28587510326,5.65944626366971,-6.88741734287082
"2732",998.271222511218,5.17199874015125,4.3351324383469
"2733",1017.51642735104,6.34707008653231,4.796720896489
"2734",1169.14950657568,6.76160967797749,-0.938358556068184
"2735",1233.56484338786,5.68468404157585,-5.39156741181021
"2736",1009.84624113865,2.01021118944153,0.261080453014662
"2737",980.396872753274,6.32236906389076,4.51116159942414
"2738",991.505400922536,2.36795518851838,1.29859262556775
"2739",992.145237830663,2.09707760161091,0.934192299803295
"2740",1225.44841127632,6.43998402267267,-5.40952955114283
"2741",1057.44203503354,1.97470650861578,-0.234960784628463
"2742",1133.63842555212,5.89134275187924,-1.91863426056579
"2743",1029.81924004738,6.28383514182726,3.65860909124864
"2744",1207.50164598976,5.63336631086888,-3.07873284319921
"2745",968.887222929146,5.7242946492499,6.43931015963053
"2746",1182.89866193569,5.83554923622145,-4.32869150664516
"2747",985.310790013215,5.96434650040492,4.18791471380096
"2748",995.40235138277,1.62165948036336,1.17948162685105
"2749",1173.54154510088,6.29476468594083,-3.90220408379173
"2750",1000.89843185856,1.77161975853255,-0.0837958097014438
"2751",980.71854985421,5.82056937166362,6.7899720914828
"2752",1196.34276929282,6.53026381897896,-4.94074576966653
"2753",1219.4807102772,5.2271097883397,-4.1982716384256
"2754",962.80249064999,5.67249027605651,6.93725341214318
"2755",1193.28211184951,5.07072753490253,-3.17802666514431
"2756",1066.23759336414,1.50417207024013,0.48199329020924
"2757",1011.835234289,5.43958944832192,5.10745136696608
"2758",1006.42226778967,1.78858961473188,-0.268310229920037
"2759",1008.07808128786,1.78778403711237,-0.729127915792981
"2760",1009.13346243024,5.89033494302954,6.20155129976582
"2761",973.638448529324,5.40660720106557,5.49059809066761
"2762",1019.71582718242,6.45868667253199,4.33024815612389
"2763",985.343608163058,1.18503602487786,-0.844280055430221
"2764",988.353240726569,6.20208602253298,6.24015540778564
"2765",970.755840124951,1.85873652395985,-0.0906416969155482
"2766",961.493731717088,1.41952152991408,0.508411250929902
"2767",1234.1146087332,5.70548424053113,-6.72698634778436
"2768",990.844413210454,6.3524026656116,8.34515463261726
"2769",1135.62981395664,4.74233581445573,-0.0685960553999874
"2770",1015.0036820142,6.29870956973352,4.53022479682204
"2771",1211.16230789855,5.93650555584725,-5.20909834223283
"2772",1022.33296324421,1.68317459993228,-0.307087163264848
"2773",990.686913562476,6.08158095940444,4.64895027295019
"2774",990.882449235088,5.4978938493537,1.63695895267477
"2775",960.081697163151,1.37604127435028,-0.497898221890681
"2776",1010.35614334311,5.67908513686659,3.3206988410432
"2777",1006.41064019519,1.16271992855891,0.403677143682378
"2778",954.31894288892,5.8962413364491,6.04773517184954
"2779",1018.15422083022,1.6891178051662,-0.110531144918133
"2780",985.917479338448,6.12347809189768,6.650660129099
"2781",1043.71697230859,1.88321394158626,0.675192599391372
"2782",971.477372392531,2.47869901164652,0.466036063241149
"2783",973.308265701378,5.52059293168731,5.13422861112532
"2784",1013.05166600651,1.81905753465989,1.1524192160826
"2785",1196.50817379888,5.46620126892866,-3.83587251692244
"2786",972.442883422047,1.84406963245459,0.449832098943272
"2787",984.075875781917,3.32306624887878,1.52258949324916
"2788",1163.39625711464,5.94361559573389,-2.82418848133467
"2789",1024.45964013802,1.81566625770078,0.827257822652234
"2790",1142.66857039088,5.35046876500389,-1.77716169530074
"2791",1173.1088416515,4.88417485772921,-1.60573088387832
"2792",1021.2152356212,5.91377708865616,2.90945816451171
"2793",1058.85708868937,2.91324753132167,1.76325336421676
"2794",1247.04000371874,6.15683747921871,-4.15827350856649
"2795",984.890740275173,1.84869280929065,-0.319302982299736
"2796",934.707414448961,2.83570840924355,1.58439632952231
"2797",1058.47125680321,6.14879617162512,2.63842214088406
"2798",1220.80421175912,5.45625578701186,-5.05992696913746
"2799",970.038831748372,5.72242440885116,6.83297397068862
"2800",1183.34415380982,6.73045916647982,-3.07714475345177
"2801",977.814102765236,1.90898864817669,1.39985706631171
"2802",968.201786088894,2.40192829012713,0.902135527450665
"2803",1230.16046438455,5.34295175047908,-4.81588091697386
"2804",1038.16357666985,1.82568731601599,0.802362026412908
"2805",1198.84197953641,6.33513151306356,-5.59837485189279
"2806",989.203613053429,2.73923503288664,1.82502906189212
"2807",1025.23591833898,6.16385156884547,4.40423599120514
"2808",949.565351326995,2.09903551213866,-0.0081286375084415
"2809",1004.15241441461,2.18062973789401,0.971954347076562
"2810",989.526877844114,5.83520857544997,7.6814956606032
"2811",1233.90400516162,6.27920236144604,-5.75591839042347
"2812",941.052249008684,5.99786093526623,9.37589469568809
"2813",1010.33389478017,5.62231388912331,4.03925361556869
"2814",1185.67235857762,6.14669522299431,-4.84217108707089
"2815",1188.81226569884,6.25314546807799,-3.36335611091467
"2816",1000.53457609792,2.57949288603589,1.78499832073351
"2817",1195.63946964173,6.22801322627166,-2.6156311226024
"2818",1020.13434533105,6.570178884183,4.10972786516913
"2819",1218.1950586519,5.97938643112021,-5.33265258635905
"2820",1009.35483832037,1.97769204514852,0.848464721931177
"2821",1219.74071633809,5.35628764774794,-5.02459788238055
"2822",1023.6735046337,1.92729572011557,0.527366431235907
"2823",1243.88757903979,6.44590933960408,-6.61784508986567
"2824",959.663282056954,4.68468443439385,5.49820872331932
"2825",998.127580824397,6.08748032022513,6.93666509077619
"2826",1036.41054525286,1.39484775594763,0.20227385988804
"2827",980.741549945598,5.43395606164718,5.84179895831527
"2828",1206.0352915294,4.95460292450879,-4.77525059336386
"2829",1153.9768100743,6.17636844414446,-1.75563600761802
"2830",1010.51642716601,2.52980598555038,1.10808094609467
"2831",1224.79131421213,6.38779208625688,-3.94697689771851
"2832",986.013987030811,2.42679969156182,1.24722196331482
"2833",961.548356459938,1.86947517243449,0.478076806168756
"2834",981.546918588843,1.58901841679255,0.48466469031154
"2835",1232.30294505851,5.39132348651316,-6.26155306962977
"2836",1014.71497535355,5.66144886554982,3.32845632732557
"2837",1006.98271933348,7.07311580609808,6.45568889646084
"2838",1035.4721142409,6.018325376489,4.51393592511933
"2839",978.034620153156,2.80975825289421,1.432183507064
"2840",930.198128786982,5.37125532818487,9.14367872886878
"2841",993.56616080718,1.92238132892719,-0.504131891735582
"2842",1212.66026212519,5.82495238038087,-5.09346058078357
"2843",1201.81433595402,6.19717111431245,-4.65502474570029
"2844",965.21092210614,6.13214217085469,7.98026964098094
"2845",924.547563490046,5.06266502369454,8.48393343599259
"2846",1297.65885830269,6.48606486005569,-8.69469882139607
"2847",967.700639277202,1.95917769649514,-0.181468775063269
"2848",995.497923078611,2.56607214976674,0.988657711532146
"2849",1132.75068552003,6.75558519313208,-1.38953882979961
"2850",991.635035334342,6.14953195641228,7.81087120765156
"2851",999.387330962742,5.75296429422966,3.03444675634638
"2852",938.925764341566,1.69110434100543,0.711565239478612
"2853",999.664371546862,6.52815673491219,7.8624857535184
"2854",1148.98469807103,5.95300681319976,-1.99585413312624
"2855",953.339092667692,1.98477060030432,-0.784570203345202
"2856",1168.23060410897,5.48718534274359,-1.97391969940779
"2857",1187.46199136727,5.47515884308898,-3.98475547743519
"2858",1216.95365736829,6.52715839708338,-5.2867711167684
"2859",974.640491063174,2.69447164422308,1.827477130406
"2860",1213.36108674193,6.19403212301367,-3.41474610130826
"2861",1029.42144831053,5.68324794938016,2.06079963810627
"2862",1069.04652743933,5.34958237949425,1.28186399570139
"2863",1181.8844824505,5.69442210170944,-3.4606390795698
"2864",1223.43859613977,5.5317073791456,-5.38896271633577
"2865",1025.07716546195,2.58656503195755,0.355895639047747
"2866",973.616531563627,1.77529966313603,0.925531941182457
"2867",1008.7236351599,5.4727943660438,4.07427292261509
"2868",1025.33255820738,1.6675592189601,0.668528109931232
"2869",1184.17462305991,6.22188080024329,-1.99312758292685
"2870",1216.00013690645,5.21671340365884,-4.73822456543369
"2871",1043.67129314071,1.22795224029919,1.21335082576091
"2872",941.587855135339,1.45879799419651,-0.507040621443867
"2873",999.566948650133,1.67721517014674,1.08342340300072
"2874",997.282157285039,1.69323946616775,1.21460968775311
"2875",988.750901074788,2.15916474076162,1.19269113745148
"2876",962.837670186468,2.16496828321452,1.0353489377483
"2877",1030.88354577954,5.78940825507734,4.36195789482079
"2878",937.275423842526,1.9256078210857,0.268625312293003
"2879",1024.10831432995,2.36773583225271,1.18020341820894
"2880",990.071104684796,2.39093514432335,1.23399137510304
"2881",1199.45662621395,6.2831526090128,-5.06798534447637
"2882",990.785818925239,5.86822456451017,5.74511554724175
"2883",1189.61101324882,5.89303349452,-4.2509797224466
"2884",1185.26382220189,5.63467011951832,-3.73442264791352
"2885",1005.95174768308,1.8562230436221,0.707424186842047
"2886",984.132679660254,7.05246138062621,8.57299854064377
"2887",986.073922900589,1.69251585034823,0.882096301761538
"2888",1207.80304486348,6.04180699937766,-5.23014180868658
"2889",1185.80909738395,5.8565798139231,-3.78397593639891
"2890",966.72408117408,2.03890295901743,0.224025785572297
"2891",1191.10717443617,6.2415214903994,-1.50071563233085
"2892",1227.63942145128,6.15043032494573,-4.6269710803676
"2893",1211.53986103215,6.00861132347619,-6.44737962031748
"2894",992.203763432603,1.66664291493305,0.612927518127029
"2895",1224.5862913529,5.41474350003946,-5.45969452478448
"2896",973.950373181711,6.8161182433277,7.87840981351647
"2897",971.462373223023,6.39430112770621,6.89486768374179
"2898",988.846472562013,1.88813880706834,0.952083639043682
"2899",1239.34192594501,5.25444535590108,-5.22960536973397
"2900",1015.82768656173,2.26646284375456,0.319306950261264
"2901",1026.3681698712,1.72009115336846,0.270463154639237
"2902",1156.14738077433,4.91603883528494,-1.70005294715837
"2903",1150.79576502075,6.22936100349386,-2.82595540996745
"2904",1007.58001391919,1.90664556897124,0.64598549926951
"2905",1206.13792103215,6.04590302061218,-4.95203289903628
"2906",1012.71016196972,5.98743419434601,6.59555591371297
"2907",978.832913082012,1.64225903045077,0.14851779502028
"2908",1028.53574212689,1.71105103035023,0.765766491607687
"2909",1184.46332255255,6.13850436616485,-3.36596798895989
"2910",983.074941919491,1.26032979585878,-0.0366560740913163
"2911",991.468693537634,6.00559257454758,3.29988692635935
"2912",1000.98923708662,6.01511137380559,4.88872437463122
"2913",1035.15070380088,6.17206491756317,5.1119600529004
"2914",994.250988326915,5.83582832582811,4.56781798185113
"2915",982.503379863657,6.20014526165057,8.27024336597932
"2916",1187.78182202901,6.66982834590096,-4.29688274297296
"2917",1232.21148622683,6.54097074672681,-6.40591101419106
"2918",1183.46425023832,6.00787492032799,-3.50239821976201
"2919",1216.85838578164,5.56797812007393,-4.68383912774929
"2920",1004.37661831579,1.83313778093972,-0.255385902978333
"2921",1001.09157635913,7.76802003570968,11.2888651329002
"2922",987.47194480419,1.76783836491119,0.274458641630632
"2923",1025.84359244387,5.86112016464448,2.50383942179583
"2924",1029.27140461685,6.30723974495458,3.97501097983295
"2925",1192.71985337037,5.68911561300251,-3.71456019549437
"2926",1199.43392974979,5.70638503859664,-5.72049710579668
"2927",1222.35332562026,5.67127092782145,-5.14949862401823
"2928",999.406968664479,2.89543212171586,1.28410335824204
"2929",1174.12259631847,6.22262794193524,-4.19865608641727
"2930",1005.13958406879,1.27869827291445,-0.753761650540678
"2931",1225.17323578086,6.32847614223782,-6.11326054126877
"2932",952.726004831699,1.8358752286479,-0.303091598204838
"2933",1026.64125202013,2.01813001445997,-0.108134376205538
"2934",1198.25557974573,5.58742462712733,-4.23102729669036
"2935",1181.01598383091,6.6589383339048,-4.1305248003744
"2936",1184.91018054725,6.28101682244508,-5.08320205393802
"2937",1018.04158950205,2.50328180643366,0.782898580860492
"2938",1024.94050556279,1.4219359470048,0.79143601705605
"2939",1038.60472625989,2.1094986990894,-0.0762725027108386
"2940",1006.3859700541,2.71237952478235,1.38478559117418
"2941",1019.23641149572,5.96354129786908,4.32530301422012
"2942",992.194756556738,1.69116468073611,0.347365404854168
"2943",1034.26720138251,6.96696652701141,5.5502250708373
"2944",950.926550038732,6.50264900109498,10.323625837989
"2945",1216.68694189856,6.0322931750164,-5.17391548243621
"2946",996.928162669292,6.82111467610872,7.5548774796332
"2947",1018.38200403696,5.54901355351762,4.79831425434955
"2948",976.23390189101,1.72065294877758,-0.358315963527984
"2949",1251.43280680828,5.67379202133842,-7.17763797234197
"2950",1191.32627075607,5.86094749119444,-4.29986314290596
"2951",982.459635174778,2.54881869055264,0.979389489394488
"2952",1175.43447664908,6.60803209881573,-3.23344882630116
"2953",1047.36722412321,2.11381428663089,1.60039949660597
"2954",955.224163437205,2.84221527863574,1.64003894370474
"2955",979.30587480151,1.62049328953362,0.268903628161071
"2956",1176.67930142215,5.74226404140778,-1.97689564618303
"2957",1007.23594754605,5.50303468926515,5.01143677260848
"2958",1203.36896545982,5.79923198435652,-5.68520931367449
"2959",1014.04633255183,1.85889021373872,-0.268544023061092
"2960",1010.10701834334,6.05887391860061,5.39576591647156
"2961",1176.98086119394,6.15188348371634,-2.59057025597356
"2962",1034.58807370375,6.41623611920866,3.11943848593934
"2963",959.650587385334,5.88305624371644,5.82887141564593
"2964",955.279996996758,6.26816143878167,9.0708932886849
"2965",986.363814506112,1.55989716391349,0.669277314947441
"2966",1033.20993643654,5.79360769720786,2.12479867267645
"2967",1201.76745445026,5.2900586462915,-4.01272439347373
"2968",974.263646191161,6.59319178141343,6.56904183328716
"2969",1212.75791623651,5.95634866577761,-4.63938991212863
"2970",964.625989635324,5.78042981744653,6.34136453070011
"2971",990.101162800056,2.29606037516073,0.349839656631485
"2972",1154.97550461164,6.38438144095527,-0.424438355057581
"2973",1028.94772352607,6.24928678502711,3.11081028793845
"2974",1030.20234982931,5.80605729918463,3.88893687154793
"2975",1192.61161172604,5.62666294282523,-6.04976981564976
"2976",986.6641744061,1.73090477735146,0.339266724800988
"2977",992.93986274043,1.87818072367008,-0.403271092589336
"2978",1204.82629298923,6.0039419696825,-4.84367141236002
"2979",1020.42929102705,6.43452008904614,5.50351829783724
"2980",1215.67365136097,5.90115468159148,-3.27065125667099
"2981",1155.94757281766,6.09458447915875,-0.860263982648633
"2982",1208.21297606683,5.97979107698981,-4.28947898831655
"2983",1249.48249733493,6.93991255806463,-7.36285291495144
"2984",1200.45618677946,6.5961228599104,-2.54593952779988
"2985",983.549274351313,2.55151142316799,0.268871662426373
"2986",1026.87978314338,1.80189420879859,0.0996109938367079
"2987",984.540086089043,2.15198941388568,-0.201733365364031
"2988",959.72013049208,6.12450252062489,8.016138714138
"2989",1187.11493390772,6.62457277905608,-3.91995528096376
"2990",959.174763804896,5.6417363796777,7.96452804363232
"2991",1006.21341252401,5.90193850210806,3.46859199898917
"2992",1161.23039660557,5.58959324837764,-4.06638798049128
"2993",1203.43541887557,6.30665986868522,-5.75490814864298
"2994",1174.13717985658,7.11275698890878,-4.08258841946611
"2995",1001.03333737125,1.33550174938741,0.175102381295402
"2996",1196.0398782847,5.87029443637122,-3.69666908944242
"2997",1028.28325045915,6.821546497869,7.69257846536517
"2998",963.998063746044,6.35659769448278,6.10766697604116
"2999",1167.5108942002,5.7081987122587,-0.028175851319403
"3000",992.968568888275,6.22216275083986,5.9239381695
"3001",1000.36778161328,2.04338088968504,1.26359996810964
"3002",985.533387338242,6.00279783346968,4.97602722040657
"3003",1006.05550058106,2.49694977901991,0.90145209287729
"3004",1021.25179866839,1.96201370492823,0.270189357746404
"3005",1176.36763400934,6.04454985617015,-2.95594351855349
"3006",1172.42575655299,6.65174502393911,-2.89633749486176
"3007",1015.73346550119,2.55467158247598,0.917834698551133
"3008",1015.43265087618,5.13857351212761,4.16266199371719
"3009",1013.01400665031,0.527202821254869,-0.810430594746076
"3010",998.433615456677,1.07253903190199,-1.3693777536247
"3011",1225.86110109574,5.43352345244077,-5.5938796214376
"3012",960.818608460674,1.95418529622041,0.413500127076739
"3013",972.364660218083,1.75557719788648,-0.478435892521189
"3014",1193.31394487289,5.9009581924211,-2.67583907167345
"3015",1042.1866843329,5.87258454424849,3.79296625415101
"3016",1186.48333155643,5.85008049542321,-2.43471943365716
"3017",1212.24559106196,6.34512591459407,-4.34610670016387
"3018",965.348861850792,2.16288619210309,0.548103467577993
"3019",965.288836551366,1.75291938737841,0.688069192368814
"3020",1019.41124179457,1.64880427322343,0.145868799546898
"3021",1062.82780784866,6.14536104419849,2.27300896591715
"3022",1173.22200465638,5.60216357525482,-2.48186752246284
"3023",1182.77074064304,6.22416803867244,-3.09469994693861
"3024",973.13680028,1.835907306672,0.368095334222455
"3025",1023.57289140079,6.27431733858452,5.979071238915
"3026",1173.26113413368,5.23524322594807,-2.11653665622264
"3027",967.30997381868,1.88504903747595,1.05240103707648
"3028",940.324306521344,1.9099977155209,0.0068241828879142
"3029",1192.57809154666,5.17039975986804,-4.95004399810893
"3030",1228.46588303126,5.64687357589412,-5.37010024497297
"3031",999.212090268207,2.40830941324748,1.21684970186583
"3032",1037.97533315389,5.6237236601156,2.43452523043651
"3033",1043.96893435726,6.402415497656,3.55181505257388
"3034",1197.1737956338,5.42041248813348,-2.92550472339338
"3035",986.154408438071,2.06447527742524,0.746309271197878
"3036",995.54118046955,5.85466795108506,6.22567537281195
"3037",1196.81635788313,6.52266512410507,-3.98463830602401
"3038",967.858920863061,6.0557388760496,7.1464842448696
"3039",1186.80831101103,5.7495694864124,-4.2040679325212
"3040",1017.85809264598,6.04851648446606,5.45731223821002
"3041",1059.59867273406,5.93143070315382,0.997544339638171
"3042",1180.53127455122,5.60303319285426,-2.28566869863078
"3043",1218.46948587013,6.04409192791514,-3.1947736133943
"3044",1193.20095204402,5.42942654901702,-2.78428022159369
"3045",991.823277873429,6.57394720739278,7.33792926779667
"3046",964.401268807178,2.55154201974633,1.10005105322584
"3047",988.925980991621,1.92365283097235,0.787743171582157
"3048",993.054795000796,2.48494065139961,0.888397490947354
"3049",1026.55332005218,1.87387649876986,0.215906552702499
"3050",1211.88448158076,5.39587491347657,-6.99429124653048
"3051",1009.63297237674,2.18267505303447,0.856121597773719
"3052",981.016267580093,7.02947351222332,8.73175763526129
"3053",1194.58971224099,5.93468593339601,-4.18468805238475
"3054",961.681189449966,1.91657968966402,-0.238724893116985
"3055",1212.37857554482,5.89025030357095,-5.70245543896878
"3056",1025.86594989057,2.28902609086061,0.817309943957712
"3057",970.94736991057,1.59703134814147,0.429238043610963
"3058",994.933479023334,1.58354787288154,0.313213105304043
"3059",1058.25914310143,6.94289960106512,5.09792876717094
"3060",1019.62329280052,1.86279803054658,0.394992131308205
"3061",1226.17564852914,5.96737485616678,-4.21525327103906
"3062",1137.71472995793,6.23307018878021,-0.762994471533132
"3063",940.470727044149,5.94945627898976,8.6955119462638
"3064",945.45402832303,2.006461445315,1.89864925375198
"3065",981.286465627179,5.87083194921748,6.32729791390608
"3066",1171.29795495191,5.60835620107654,-2.47439176935313
"3067",1241.76542998254,5.93535414121614,-6.54906834843089
"3068",1018.09525542904,2.49312526619296,1.18322662773976
"3069",1014.8757187024,6.03224784815495,4.88642153142151
"3070",981.325182096378,2.46232585152744,0.829090534450141
"3071",1024.92646917269,2.9103611259285,1.48749424536489
"3072",960.941958639403,6.04226499006418,8.55985457744269
"3073",1237.02502108476,5.7819650684028,-4.6079897682047
"3074",1224.66670692348,5.88455126836839,-6.28602008698948
"3075",1197.69946667334,6.29576748945923,-3.63274455349244
"3076",1202.07426444219,6.86606384327752,-3.931686089383
"3077",1144.47481276465,6.04711740564743,-1.55981404846552
"3078",1222.25629897425,5.84439089081068,-4.59052962360991
"3079",1029.62566215853,1.3249731100968,0.444895808426409
"3080",1172.78782310318,6.11632848750916,-1.79338669147616
"3081",997.837028304416,5.74383781870329,3.19199064225347
"3082",1180.49917958353,5.21145676770603,-3.47431058254385
"3083",1020.93491315726,2.23525157178218,1.06706726636911
"3084",1157.01797923663,6.08452757670468,-4.47949526702103
"3085",1005.25701515127,5.90958203880959,5.54599195846888
"3086",1004.81825391041,6.4207775932268,5.79075084904329
"3087",1186.37719468311,6.29202880511506,-3.58377438427919
"3088",1002.09630437484,5.91898681556855,5.12608641184608
"3089",1176.20947949585,6.19915699478066,-0.698770626740581
"3090",1209.64849521121,7.04331893152777,-4.76175097892573
"3091",1015.8855081695,4.70026576992796,2.68967549137903
"3092",990.075433377356,6.78160983603572,7.8461597939682
"3093",1212.41766230984,5.11919025115728,-5.77188765829954
"3094",992.37352685001,5.70633716883806,5.12413591149428
"3095",1218.57331451157,6.38484489985357,-4.93432261992266
"3096",990.04239491438,5.88981997233918,5.62688687114424
"3097",1222.12731503028,6.0574467454368,-5.97502644294444
"3098",1051.71969503478,2.3059517058598,1.41241305212806
"3099",1003.95649546932,6.37175499627548,7.28459239412748
"3100",1004.45508900628,6.53973286664028,6.2490500754777
"3101",1019.61019183993,2.10176385998526,1.40667971308583
"3102",1014.60021490077,5.62380154787511,5.02268781785997
"3103",1024.19871284512,2.02658951774614,1.01111977199706
"3104",969.34042072819,2.15926927700068,-0.0393832446308822
"3105",1052.27290241023,1.69193708703829,0.281181625892962
"3106",1149.33793819733,6.69156814505152,0.0603317789923987
"3107",986.898744861232,5.81405224360458,6.10783527562335
"3108",1210.27768403231,6.26109658198668,-5.89839348670895
"3109",985.361814784728,2.76030981981143,1.10821316863228
"3110",1160.5162651179,5.99105999197283,-2.87678226736962
"3111",1045.52399989317,5.38287127552244,0.0500617119029358
"3112",1017.53407932228,6.17871325133378,4.37941252332302
"3113",1013.6131014355,1.57802357686996,0.0625988736755929
"3114",1241.15448815967,5.654226097824,-5.54290261982102
"3115",1161.14960778413,6.07105521038415,-0.95550093492944
"3116",991.554354604472,2.58529178688668,1.2996736963843
"3117",978.383316758903,6.47689606356268,7.61195913766716
"3118",1229.08533548658,6.19355777723018,-3.54324549096668
"3119",1230.05778263379,6.47793245168469,-7.25460676131727
"3120",965.612235253393,2.00660995419893,0.924902670182216
"3121",1238.78210743954,6.86009660550865,-6.32611029247863
"3122",1180.50248782329,6.43025173538115,-1.55294498724429
"3123",924.326441210717,2.14840823424217,0.53014044400601
"3124",997.325083554307,2.78411905512026,0.638041244470321
"3125",966.230115031721,5.10825242739592,4.75125143535043
"3126",999.689105201768,5.88417576236231,4.84085432440278
"3127",1174.59619990915,5.83591305432389,-3.12616025097949
"3128",975.409943457824,5.42608152453311,6.16150321440403
"3129",1196.77162762337,6.13018468761955,-4.76902372504361
"3130",995.602140957782,5.01113432264336,4.09757752058188
"3131",1047.5477390162,6.16428277737072,2.67698367992532
"3132",1216.2281152501,5.71817391441687,-4.84456038701356
"3133",1142.36091770528,5.85443750094202,-0.723528297330933
"3134",1040.57086073186,2.52512919836346,0.504439678265892
"3135",1195.19208766392,5.71268013772411,-3.05315019453278
"3136",1037.48129921691,5.49201239456266,2.53927202718274
"3137",965.129626102213,5.98397799687064,7.6169875003328
"3138",1163.31871824897,5.94466649267738,-1.80456885010756
"3139",1036.76826403032,5.6520743090181,2.40819378468115
"3140",976.407692314684,2.01905235801201,0.781184617215022
"3141",979.348873033357,2.4002011871782,1.34423924629133
"3142",1037.85787935919,2.8578111653474,1.10442156398372
"3143",1232.44458840999,5.69328913737252,-4.09509506580031
"3144",1047.13561021656,5.8672642843687,0.888554709504165
"3145",1192.40984873031,5.02472586933487,-0.779185485387314
"3146",1001.95102566273,1.99818125448403,0.744331262509819
"3147",1210.15706760399,4.85743964564726,-4.49621155884356
"3148",985.674626983336,6.08428143179757,4.81804340868013
"3149",1023.92523029257,6.21012931740376,3.6588865390658
"3150",934.754616480914,1.60431852595766,-0.86473358167527
"3151",1215.89498093376,6.58827627489685,-4.37125937307689
"3152",1248.24247655477,6.55981886351349,-7.09605422632861
"3153",1212.31664302323,6.3977167782716,-4.63643740724683
"3154",1029.92139151829,2.559685919287,1.78482297915327
"3155",1034.42286148817,5.8090338272894,4.27273211232873
"3156",1028.72913063833,1.8208867690126,0.515109308229197
"3157",1037.25412475426,2.07447769208955,0.995106215284002
"3158",1042.3190561353,1.77729927419605,1.03549331459863
"3159",1000.85056877974,2.16330902694188,1.09560139028568
"3160",1186.10820150576,5.55614015437306,-4.76593208128986
"3161",983.978709149703,1.57693926133445,-0.6580455957167
"3162",1161.35232878292,5.50549344196825,-2.20776705485167
"3163",1025.46734105703,6.50040288474599,5.10688977392056
"3164",976.419355320582,6.22165298680139,7.22525424909417
"3165",1033.91127022739,1.99078830056138,1.05399467880599
"3166",1036.25184265385,6.56072268298048,3.90864500303108
"3167",990.560031717892,6.02391360935617,8.48226870339058
"3168",1196.52625239534,5.91500328008987,-1.3905186886457
"3169",1016.86436801361,2.19983428316372,0.46566305278918
"3170",1002.44589204374,5.6763177301532,4.65704374617533
"3171",1044.54496701597,5.62586086843241,1.85162217722555
"3172",1003.10917055079,1.63452047010554,-0.0747656278674904
"3173",1206.2212660863,6.37750763250343,-5.03532885002545
"3174",1234.90606217155,6.11025670230008,-4.92023300870613
"3175",1029.86245701058,5.80390389048222,4.139365539325
"3176",1150.72054246782,5.39788116269504,-2.48436592744868
"3177",1014.03161946962,6.00204282857663,5.29661241024588
"3178",1186.61367780663,5.6901973914394,-1.80527550570801
"3179",976.970350800035,2.46593041031926,1.08098906315054
"3180",981.44592270112,1.82346752952077,-0.737855912109638
"3181",1039.73443374188,1.73440341094996,0.249596417838123
"3182",1012.52261004354,2.23285996325912,-0.177483806086082
"3183",969.624929617684,2.56280248834183,1.88297868076261
"3184",1048.07474318434,2.22005758318012,1.12031937827253
"3185",1021.12675808624,6.15901178077892,5.89217004838709
"3186",1021.20086803083,6.14305972908202,4.72782593687839
"3187",978.885333533733,2.04791283625173,0.752393405488557
"3188",1013.70187053657,1.74593171952682,0.0816477327248378
"3189",977.60553887389,1.51767755513026,-0.238388005981745
"3190",968.500250604272,1.58502770349955,-0.0680650549405505
"3191",980.654576595673,6.00582824559139,6.85484873645954
"3192",993.97947270277,2.09765011340146,0.60211275783715
"3193",1207.44642849196,5.98258851007123,-5.40676886132054
"3194",1027.59584652932,5.51511185269194,0.969977309126206
"3195",1016.83356497778,2.31189162787146,0.815537983032877
"3196",985.114191324892,1.62441930110686,0.189219063990112
"3197",1003.42655116471,1.4486034758321,-0.246042177767169
"3198",1157.11942123734,5.99200695755781,-0.820181795377246
"3199",985.817932175987,6.34219840756161,5.14994822643904
"3200",1025.70327129323,1.67938668261005,0.148597977213539
"3201",1199.05567230074,5.68080595045162,-2.48072014061032
"3202",1225.40183224564,6.01807400432526,-5.52728679583636
"3203",1015.26197717227,6.23332194440872,4.60469589410834
"3204",1030.91715588539,1.10499875599568,0.279221772445597
"3205",1201.57575672109,6.02808208922998,-4.59344030505376
"3206",1037.68123401295,1.93370448628276,0.623729864964286
"3207",1039.73941874323,6.49283480476543,3.51562140029416
"3208",1166.34396895189,5.37481100666902,-4.31762924973159
"3209",1213.01209583609,5.71016444398799,-4.75313717256116
"3210",1222.44489692056,5.34225856993719,-4.47474236507711
"3211",970.586899676171,2.03210873754613,0.854041063768892
"3212",952.124911481632,1.82569339464659,-0.122921143734416
"3213",1044.97324963565,6.10440521905513,2.74765884026761
"3214",1202.50192159066,6.18096589686059,-3.61553285391596
"3215",1010.62279783001,2.05855333032447,0.0137708224141697
"3216",1051.6497526572,3.40498889749867,2.39271173175787
"3217",1241.87964311099,5.69260233349273,-7.48697906884489
"3218",1039.7336528575,5.77549234148053,2.77955659357105
"3219",1051.74221804504,5.49955642666577,2.31311906267505
"3220",1130.75911600132,6.60862634557703,-0.334397693957885
"3221",1009.81112535178,1.79030982948759,0.734804066232877
"3222",1164.49271360568,6.70622577370163,-0.620467970919309
"3223",984.812956075578,1.63703296532341,-0.127558701062107
"3224",1195.13722407692,5.94928030385233,-2.84575019400167
"3225",1039.59669102541,5.94005180618448,2.8418350700111
"3226",997.236877717234,2.1640664927793,1.34002515307838
"3227",981.07364926288,6.59363143453343,7.31247395450474
"3228",934.54372642463,6.88212215954164,10.4456012829871
"3229",1199.22548349396,6.4175507855827,-4.13830604984518
"3230",1015.57579284833,2.38909405928228,1.18596768117997
"3231",1018.94065800859,5.83425904142362,4.03797613998986
"3232",1019.10424237036,6.00618167718131,4.17829053177829
"3233",1050.39414105407,2.2723685880204,0.848113469194603
"3234",1015.31453778424,5.39701047975505,4.05788391493566
"3235",1204.9290344066,6.18670723094667,-3.39649503257032
"3236",1222.10447133788,6.27260241411595,-5.23262454063178
"3237",984.001253959991,5.73087546168697,4.99388128230885
"3238",998.957041307973,6.26853784665713,7.41099175180282
"3239",998.171992189034,2.12486333477709,1.50285483148075
"3240",1059.68225343814,2.37460195231052,0.413135869053826
"3241",1005.12436400975,1.82555981066418,0.128623976616464
"3242",988.918532011156,1.07372931026219,-1.52584827942232
"3243",980.082933180989,6.2589481907155,6.63190633475417
"3244",998.843107293914,2.55599343720397,0.232297192895178
"3245",1177.85118437187,6.26814877831139,-2.79179784173789
"3246",996.369853670093,5.77904436326458,5.17296485415765
"3247",1021.73139059827,6.45194639733761,5.00853420923667
"3248",984.268487058482,5.87388295312319,5.44368544585435
"3249",1202.79600103376,5.95773209582806,-4.24082640939983
"3250",970.669829108904,2.54667543657086,0.536202856771328
"3251",1193.44418288409,6.15042406761,-3.01826176580081
"3252",998.633892010854,1.98409175836196,0.664502971656092
"3253",1029.72859572227,5.96753286582735,4.37933968648457
"3254",1016.82521855653,1.8152983974799,-0.192495222762353
"3255",1224.13597979175,6.25488757648414,-6.31868691823977
"3256",974.536675605281,6.79899994842086,9.24084075717761
"3257",949.730542888478,1.49076485806401,0.0650340605609312
"3258",1188.10250090533,5.9954119443302,-3.08784914338043
"3259",1157.58119755158,5.11666313363686,-2.34835792109764
"3260",1033.94314784961,1.86429827304013,0.186769116097804
"3261",1011.76095779818,6.37112606389624,5.3216511556179
"3262",1240.51129584428,6.2967341730233,-5.02138722324539
"3263",926.991873463069,5.78397091064781,7.63654622273664
"3264",1015.40957766309,6.23464924887279,5.81007439403519
"3265",1007.4880054194,1.57087506679292,-0.391873603756429
"3266",1049.86813493101,2.31612510195759,0.0999927124801848
"3267",1210.32817315095,5.92012730145739,-4.88929302779535
"3268",1006.39744391076,1.59686825636397,-0.626443230952675
"3269",1046.83197220951,6.38053798298408,4.01010288073143
"3270",990.687389274115,5.60684571505935,3.80083860139128
"3271",1064.58212888463,2.21928311949149,1.42372546822734
"3272",1285.1851842479,6.79427080873184,-8.97692998359876
"3273",938.303731510261,3.26983274234402,1.39622568908873
"3274",1199.77271237529,4.98747768359783,-4.76635898044763
"3275",1052.55075139473,5.43192807725567,3.11789703128275
"3276",1211.60257696626,6.08023040098503,-5.56935910431506
"3277",977.438824723647,1.71415763926566,0.617337277926612
"3278",1015.42927140736,6.41730200987303,6.17654674891798
"3279",1181.3418495733,6.43629410785465,-3.48931558188781
"3280",1190.77549479761,5.46643479562445,-2.79743369319494
"3281",1022.10056963783,5.97595740487529,5.30633460406606
"3282",1216.19885307869,5.79928608777655,-3.39707959942912
"3283",1083.31589549103,6.10121376524853,1.27314326346872
"3284",1226.92739177628,6.33645650726826,-3.89157262906509
"3285",1256.15403958015,6.46925668311552,-7.15167378631557
"3286",919.329859005142,2.35275172030597,0.228795504723004
"3287",1028.99662989103,1.55206107497202,0.258381936226875
"3288",948.321390001637,6.41349126005337,10.7492456492512
"3289",1043.1025248285,5.49116335459149,1.38764121328188
"3290",1208.60163241365,5.47617312397927,-4.6033209116991
"3291",996.978155161261,6.21526846576794,7.63361003417062
"3292",1023.13142186384,1.62397113362676,-0.194278799562154
"3293",1165.82260129433,6.03202000714874,-2.70115304835078
"3294",956.064806355819,1.84419039127458,0.425093200482272
"3295",1047.92305612384,5.44852496613415,1.20113014360774
"3296",1256.40805486697,6.2882681921462,-6.69269921526657
"3297",1164.7471429187,6.05750391343552,-1.55326776688092
"3298",1021.72567812084,5.98716645175073,3.33417364298331
"3299",1010.8740273413,6.01508522677474,3.72858531347098
"3300",1026.54177691997,6.35398131422318,3.98321355831785
"3301",1231.69371952118,5.94267144780958,-5.53341816832955
"3302",1204.49108398174,6.23013151946414,-3.35778481487552
"3303",1058.62965193492,2.48971295043662,-0.596235333010675
"3304",1021.5004459741,1.68751611467209,0.452003107013718
"3305",1174.04542123792,5.97702107090469,-3.2128244722248
"3306",1029.89928866063,1.95105910941439,0.0286390258024343
"3307",1210.58677663673,5.49651183846246,-4.43182076310578
"3308",1198.08424508361,5.63262912447259,-4.30651867890646
"3309",1013.82366346911,5.81307999763386,4.21055884397766
"3310",1000.66154495369,6.62527963295002,6.78147844511303
"3311",1037.35005646662,6.34692096819631,4.95134178519049
"3312",1227.60995976301,5.85856431149178,-3.2647063711424
"3313",1185.19444038886,5.91110973604082,-4.82895899992034
"3314",989.439403168879,0.961891729971002,-1.11971296170271
"3315",1158.23787039951,6.31103353145207,-1.70039974187572
"3316",1038.94297123559,5.91977975212946,2.13085872010224
"3317",1031.59003400604,6.04518273270202,5.80925094172553
"3318",972.742456961538,1.74173305761651,0.281766041034855
"3319",1208.81469182909,5.93232543162426,-6.90153938915141
"3320",1021.66577638638,2.2472538103755,0.637680461188108
"3321",1258.91661001201,6.16383137926067,-6.39482746569738
"3322",992.621259296066,2.62371566592725,1.00904297208395
"3323",1188.3516600381,6.06314610211728,-3.40874393137959
"3324",1030.20920869876,6.67748059824245,4.94800413817962
"3325",998.685155158174,5.37758910305145,3.01386798144322
"3326",1031.38114833153,5.62625133539374,3.23255725835503
"3327",986.801963879614,2.16543072865268,0.87468969981032
"3328",1019.67354209598,1.16034801137643,-0.717765005669796
"3329",1167.03039722737,6.4280494979169,-4.3392324025145
"3330",965.441616038082,6.47810168681127,7.37290430133609
"3331",1143.63421948243,5.39851162110146,-1.420014498173
"3332",1005.92553137088,5.07751496703117,2.71806400808433
"3333",1206.07867502331,5.52535714913503,-5.47315828420683
"3334",1136.28184940316,6.04223413471006,-0.886622408951978
"3335",955.469710267099,6.56532836248037,9.2061366802323
"3336",983.469988931578,6.39722203341659,7.11947882777751
"3337",970.559017108109,1.94328391129003,-0.00638832108440651
"3338",977.660089251191,5.9166538872581,6.79776244292694
"3339",1212.32609097894,5.60194217434268,-4.02509392670375
"3340",945.040563174935,2.06314057051299,1.03963933244496
"3341",1018.66575915294,5.70707416482718,3.83321558931638
"3342",985.541500555759,7.17405461943992,9.48199344598538
"3343",1152.58236496033,6.68308647425199,-2.00381346852466
"3344",999.581709056333,5.58393591686572,5.73098289460276
"3345",947.897403198976,6.02665218837466,7.28790033280212
"3346",1017.74575237822,6.51705264746476,4.1156860533812
"3347",1006.70321011941,6.12996843634647,4.59026559451945
"3348",959.490039299263,2.43989401385635,1.96856420017777
"3349",1225.57713987609,5.88408964511437,-5.14919352494263
"3350",983.018100936727,4.88339064274371,4.66792293761221
"3351",1120.67577854999,5.57176976088242,0.122636856760995
"3352",1003.12213114948,5.51600583416878,2.73448397726021
"3353",1177.11006985075,6.53711608504246,-2.64098115427709
"3354",1002.78960496763,2.15758189362146,0.19234346684402
"3355",1001.6574036367,5.87225204165896,3.42803088995488
"3356",1014.95198833419,6.20708481253614,6.1510506246242
"3357",964.680304532156,5.76063696333517,6.39741341011411
"3358",998.014177200292,1.46597528269278,-0.168405895601578
"3359",996.573893278792,5.53988816517571,4.11380586376793
"3360",986.149310156263,6.17472008400446,7.71208725184901
"3361",977.160004737742,5.53766439587413,4.88726598255759
"3362",919.10482511066,2.71382453962064,0.71627822208364
"3363",1176.55420688574,6.39612374334244,-1.70976869184435
"3364",991.144455940318,2.39336736141266,0.745551223401911
"3365",1015.06171966104,0.416917150641187,-1.94729735526868
"3366",1167.1292217992,5.78507153283692,-2.32964373811275
"3367",1062.61498285327,5.95873489642926,1.65971281474306
"3368",1048.08366115877,6.3123468869744,3.70544989364611
"3369",991.960201658784,1.86643741558964,1.21159699186087
"3370",1165.34170134354,5.8706673013017,-3.28426158986328
"3371",1004.1100249556,5.56272715080969,5.49163223241407
"3372",978.598722872922,5.88649684182481,6.04913864908222
"3373",1056.45159156322,5.09205242955894,0.665500445379403
"3374",979.537561193598,6.49173129807904,9.2350583372352
"3375",1025.28746098353,5.12510210574116,2.89145691036691
"3376",970.549700135291,6.45757368383663,7.60094887620371
"3377",1000.02961429007,2.36101718936908,0.538449072837865
"3378",988.792373666331,5.66708290740725,4.80472869084257
"3379",1017.19878407145,1.75621333901072,0.806595835565954
"3380",1207.17311555958,5.91654213178111,-4.61250843770606
"3381",970.127675631433,6.64768340501981,7.16069990808013
"3382",987.112548684377,5.72781762552176,7.56123111026971
"3383",1194.6109787343,7.27675297264062,-3.42510671725818
"3384",941.161013882486,6.53894468300649,10.3659967066606
"3385",981.428748055711,5.90537153523635,7.32115907092993
"3386",989.664312950202,2.61899887787201,1.43592614734327
"3387",1062.97676896603,2.64246739969264,1.26735848280127
"3388",1188.06892016803,5.73542098901785,-4.18299480498671
"3389",934.441061190765,5.80167799124604,8.40269967696235
"3390",934.708869787791,6.8867403089011,11.7054383303978
"3391",1225.06793158251,5.10954975175006,-6.00665238129776
"3392",972.594290288417,6.28168867010813,6.42415485939875
"3393",1023.35337510562,5.4413247997798,3.90433258998783
"3394",940.63068297372,6.11239081272389,10.3386280734157
"3395",1058.0019570067,2.59175825444304,2.06665169153374
"3396",1145.61424140877,5.18210303469909,-0.669019759592616
"3397",997.200490815875,5.48358142395371,4.02405582170024
"3398",1003.52212590448,6.06819360809325,5.11791387323561
"3399",1161.6918856598,6.94885011543341,-1.49406609696515
"3400",1208.85327457405,5.57649364322824,-3.67178086882466
"3401",1248.92603075307,6.29863414882723,-6.5520068450067
"3402",1029.56414009664,1.21487498347108,-0.214680912212139
"3403",1018.39759399719,5.97264913460667,4.86543433303424
"3404",996.893568140667,2.79794308606698,0.913735961884018
"3405",1027.6246174336,5.81714205209875,3.82683881138794
"3406",976.73282259712,2.59543802728687,1.45991302292701
"3407",974.316664253005,2.04702839161486,1.04462353211007
"3408",1003.72718694514,1.98581031960866,0.201735527590601
"3409",1011.28796733409,5.83625736474544,5.68491990224257
"3410",946.129570504556,6.35067453067505,7.67635851458513
"3411",1228.92172139121,6.38279425477092,-5.72604117445072
"3412",988.516183989516,1.84865628261201,0.861357728752902
"3413",940.178087068072,6.021910526053,5.93658967767659
"3414",963.905957181638,6.34051685214047,9.43967498728847
"3415",983.178386883744,5.92888558827046,6.28667442629024
"3416",1001.51327660431,1.23571449664315,0.0704492114948456
"3417",966.785467834849,2.1078685937292,0.665991911491215
"3418",1025.0813475473,2.23813001999398,0.687947891520529
"3419",1221.04727292034,6.48903292461316,-5.24175881762667
"3420",944.724222839322,6.56340243627284,8.55686894785347
"3421",1218.99944017788,5.64038017478226,-4.20209669386507
"3422",1216.07204372746,6.17418718880338,-3.79618359595587
"3423",1235.93851145695,5.77101703379193,-4.85927920154881
"3424",1037.66723463065,1.59784778639754,0.205119636935928
"3425",1217.88638943782,6.34981611882132,-5.68439406207211
"3426",1205.28712907134,5.47079642771785,-3.17814036355716
"3427",988.924192043007,1.58392359524122,0.0498852586105712
"3428",1224.43416045011,6.04507728855029,-6.58078266533328
"3429",1002.30313461096,2.29913462683025,0.261565224883899
"3430",1200.75033138162,5.74071911365263,-6.92519147570923
"3431",973.540618094892,6.04158977903807,6.24051742824676
"3432",1059.02626445188,5.52442093944864,0.887314588540384
"3433",1156.06540701651,5.6441718915658,-0.974333367444252
"3434",924.006577807555,1.7293294143537,0.226060297648863
"3435",969.689408102483,2.42670672370122,0.449793449226156
"3436",977.027752167403,2.70334844364563,0.44196315028186
"3437",1231.84587120603,5.11764269566506,-5.12380375002213
"3438",997.210656533213,1.88735496345542,-0.226097347957074
"3439",989.120593462457,5.35060626391144,4.04039341208424
"3440",1190.32687813558,6.59435251912858,-3.76529718000646
"3441",1181.94435956365,4.54409158668255,-2.07104041895149
"3442",1181.1945956845,6.11784354474494,-2.14683623714404
"3443",1229.41446702139,4.70877596627514,-4.45738555123646
"3444",925.632699241657,5.76766739257713,8.80227342029997
"3445",989.748961710109,6.48229889047136,6.80766169688551
"3446",1179.76349357864,6.78690822047865,-3.85325155515281
"3447",964.799992767625,1.47985194193991,-0.532916071024064
"3448",1179.67372630418,6.23051385827286,-2.88376323724361
"3449",1020.69379411871,6.94313788004068,5.70753474084436
"3450",995.84317727853,2.10114654795779,0.774572887414778
"3451",1174.83549885809,5.82036790170378,-2.03809842200342
"3452",1005.66129225316,6.66410226012866,3.73441953691755
"3453",987.868443628224,5.92115651845481,6.32276385832251
"3454",1174.06618789955,6.49031408169379,-3.80863311059644
"3455",995.129966494354,1.50804917842954,0.255656557496415
"3456",986.954567154919,2.37286807630801,0.557119925308852
"3457",997.638469030177,1.99713336289455,1.04554859130682
"3458",970.572143593012,2.69273640330345,1.68973819148116
"3459",986.355530001781,5.6997446215249,6.4201207524004
"3460",939.469488180748,5.97966017084674,8.62696772506944
"3461",977.729398176875,1.8108062701143,-0.0218140424548705
"3462",1003.24757336118,5.06631815122021,4.29244941098805
"3463",1011.74095427031,5.72550500410321,3.28519446655776
"3464",1009.7618260128,5.95879021091886,3.62932277003977
"3465",1206.18436576841,5.97487468831107,-4.60868039463509
"3466",1191.03092880066,6.02635287977973,-2.69621106378045
"3467",1011.50758685294,2.59080774680067,1.66931802632302
"3468",1247.31835639939,5.5671516408724,-6.52569286398205
"3469",1216.07502275481,6.41220768329877,-4.7269489293137
"3470",1165.95295449289,5.78783112357648,-2.05774180689232
"3471",1189.7620829704,5.61998996162039,-3.53919603583334
"3472",978.23324850202,5.80099588579774,6.46650927095515
"3473",997.544733330605,5.30709762863024,4.99224618745331
"3474",1168.61039080953,5.54730421699762,-2.91519573599591
"3475",1014.10521433293,6.76543448795231,8.06668233339102
"3476",1017.63519372846,1.82423841696324,1.65773201706367
"3477",1018.93073006009,1.83884805815895,0.819650661797328
"3478",1019.70284707306,5.78285757187345,3.9824970045435
"3479",1229.02185349244,5.95309693541313,-7.19805108454007
"3480",1180.87341484594,6.0995830894567,-2.63265957847255
"3481",1025.10156600484,2.38117607078172,0.745551244532201
"3482",967.210555346926,6.13539801095998,8.25210952657225
"3483",1164.523657214,5.52520425647162,-0.230392962734943
"3484",1200.20879104843,5.31654400597879,-5.5072702451976
"3485",1206.78078507636,5.90952748194988,-5.14734407718227
"3486",1000.40366517893,6.20466303394612,6.70140173209337
"3487",1014.11667531647,5.54296371860955,3.45598987083968
"3488",1194.86755476161,6.64581886161945,-4.27014209965466
"3489",1193.41623851508,6.25784029443845,-2.58169821340528
"3490",985.184464619378,1.58040577615554,1.18515827946441
"3491",993.178427984765,5.34260664395949,4.19368129570986
"3492",1000.57675638827,4.83516254490597,4.24061211289684
"3493",1039.45221195306,2.02815310901477,1.82110969564686
"3494",1175.07064569262,6.39339058771676,-3.25727900422927
"3495",1236.97213581903,5.38884513124344,-5.90666509903829
"3496",1161.10256109585,5.75464982711988,-3.12897345121517
"3497",1079.17954786371,1.42872999021784,-0.57529813805406
"3498",1175.71613591541,6.25105674034925,-0.5223608009262
"3499",1200.92070436284,5.86493429682265,-5.32505448827874
"3500",979.355267528509,6.72362448073684,8.53704123736844
"3501",1158.39456361033,6.58939567745522,-2.33427647797689
"3502",1036.91733054095,2.10630384147677,0.429047687075101
"3503",1000.55970684568,6.45994679134018,6.46359824467654
"3504",1026.35724653512,6.03566908043721,4.88985426715285
"3505",1006.61386228435,5.47368513833543,3.42559825252466
"3506",965.107808142589,5.44804370307826,6.61163053131987
"3507",1008.4457928991,6.16607147320345,4.82770589671723
"3508",960.588066761214,1.33812820105453,-0.123692862042738
"3509",1178.40646812603,5.28792509746563,-3.18013865778259
"3510",954.384316835244,2.12722107268773,1.44222968794337
"3511",1204.50599270974,6.15223391152839,-3.47413959000813
"3512",958.151215650291,1.31563503101167,-0.0570668679920753
"3513",1190.2607107967,5.88801404758303,-2.67732442785863
"3514",1180.34839508307,6.96617257785242,-3.2039466888786
"3515",988.382748719125,6.11027730183921,5.98348328879168
"3516",979.731049346011,5.80688656491332,7.05959600992594
"3517",1008.91860867695,6.3601561230314,6.81221532219816
"3518",998.921112883981,5.9974509861075,6.02249904929616
"3519",1047.54011894275,6.45434789894087,4.37434413973943
"3520",1000.33629693083,5.5701106159699,4.54606577817683
"3521",1167.83780454445,5.79125938725868,-1.77885884269546
"3522",1031.94628788568,6.05199145120385,3.24399092138401
"3523",963.420954914102,6.41306458867142,8.34560709774513
"3524",1206.84382909945,5.687228733729,-5.12916693033503
"3525",1045.9644365066,6.01530054400531,4.9827413812716
"3526",1242.57373551993,5.99780029838476,-7.6703125209448
"3527",968.033296411253,1.74685790251442,0.391759081073856
"3528",1017.32313562642,6.14143546330473,4.01079403785332
"3529",1017.94236772762,2.36283392226865,0.693449591810269
"3530",1004.97798063669,5.59337762968037,5.53086197985949
"3531",1011.747183179,1.25288802127958,0.350224324400711
"3532",1033.3931718543,3.13832746588317,1.02716662028133
"3533",1056.54964107302,1.91533442598738,0.462716868613186
"3534",988.642769574925,6.70148079618467,7.87777895006882
"3535",1032.67464933314,2.1465631832036,1.10283829852296
"3536",986.000035436474,6.11140574422486,7.19129023677565
"3537",960.262865809638,5.79820843049745,7.62535154493993
"3538",984.991138576478,5.70920479976799,5.13032663369684
"3539",1002.08935844631,6.45310156044965,7.98186585406793
"3540",995.685606958308,1.30357080888187,0.267015244576986
"3541",998.615167572533,1.15861888153691,-0.637189148962151
"3542",957.04457240382,6.60710046486352,8.69498796821013
"3543",1242.75377018769,5.7714394805355,-4.93073438554075
"3544",969.297180661229,6.13069294601752,7.99185140946349
"3545",1007.52551595693,5.766408092688,3.47088813288302
"3546",979.156818400103,6.40756383332703,6.85660518010855
"3547",1158.91940520089,5.97363017196374,-2.60228121785996
"3548",966.836587742505,5.43997317023843,5.25196112226008
"3549",1016.16371577087,2.30272614698012,1.880112239187
"3550",1199.91489074556,5.46293458742428,-4.75779223810308
"3551",1037.8787846667,6.69282922096369,3.65597644155563
"3552",967.340144104058,1.39536148046548,-0.587658653424252
"3553",968.757026892668,1.50906154432481,-1.06360904017376
"3554",1225.16146276236,6.19277613894747,-3.83268074924807
"3555",991.125066932096,5.82954834654338,6.82108041009447
"3556",959.743438024318,1.43847197613495,-0.530636807071516
"3557",1067.26152089811,5.60984595611429,1.53902372280665
"3558",1215.83854098505,5.66408303126289,-4.50738798165755
"3559",999.884869525282,6.16287113514593,3.69192266678603
"3560",1032.23032362225,3.06751049446786,1.74257562081972
"3561",951.021462082962,5.71818780298333,8.11110235089955
"3562",1187.72791168623,6.84742476329365,-4.87238049744813
"3563",1196.85652343413,6.39323157336868,-2.95387634341098
"3564",973.05735080628,5.47414875668777,6.15127751817584
"3565",1181.65504021323,5.58538525309708,-3.96646168267088
"3566",1181.89466466802,5.52726162340048,-2.33516026272699
"3567",1231.1795934482,6.07323535295846,-6.0739499318333
"3568",1026.83864116498,2.68945041401377,1.66659310429227
"3569",994.188104716679,6.22527959174272,7.92532395265003
"3570",974.691273210582,5.79757133127173,7.10229450071239
"3571",1014.63385027604,5.60056385358005,4.4870212807579
"3572",986.456088188634,2.55707037355156,1.03291102647136
"3573",1213.14475479845,5.55624178376034,-4.85393849153818
"3574",1180.33223701277,5.57964613064467,-3.40348852602571
"3575",1007.98952680739,1.86964382560736,0.539546151260806
"3576",1033.82864092389,1.52915673376135,1.24988197533133
"3577",990.43118796707,1.75309823454358,0.707135783503341
"3578",1239.32989239919,5.35871132478789,-7.5930070059038
"3579",992.615831867963,6.12338674261549,6.53809281948231
"3580",1010.95091644346,2.35031579270608,1.14467253365126
"3581",991.491511100838,5.56159523367893,4.73904905258954
"3582",1019.30919324765,0.868270581439691,-0.583380305124952
"3583",1021.16966829607,5.36530561568037,3.04336340981545
"3584",989.836078378264,5.64830231589326,4.65972715473277
"3585",982.226146248108,5.77315553353768,4.27717815017028
"3586",980.2667780368,1.31940776986228,0.158555454518081
"3587",1220.54425762141,6.79106216084215,-5.44699555902162
"3588",1021.04931912555,5.78838805930391,3.7426005093114
"3589",1167.72289609115,6.46885640256344,-1.72599981852365
"3590",1008.73573309093,1.53556976406492,-0.730273291353702
"3591",1192.02949424954,6.56452279274307,-0.751746691826769
"3592",1217.98985848314,6.14592256434922,-4.76333021145374
"3593",1200.42046433958,5.62578189674413,-2.4845298576577
"3594",1200.14565668245,6.00720502858557,-3.8238410957749
"3595",1024.70430064101,3.09690618052976,1.39953912285917
"3596",1187.72511367838,6.36678145298226,-5.05732450767532
"3597",1029.77571321448,1.93942589435942,0.171176062430894
"3598",1018.82867764268,6.45711976234313,4.67746476038976
"3599",1173.17139725577,6.82794925163224,-2.85072615905406
"3600",1186.68383810492,6.11160278930163,-2.56570178329954
"3601",1002.71032259395,6.59791797975002,6.42824828184293
"3602",1197.79085060573,5.47864650885843,-3.85126364599387
"3603",1246.01821856738,6.32601741458914,-6.18528448051439
"3604",999.7346347824,6.43204202772883,5.28069210245738
"3605",1207.53666379802,6.50697765024655,-5.53406577362441
"3606",1210.9546017136,5.53372005174932,-4.64356920620802
"3607",1240.80912108393,5.8091576292143,-5.35681967371427
"3608",1022.88025600346,1.85664778574309,0.335790566671962
"3609",1190.88757878149,4.72652087160932,-4.59113906644733
"3610",1224.90505047668,5.59501360457907,-4.18687758374219
"3611",980.340045283346,5.7679402826837,4.23221617782314
"3612",991.458571392195,6.19791303296657,4.88439497293416
"3613",1232.73057483319,6.25855610751436,-6.39920830956083
"3614",929.569646446774,5.63169156434512,10.2824228145998
"3615",970.600687653064,6.06566394428235,6.60123057187891
"3616",1027.81680297807,5.91884105845555,2.69789756943088
"3617",1185.47396349317,5.99831942894914,-4.34357798819916
"3618",1168.85893963126,5.94595223124486,-2.88313688129175
"3619",1035.50819164682,2.58181055412504,1.2806151856321
"3620",965.960885139054,1.75742318682592,-0.274321171106926
"3621",1017.61749181719,6.16173483317897,4.4245814640293
"3622",1215.76015895356,5.72827462329166,-4.10341981874303
"3623",998.618063313694,2.01768814277819,0.71592096271397
"3624",976.626864699862,2.39618371662148,1.69176242353905
"3625",1216.7641370376,5.83061983168732,-4.59152028206257
"3626",1142.58857871397,6.20014160771872,-0.322924132402128
"3627",1013.16715608413,5.92938854196731,4.08864666545535
"3628",1010.11148255567,2.64151733107822,2.39269106541166
"3629",990.332797511639,6.86019934648235,8.33397880072953
"3630",1197.40286281066,6.50729928420314,-4.53092890221888
"3631",1015.04966514126,5.92665196306113,2.77831293768525
"3632",1026.03885927369,1.97769833085107,0.205380652563746
"3633",983.502722949709,2.00075620031213,0.560929530004155
"3634",955.716378453647,2.27455795557754,0.0500267092521754
"3635",1180.73522907504,5.65382456487703,-2.3715360505928
"3636",1217.92727027053,5.92355232066792,-5.09040217284957
"3637",959.762427728659,6.09015285717246,8.27742582336496
"3638",1011.30751181127,1.73782615574826,-0.239328758050095
"3639",1205.2872419028,5.34514939701192,-3.48057850093468
"3640",1195.19105954661,5.96846976837876,-4.17822586869898
"3641",1016.75852583871,5.65688516469439,3.30116060257641
"3642",1033.14723756211,5.70136162294596,2.87587438897082
"3643",947.589587448652,4.56747367757837,3.77711269202833
"3644",1032.09054821884,2.3053919961245,1.70107879695275
"3645",1150.29881328999,5.96065114021977,-0.626144018394358
"3646",962.335317585545,1.46597109643448,-0.1582410857388
"3647",1197.67144940409,6.408374482362,-5.08079476603739
"3648",1203.28340116848,5.39366563573994,-5.8133132392288
"3649",966.037649653439,6.44242064303819,7.91406746198125
"3650",1012.31840573315,2.17401096400299,1.61065428459271
"3651",1016.52006046566,2.08280857877756,0.587752788054044
"3652",1032.80948265313,6.18047855736489,5.49148208889658
"3653",1010.19599733511,5.65364127864119,3.76590995403234
"3654",1018.77528672285,5.75237874108108,2.99456263192905
"3655",1011.96948076904,5.72629940140848,3.98087738880626
"3656",1204.99152441336,6.4404371275599,-6.88938781370213
"3657",1041.95852233196,6.41179885791354,3.51755194309189
"3658",1010.83801904113,2.03798669683342,0.0645496146686368
"3659",980.834429519971,1.6238898193742,-0.0898548581818048
"3660",991.281334239149,2.02879308124996,0.806343975300606
"3661",948.347452429244,1.81252669101257,-0.217615598007193
"3662",967.314057960444,5.59935494397833,6.4580914864422
"3663",992.472243537142,1.80941062807166,0.589593103931375
"3664",1224.00971870635,5.45097367634461,-6.02323838237518
"3665",1190.88389702857,5.2829623980272,-1.11997808267134
"3666",1234.25278333969,5.57804006309747,-5.39401746439506
"3667",1023.49949971026,1.85723271564183,0.0945890262593427
"3668",977.617835960386,5.92931925027749,7.14534950399648
"3669",1038.90936731914,5.74675332618396,4.57937875989818
"3670",998.802139626316,6.82215984316292,8.05119342609073
"3671",1203.51068933706,5.63479055060504,-5.166277871298
"3672",1027.06827468502,1.64793983596465,0.288964821040229
"3673",1006.10886985731,6.46262576425692,5.40471189360561
"3674",1165.73477865829,6.16267679415345,-0.586357028409677
"3675",997.075414359677,6.1055719389191,5.96154162295192
"3676",989.393307336889,2.17845333315756,1.21664449917324
"3677",1001.11459432033,3.000590795965,1.19208438547782
"3678",1007.84591889243,6.35834306385095,6.7069357713053
"3679",994.827858512662,6.08592147693766,5.88943684008555
"3680",962.988300216298,6.57982547768549,8.7282172118584
"3681",1212.20019542366,6.07000984241141,-4.6325362059477
"3682",976.116875854609,6.37830208758393,8.49412678731836
"3683",994.902338434809,6.20997164509176,6.66245591041236
"3684",1189.62391149519,6.0766075540429,-3.51666797033689
"3685",987.556588231327,5.920437308184,6.58937870916299
"3686",997.348998567601,2.27816344117434,0.206006933139362
"3687",991.34356974484,1.26277370345507,0.0458774221565019
"3688",955.894688509834,1.8458692175426,0.283232177119537
"3689",992.767498081806,2.43508554834001,0.632389887720273
"3690",1222.77314688179,6.04186085904534,-4.09888251397145
"3691",1169.37962502278,6.15190627156755,-2.96964228125771
"3692",1205.90978864616,7.26751895399318,-2.9870391974077
"3693",971.607940195049,2.735519319232,1.52078683722505
"3694",951.171303255813,6.45608413341414,7.9062467422664
"3695",1153.27998087892,6.03091931244564,-2.4241462062925
"3696",1039.63881843887,2.02450800254218,0.495457776600285
"3697",1197.04078824081,5.76026752253945,-5.20309082268428
"3698",1001.23477937153,2.82412134497497,1.70995727230913
"3699",1020.36981169775,5.83547818552402,4.74627418765102
"3700",998.875852392698,2.20756495194973,1.75822557603768
"3701",964.808387094706,1.65000369818455,0.135126913874613
"3702",1035.02570358856,5.4055455889476,2.98898758002703
"3703",1149.50393099095,5.83945628748554,-0.873314587627188
"3704",1010.76271488309,2.00353157458147,0.567975607005979
"3705",996.470173177042,2.65362144687561,1.69335313447417
"3706",1017.58067182688,1.31926813888762,-0.665045826230877
"3707",955.017782860822,5.8790341210569,7.55068459733229
"3708",980.580527441008,1.66620036127763,0.534565205544782
"3709",1035.28882319752,2.06070163744928,1.12551416030019
"3710",1195.09452685497,5.47460196144709,-3.81874890911493
"3711",1215.05025291111,6.50953379752992,-6.07893153481049
"3712",1203.89764251434,6.42799254416333,-3.07232212734652
"3713",1104.15795193042,6.46903453124381,1.56027330406254
"3714",1194.35378046202,5.8835265594699,-4.33299526512055
"3715",1026.51908829006,2.36716852989933,1.02962577816501
"3716",998.983795904855,6.87935910565504,6.84739228689429
"3717",958.590487682566,1.44975518849416,-0.321185583243087
"3718",1186.02007184997,5.6356521493627,-2.90767352028594
"3719",1237.10612794414,6.69654490112327,-5.30501688972562
"3720",993.386679955508,5.85015305020177,5.54355846758639
"3721",1202.69532500467,5.78294666177602,-4.23442287303226
"3722",1026.39145346049,5.63713518675649,3.17142855812139
"3723",1015.37437200228,5.53954151469141,1.16623673093798
"3724",1026.77424612163,6.00119197309963,4.2621685658904
"3725",1201.48883212277,5.69964584735644,-5.75217327682216
"3726",981.412809374932,6.31613810980679,5.8850169281631
"3727",1199.28113819391,6.53792929255155,-5.06074168432
"3728",1218.53200510483,6.14623819173951,-5.30852776663782
"3729",1194.42117329685,5.16603670414309,-4.07210975638196
"3730",967.22564027954,1.77769254574781,-0.497920810110619
"3731",1001.09849348932,6.15480255595968,5.60067341304582
"3732",1174.40161095973,6.39872632173671,-2.43628505309781
"3733",1264.46817826619,5.9666029321576,-6.41303930588887
"3734",983.872614262584,2.09867032126843,0.768586369503903
"3735",1175.36379277736,5.73073423758162,-1.05986994952142
"3736",1015.58863337084,2.06293843103139,0.494077083161413
"3737",1021.66501397382,6.28708899963121,4.82341465386811
"3738",961.76304600327,6.95637092012371,11.3485299037726
"3739",1138.03263956802,5.64878776892931,-0.958509768040381
"3740",979.874989810982,6.48172426979503,7.9195786997283
"3741",1175.28095436606,6.36636552554758,-4.16216886261807
"3742",1011.15595636728,2.01648052851194,-0.339386237162926
"3743",970.219171593867,5.71870414833449,6.40951666127687
"3744",974.930856949125,6.83390785599527,8.08963958041272
"3745",1076.22608571961,1.78410742959111,-0.607969149190536
"3746",1033.45215486856,1.79036093910034,-0.0073377270906011
"3747",1048.45745870783,5.91901930692994,3.07562964253822
"3748",1015.68789482786,5.43552731394246,3.49659738269093
"3749",1000.35766076126,6.06507546634747,5.95523394202379
"3750",1229.11388768899,6.41473457753507,-5.96185566587294
"3751",983.902406447827,6.40013837582387,7.90782771242116
"3752",977.425992225542,2.03480695734192,0.669324098826267
"3753",1147.6894854528,6.05963036168178,-1.77942505037809
"3754",985.600134082999,2.10849838877998,-0.111050678577839
"3755",1041.98310540606,2.1943224932661,0.000340230294690325
"3756",1215.1543986571,6.87485069171456,-4.74191354771756
"3757",986.118029847801,6.03396908816521,4.4045748189064
"3758",973.958204251384,2.71444936221999,1.87680258229709
"3759",964.058100991537,1.97637654716753,-0.152668558628215
"3760",976.546849460861,5.21144322473321,6.35907583892141
"3761",1056.56263917031,1.28223649784377,0.205789823675916
"3762",988.175570980274,1.79351891153034,-0.528118524576441
"3763",1000.79337852516,3.27000092370133,1.92934929271672
"3764",1015.50218244849,6.77949081568901,6.10855180769737
"3765",1009.65986439382,2.14980469546618,0.570153450995527
"3766",1192.41846329201,5.98895353039098,-5.73848991869462
"3767",1209.41333130123,5.97502639551234,-4.32173946200867
"3768",971.24790374761,2.00707010786823,0.39788982424389
"3769",957.576437301371,6.37761594635087,6.75297357813452
"3770",999.112007048285,2.03047339192641,0.557439664228611
"3771",1171.06743365406,6.05123322527063,-2.3128457703753
"3772",1216.05155140558,6.2884550459599,-4.65750743251702
"3773",1018.88173276985,2.57695524117336,1.4264009616859
"3774",975.677206870439,6.78513556448644,8.41384323485028
"3775",1226.81507655401,5.91209796758352,-4.47909416763021
"3776",1008.73099539975,5.60240123721327,3.34013734361623
"3777",973.641862572362,2.37255464854782,0.711181789644761
"3778",1224.94618136899,5.18231758265625,-3.70687829638925
"3779",1002.4041868135,6.17089676279377,5.09079741823329
"3780",962.509550994225,1.93113044699869,1.2217593911779
"3781",1024.59709182796,5.74474592097707,3.67150355670844
"3782",1199.65694405294,6.4270608093189,-2.92637989692288
"3783",1260.91150936581,5.36072976347217,-7.07929877959594
"3784",1211.48223367181,6.17081228463091,-3.79541953599131
"3785",963.154849883628,5.97564793196179,7.03215628656667
"3786",1173.63048100063,6.27880787885188,-3.04306781257028
"3787",1192.28552922306,5.94123725137175,-3.37325732941866
"3788",1191.65496387233,5.77923756640897,-3.37540839589565
"3789",1044.54199636837,1.54917454339521,1.00605084529819
"3790",1208.8056548773,6.01600190313395,-3.76459285053432
"3791",961.791240478287,2.2386476179616,0.678865984285177
"3792",1062.12400071174,1.4038710675361,0.0509646160202901
"3793",1037.28680989047,2.03613882940732,0.404114575311759
"3794",1017.12360541215,2.52604750546785,1.67549909905863
"3795",1052.87266285567,2.66068645706142,0.899318255510935
"3796",989.793966792291,1.54527681766516,0.0228272536492242
"3797",1190.74233728631,5.61237842563255,-3.36689047851587
"3798",1029.11443841426,6.6378158129551,4.97718843442725
"3799",1213.58670639347,5.70427857983975,-4.97539984791385
"3800",1030.88045947376,6.07367373026915,4.67825570792162
"3801",1242.48867934494,6.05252327915378,-5.26646879271802
"3802",1011.68611982066,6.35310438236042,6.36279944183921
"3803",1035.37733298824,5.90559020046598,4.25584361897227
"3804",1035.88330236972,5.97197983393435,5.00900176329622
"3805",998.909438310312,5.67161961132997,4.94754413521625
"3806",979.121512577955,5.28376669248369,7.09531725018568
"3807",1017.28262267991,6.50877531578583,5.79296942373005
"3808",1009.59005446163,5.91750692042144,4.45308802426444
"3809",1051.85649518591,6.02317868532165,2.68275609767608
"3810",1139.71631717141,6.46882428512198,-0.70508077146977
"3811",989.7402478004,1.5481957278835,0.41996573275675
"3812",1056.07414809084,6.2866060215434,2.84033334699255
"3813",1014.70961960025,5.34746133184951,4.0829965322454
"3814",1029.1914996692,2.27019720949024,1.18593500113272
"3815",1171.21992628367,6.15654202946212,-2.69628417056692
"3816",1183.30437072195,6.61789547233082,-3.0383779085009
"3817",957.999978446635,6.62186703175893,12.3464171020139
"3818",1178.37937751361,6.00841238440975,-2.52516506283622
"3819",989.0977469889,5.72611045036524,6.14113152723422
"3820",1187.78748892024,6.12506960596329,-3.77261752031366
"3821",997.266764763874,6.34101116353011,6.43690878763205
"3822",1250.50760718662,6.33692987499824,-6.21463387761246
"3823",982.898596787558,5.90122397276698,6.04801419292982
"3824",971.668686059504,3.08643499240865,1.84603773328237
"3825",1206.758998021,6.19870093566241,-4.38805014744751
"3826",1228.21298218835,6.79978592127749,-4.04169863923061
"3827",1202.71117685497,5.40183650268029,-5.18219835288003
"3828",996.08237965579,5.47499499184512,4.1753925393751
"3829",1228.58521056868,6.47792846891765,-3.81537246638394
"3830",948.891801276509,2.19958422742383,1.69120611314316
"3831",1036.34119993167,5.97858918792452,3.75753772785882
"3832",995.798753619505,5.9563489016364,5.45612601475009
"3833",1142.57575072492,6.29399838404203,-2.96482563281133
"3834",1203.18229752902,5.16352124773154,-4.05786672137062
"3835",1029.13834400009,1.96139846708598,0.639925484054333
"3836",1216.20044646613,6.07973441343209,-3.8522515148176
"3837",997.575323362414,5.6284795962218,4.94974971932484
"3838",946.21320083642,5.87544139445379,7.3693682055908
"3839",958.333047286053,5.91594489267765,8.47639740931068
"3840",1000.89008595551,1.62380382024332,-0.0556161133195024
"3841",1163.14021899621,4.74330877203942,-2.45247944027838
"3842",1072.81511468414,3.17772337960588,2.63351137901401
"3843",1159.70925513824,6.54542664881256,-0.753771213387404
"3844",1218.57419295836,5.78518474727038,-5.56589089379543
"3845",1183.56238896199,6.14434608222571,-4.0585071154991
"3846",970.723280847212,1.4975723200012,-0.71696531055866
"3847",997.078057196295,6.57728359689175,7.5316633194176
"3848",972.937272297774,2.10814895923632,0.123942078900141
"3849",1014.32598030884,2.18938632492731,0.286486501350998
"3850",962.098613913142,2.04002872017733,0.788628271891974
"3851",946.533131190743,1.97865238277171,0.301622695233502
"3852",1045.07273522442,1.80167741892192,0.00203658531030487
"3853",1150.05715628522,6.01051194123712,-2.06840414786148
"3854",1002.79855169457,2.44442211478878,1.44172199357921
"3855",1182.02805911142,5.02617056145234,-3.37087994683081
"3856",1044.73359951888,5.801478169851,3.50591837354618
"3857",967.740991381373,5.53992675734992,5.61133925055285
"3858",1206.7668882414,5.17853040801652,-4.27489811045026
"3859",989.871036773157,6.02234450521772,4.64974029283146
"3860",1000.47010531919,2.34813860366391,0.395054119606152
"3861",941.286276869957,6.04932575187202,9.5735609331732
"3862",1003.34650144888,2.08363292398135,-0.241883875865913
"3863",1049.29930694417,1.34693264960499,-1.04679255862199
"3864",1010.9655601747,1.49247075599911,0.037479699491853
"3865",1009.43313642696,1.93936214416388,0.70601952058743
"3866",980.930359581474,5.34486520892943,3.61373314795501
"3867",1216.96854017889,5.84377986653911,-5.098030928418
"3868",964.417098883056,6.49119790334103,6.29226528728796
"3869",1031.85099371888,2.02535456499385,0.792793794347397
"3870",973.859679070735,2.15870212173574,0.223936295164512
"3871",1019.06746449397,6.07805233219003,4.42751610839076
"3872",1235.68249578791,6.09032635790486,-5.36723715161564
"3873",1226.88266143492,6.75357436515847,-3.82340998119109
"3874",1020.64131613469,6.13272071783719,4.52473634370992
"3875",1012.11115672654,6.10508803729608,4.0666418424181
"3876",1008.7388309714,6.26710019009795,5.14196800335631
"3877",1032.15662039467,0.950588749159925,0.0985912462388343
"3878",1032.90417962485,1.63810492605048,0.425363916605225
"3879",1205.94170188382,5.40652900389471,-4.89635926498486
"3880",1015.78589873418,5.73876760550086,4.76832790101104
"3881",1178.62790530073,6.19506881350578,-2.36203005016869
"3882",1018.64445081832,6.13803399357233,4.14907687547611
"3883",963.561374245867,5.63184572892582,5.13231064983664
"3884",1189.05092323023,5.57329229210822,-3.48459722825579
"3885",1192.81325321598,5.26389911203984,-3.23567682201277
"3886",1046.28447071982,5.95362583768023,3.69422086908247
"3887",1012.05752990393,5.57825775584565,4.22995152037303
"3888",1268.43011597639,6.01752563111815,-7.0213760806768
"3889",960.347247285741,1.63972240417237,0.463421371819081
"3890",1020.75234759866,6.14596029204762,4.77133895893953
"3891",963.080983002774,2.53604444781758,1.0295415084432
"3892",966.669855814743,1.77888774206233,-0.232886989824398
"3893",1010.89317095349,6.28583782856626,4.11269310311805
"3894",972.35684740182,6.08631760044527,7.31178331555145
"3895",993.938100319841,1.99911481429295,0.374800102995153
"3896",991.270209394057,1.96293587690322,0.270536080038754
"3897",996.770920259586,6.08263198423218,6.44739776989501
"3898",1045.39251446648,1.91416555791542,0.350470221189141
"3899",987.438120505278,1.4971099905209,0.292766122192257
"3900",983.592014887125,2.38913646533179,0.599138437936572
"3901",963.483469336669,1.4034056778422,0.681807400142938
"3902",1046.23025598254,1.93701405670354,0.72742473580048
"3903",960.333758796587,2.61102409551448,0.960138470932674
"3904",1038.42722848049,6.33611011343043,4.71501812417229
"3905",1028.61713940966,6.23899292228416,6.94588931179437
"3906",1045.20351606702,1.59960648491448,0.719578293763876
"3907",1010.55511444164,1.85862828507322,0.75587064116356
"3908",1019.87322592974,1.94924820188957,-0.893907922589085
"3909",1189.48968963574,6.71017658210002,-4.78355407823929
"3910",995.654881892628,2.19952008091838,0.942448307594639
"3911",998.526105106971,2.48021231772254,1.0165539382467
"3912",1258.56153385023,5.3479442341843,-8.49800818082599
"3913",1002.42931838584,2.0899017632496,0.615206012365275
"3914",976.597914346325,1.78685371227811,0.266335158010449
"3915",1162.46826684253,6.0196831914303,-2.06996726373294
"3916",972.663866517009,6.28320969547808,7.94579708705886
"3917",1025.32854365132,5.6432100084018,3.81908497566492
"3918",987.367411930465,6.17682107654795,4.65835353860153
"3919",982.118499841748,5.89461972139679,6.941344514765
"3920",1219.42076660415,6.39834426372577,-4.07357112619717
"3921",1008.71805571221,6.47869989408756,7.05369334477416
"3922",986.920231934308,5.84045063887213,5.22453081017751
"3923",1058.51499895092,6.45335309036456,4.82482236697146
"3924",1024.6830528803,6.54085452002582,5.9432377188428
"3925",1014.89926947359,6.32032408455325,6.46946818561739
"3926",968.245419006005,6.26949692888904,7.0115342179431
"3927",1185.44222768635,5.47382940605228,-4.10668146551864
"3928",965.575076115747,2.17765619167639,0.552887783724119
"3929",979.712491699135,5.46229685797938,5.70610441758453
"3930",1200.12805487661,6.32383534890334,-5.06803792450964
"3931",1201.11691321782,5.96163334994196,-4.0782847076031
"3932",1228.25756889062,6.21696504324098,-5.80520044828552
"3933",988.234461223106,2.00740050717173,0.92764508696097
"3934",1013.21566541685,1.0718782274242,-0.00640733393140325
"3935",1165.38468428664,5.90918731461197,-3.49978438328034
"3936",1275.79683370858,6.5535534018153,-6.73491463269726
"3937",983.325912048536,6.70649301305109,7.63912197522631
"3938",964.742700503073,5.68439660287266,5.56010014293573
"3939",999.543171401812,5.68389133408095,4.82756988670184
"3940",1003.91101769002,5.92033353012931,5.47861216415222
"3941",1224.54662191342,5.84777587242897,-4.17124932178369
"3942",960.06239398444,6.21570942460728,7.09157175927865
"3943",986.149902555047,5.36642492932872,5.3626923217639
"3944",977.663520321672,5.35173092891074,6.23856946438272
"3945",1001.13422361592,1.93013518508348,0.0258342765028945
"3946",1033.15114850521,2.43537758352494,0.300734856458849
"3947",1084.32206667147,6.90953028036678,2.9185723734277
"3948",1037.59314698108,1.83636958352209,1.38070739527315
"3949",978.534425948741,2.04553670702422,0.38400882896014
"3950",1053.29274984495,6.13518238391246,3.56829562868516
"3951",1181.25733401042,6.10356407275492,-2.86904841689075
"3952",1165.14321370691,5.44981408817647,-1.81416715151254
"3953",1014.9087640268,2.20214914464251,0.231166476208408
"3954",1163.75825360258,5.65288052341456,-2.77968466159609
"3955",1007.71078462169,6.65144730665767,7.9899211072194
"3956",987.470477476223,2.29207669131309,0.793324530309201
"3957",1179.97501260961,6.77664471175248,-2.30853239796297
"3958",1035.83775730202,2.513017832418,1.27932393639189
"3959",1013.20320624004,5.32448932744151,3.170680051972
"3960",1050.86862248896,1.53607386126184,-0.768668836682469
"3961",1000.31565678311,2.23041321278136,0.577877254731744
"3962",961.565909820748,1.78972816846936,0.606687930132189
"3963",1042.9901642817,5.66827729805637,1.65626186928518
"3964",1199.40301805843,5.17548452820705,-3.61673009712378
"3965",1003.80722942747,5.63888684623038,4.65878723255736
"3966",1130.61636210294,6.0476478381805,0.502178548058447
"3967",989.055499311909,5.6903048167754,5.13330435125772
"3968",1168.77824788339,6.11766079429477,-1.21178666703552
"3969",1015.95263527458,5.67677864566423,3.41564984059294
"3970",1014.3044994783,5.93435209285114,6.19520779836591
"3971",1164.24540327907,5.13117659127752,-3.46361484213151
"3972",1185.10061706636,5.33436504601001,-3.13941968849459
"3973",969.680227646623,6.84093430071905,7.22386944257247
"3974",1017.96683233136,5.27992226143536,2.51785820805018
"3975",989.518818590655,1.68693661901463,0.426356575709513
"3976",1008.70732100359,1.63073749534921,-0.43730136734267
"3977",1008.89578934502,6.3996468772637,5.47486462735904
"3978",1032.90421469983,1.98474773411727,0.868642771640573
"3979",963.051609184441,5.51792560074783,8.4340302665773
"3980",1025.10487987464,6.82845620545344,7.19649879098191
"3981",988.390041619762,5.83031674124428,4.87268059107668
"3982",954.070350080002,6.43408071085023,9.98250941129312
"3983",985.51856815962,1.97675180855954,0.327455080052033
"3984",1053.72247918459,7.14457565798075,3.75058728448049
"3985",1045.5696921798,2.23007218100748,0.847600784630423
"3986",1016.20325444555,2.24142752677586,0.78612844917593
"3987",942.552672088004,1.74885378677385,0.415510597301562
"3988",1006.74269434979,5.72594018351809,6.15200579687999
"3989",1280.45659718325,6.09866541173913,-8.26903894683877
"3990",942.741827896482,1.59811168582125,0.0671834199930884
"3991",1011.19689373987,1.33183792538597,0.318221310838116
"3992",999.180909687654,2.27525693222043,0.738590278796322
"3993",1035.64265763757,5.55319072863036,1.75837287141081
"3994",1002.84021300917,6.09807106309825,6.69566998576365
"3995",1241.28116778354,5.87983487517946,-4.78169118186738
"3996",988.484854551329,2.38718490948895,1.07783138373559
"3997",998.877735307974,1.47841481175294,-0.718429116695615
"3998",1002.90085867658,1.34228104828125,0.208384112371534
"3999",980.286820500941,2.34287545820844,0.659447413562696
"4000",1163.99717904012,5.76637490624911,-3.44377100083695
"4001",1195.54264697601,6.3807785230486,-2.92190361871999
"4002",980.650361971143,5.85149502085173,5.92365708815398
"4003",1038.547771909,6.44503825709291,5.49860215994471
"4004",1144.39646811341,5.96522500650229,-1.07190919317292
"4005",1014.37877774355,1.42835657681611,-0.346865092354137
"4006",1018.85386806225,6.44861710965256,5.40009151374347
"4007",970.496697254198,1.51022282214435,0.176826985306163
"4008",1192.87412478381,5.77619559991501,-4.38036603860717
"4009",1055.59662363774,5.13710871123826,2.55078687857086
"4010",1223.14373667721,5.69818589215222,-3.84762568106851
"4011",991.549492013703,6.22637739296597,7.29232558079101
"4012",1214.83672937475,5.77808503055704,-3.93967320193715
"4013",971.317565393699,6.15403322414847,6.75189419078026
"4014",959.257772415348,6.12562684512954,9.16821393820806
"4015",1148.42925926451,5.51912670774677,-2.71396382286566
"4016",956.330207200166,2.38564960216547,0.470660392773051
"4017",1161.64617861699,6.10960770980205,-2.78554654404675
"4018",967.772155942868,6.12725122647286,5.82134100527674
"4019",1201.50722428497,6.30733442012615,-4.09596746673411
"4020",1024.20188075298,2.79903703345087,2.08861058904288
"4021",952.208773386694,1.80534483799783,1.1526044758939
"4022",975.720437559559,0.951818914030895,0.221746984159773
"4023",1160.41140120888,5.68228890768993,-2.9676373310955
"4024",1210.07997899309,6.68513584469607,-4.72075999257466
"4025",1030.58309243862,6.31418050983192,5.97566594586803
"4026",954.466622831761,2.31492982168458,0.823744788386749
"4027",1239.53182758413,6.31362317036232,-5.685332489802
"4028",1226.1642779663,6.06773765934678,-5.31041827075157
"4029",1165.0778019491,6.1227374292586,-2.04842687910592
"4030",1040.55826578808,5.81236551245342,3.3388651798024
"4031",1139.45537804577,6.41859681044401,-0.0444659971466381
"4032",1022.48203247687,6.2797355486205,4.52715720828952
"4033",1160.36327528414,5.66627245071563,-2.78144359796007
"4034",1035.99777458932,1.37088968860649,0.791703267673287
"4035",984.819393123252,2.18596160672645,1.10213679741355
"4036",1222.7810675712,5.89620302316263,-4.09501096987553
"4037",971.497962863619,6.09668991222145,9.22469850917538
"4038",1215.09457564811,6.08678444567994,-4.6266740275658
"4039",1222.43099565489,6.00721318625107,-5.33618044033149
"4040",1016.42361908293,6.16267344006195,6.09259512771322
"4041",1008.52473161465,2.3989428125342,1.6595619288309
"4042",1195.49422841941,5.89051803352089,-3.25687372988029
"4043",1014.70425985679,5.18963114122278,3.91513295145886
"4044",993.051103773789,5.8579053271898,4.89262052156521
"4045",1201.41867610719,5.81074971121326,-3.91352961308465
"4046",997.884077549004,2.13343489112134,0.924595829584962
"4047",1000.64352200215,2.27063598129699,1.03553049142237
"4048",975.843450412325,5.63742445201275,5.98649134243652
"4049",997.025628950556,2.42452718846651,1.66400179690731
"4050",939.73938652254,2.31751551379209,0.552451587188458
"4051",969.12481014237,5.5480563521092,4.86285271423064
"4052",1223.31023291276,5.92607028236978,-5.07748546775426
"4053",962.764005187679,3.07022944073966,1.23395766015535
"4054",1155.95730822434,6.04586264979541,-2.86512860991583
"4055",998.844127097087,2.15876410454615,1.00557864160644
"4056",1013.21397250515,5.86862956052452,5.1010341573223
"4057",1023.24446526413,1.92110548418827,1.32905771629061
"4058",1215.46168567837,5.87048789992135,-4.18700203446311
"4059",1020.1871048264,6.10821308274018,4.36328381616308
"4060",973.16647920447,2.01385429055865,0.51090920771714
"4061",1195.1855246134,6.58459244584827,-4.36079308609515
"4062",959.813289830415,2.04368960896264,0.955094060919174
"4063",1160.78858876711,6.17874882381141,-0.738856348316964
"4064",1192.13232778982,5.15944932794164,-4.5515861371176
"4065",975.553780942349,5.71389225334527,5.91812033759943
"4066",1051.28749313159,5.46246668130523,3.15571689049335
"4067",1233.20071891651,6.02775773640263,-5.2040812899369
"4068",1002.32028227785,2.69755702167713,2.07837343291996
"4069",1215.81257217714,5.66841941375872,-3.31522237896378
"4070",992.87926117055,1.96518555239635,1.42619421552731
"4071",985.775769578651,5.48940169176645,3.31934225511232
"4072",1225.96600007084,5.81823183329108,-5.82976209547349
"4073",989.016880881507,5.76531968680518,5.58707032934765
"4074",1176.98638910169,5.56514274072168,-4.73681809153172
"4075",956.156462239642,2.31141231620256,1.35149199048553
"4076",1214.01559911538,6.93055748954003,-3.8439107829591
"4077",1177.85977033726,6.31791346684692,-3.52854448888357
"4078",1018.07796527419,5.77670052097559,5.07886769910581
"4079",1205.72787463238,6.38523182082392,-3.84683396477083
"4080",1206.75003516695,5.55974253927663,-3.27948665032314
"4081",1016.6112358849,6.15677122676771,4.83283652312108
"4082",1196.49160261085,5.88229968761468,-6.22378145030507
"4083",1251.8247988298,5.95310801585299,-5.94801874804576
"4084",1002.09127204779,2.79730698205494,1.79359707374259
"4085",995.137652817892,1.91711697714754,0.628810784899923
"4086",1017.79534934673,0.898506048652995,-0.995599415659804
"4087",1013.31710142735,2.1060068049489,0.146662878929376
"4088",1005.88458096942,1.52969918687813,0.519793502349285
"4089",976.500016285383,6.5961960109735,6.16937891443929
"4090",1178.35754728352,6.07841097712882,-2.76941831765145
"4091",1033.07890984462,2.5464972714455,0.335376413882564
"4092",1007.15530387377,2.36645186321953,1.17590875440964
"4093",1191.51444539631,6.2657547636439,-2.24680015493598
"4094",993.934898908569,1.99632494270391,0.532241715317149
"4095",1005.37159287016,1.69857475493635,0.28827595897232
"4096",1174.46146223703,5.77418381573559,-1.70316538372325
"4097",1188.64357421969,6.6594870629474,-0.7618200305444
"4098",1240.5502386931,6.61671343987999,-4.79450528617842
"4099",1020.5338856987,2.14750846056244,0.694968339367846
"4100",1021.6432411957,6.35085803268098,5.4386152122147
"4101",1000.2393923072,6.1167528615802,5.44228189105946
"4102",1217.14734370426,6.60459403996934,-5.51310410921291
"4103",980.480274751996,5.77103662370362,4.93193411651139
"4104",1000.37334976429,5.69309150000171,8.22620256677513
"4105",990.923465948953,1.84251604167568,0.498183193003384
"4106",998.964240774127,1.9799213165711,0.143389006775973
"4107",970.65960209458,6.23897878715458,8.17845787591777
"4108",1266.38719753078,6.08038915523598,-9.41346550763122
"4109",1219.12510169894,6.01361298212032,-3.59704974240126
"4110",940.778790536598,5.64105424359298,7.80859014833075
"4111",1005.62259006702,1.82009845319167,-0.114884074290852
"4112",980.082643749066,5.69939901719979,6.33015082589651
"4113",1197.16213511124,6.3712533940735,-3.44468461193486
"4114",965.600681949662,6.4873778909925,7.58595583082696
"4115",964.701731957963,2.0705878732722,0.52180118315078
"4116",1186.58520302723,6.55470530669048,-4.97427821431917
"4117",1234.19087225004,5.73103628869127,-4.95301090405794
"4118",1011.44187961864,1.69979816161136,-0.695700301507931
"4119",965.322967835945,2.47981024910771,-0.0718750693002475
"4120",970.093641649447,5.69295051050771,7.99207557734151
"4121",1144.89505909286,5.93198378342505,-1.05782086666536
"4122",996.097080576854,1.93725763441538,0.488318596797599
"4123",981.597326501849,6.30812952858941,9.09170204877909
"4124",989.964541508259,6.32532750412952,6.39190560093375
"4125",997.799559691206,5.79554940733756,5.97096112772341
"4126",990.984113210264,5.56126194691331,4.60412431822323
"4127",1192.78666791735,5.77900447249989,-3.88786434562163
"4128",1178.72470255343,6.17025841802598,-3.36208843396067
"4129",1005.08269542102,1.8936245875272,-0.540182234003768
"4130",963.283080624627,5.39855464164382,7.392065026125
"4131",984.114567249497,6.46644840485046,5.83342133662054
"4132",1028.0705884037,1.44521101186562,0.0637389550170946
"4133",1249.98664584009,5.96295871301611,-7.03929735146379
"4134",949.181968650767,6.46518984826562,9.33169135253834
"4135",1020.11663565447,6.09180081297255,5.15957543753104
"4136",997.12228322768,1.79060999927006,0.998689360285503
"4137",1016.00116427642,1.58470895358311,-0.0947127796176359
"4138",1175.62298284873,5.95269426691539,-2.06536475760621
"4139",1012.76972553575,1.66307749313378,1.02591863060057
"4140",1017.83268804938,2.07621549496776,1.34270515517242
"4141",1059.16523332961,6.51729446114645,3.9067368500788
"4142",1013.96899507942,5.01162449929761,3.20977922677342
"4143",1232.48868967106,5.54657636164242,-6.34994888549679
"4144",1014.93967524182,5.63711381896764,5.21111316358083
"4145",1024.07439712762,5.78653003521081,4.87707291062816
"4146",1172.71888879005,5.36224186534536,-2.06017409400052
"4147",1029.81769945695,6.16662513570995,6.96890521171545
"4148",963.460166256288,6.08379830286151,7.56750751339726
"4149",1063.65829091037,6.00177425640642,2.86715552102285
"4150",1023.65559897664,2.02362862263712,0.555768964185066
"4151",1009.60561910338,2.49008696370497,1.13740011314716
"4152",1011.60848810935,2.03569999123202,0.21515680177731
"4153",978.722907243696,1.19068118220269,-0.346863195049589
"4154",999.857905852147,2.03294468845827,-0.471066882613373
"4155",1179.28770145347,5.67607780115818,-3.48699253368805
"4156",1046.8903518028,2.31841816723155,1.07669335001492
"4157",979.461978925655,1.37277114768949,0.0764073973263453
"4158",1011.49400423467,2.25094466812476,0.88765136582219
"4159",976.574243903481,1.24994908344534,-1.13807732540109
"4160",1024.0153593491,6.37195785784816,4.28758157166903
"4161",1030.72571711677,1.92727395665746,-0.109417591210042
"4162",1204.60054035538,6.26966791363322,-4.1938968527246
"4163",1005.32156770671,2.66581469961984,1.30463223750149
"4164",942.284450585085,2.20055433284383,0.183253943948644
"4165",1011.38454251667,6.79194611618382,5.35245024429696
"4166",1213.07499697631,6.11837561147899,-2.81150482327373
"4167",1156.97750702715,6.09149340967218,-2.52820754675212
"4168",1043.02589217255,2.51470560966357,0.835685470697189
"4169",1036.53566426265,1.67746909355507,0.307507746707652
"4170",1028.41619050867,1.75770677315025,-0.131200922247
"4171",1038.02781860038,5.57499079939071,3.07021478022138
"4172",991.660748770099,5.97723689256252,5.54133289853
"4173",981.379650640976,6.09949039186276,5.94923094537485
"4174",1151.35463679522,5.83923484970006,-1.20799246221805
"4175",988.353263966995,6.52598041243384,6.93156537137036
"4176",941.219287685632,1.41980755209277,-0.27253739127702
"4177",1048.72761368127,6.42145636465403,3.2948128558586
"4178",1006.39272229294,5.76943573486405,3.87426741962579
"4179",1198.78032103072,5.72419895881422,-2.68442984590548
"4180",1172.65839294713,5.85538203882529,-3.51449662435701
"4181",1206.01396328228,6.00454489426502,-4.4781401867041
"4182",1023.98941791913,2.04892850338323,0.250547373242432
"4183",1021.92894904763,6.15441554174024,5.09084297242858
"4184",1023.91179837599,6.70599780873536,5.04991396211016
"4185",931.948776837552,6.69813873384628,11.5269049778453
"4186",975.31781954419,6.50229000641338,8.8259795153298
"4187",1043.33506415455,5.46276474505,3.29406461943376
"4188",984.101547455731,1.78831350530198,0.700092181150479
"4189",948.205506124089,6.46384721378121,9.75531257544197
"4190",992.771992866761,6.18364763669949,8.14841193836621
"4191",1203.44134636643,6.0898616684561,-3.36224966005658
"4192",1009.79056496419,5.54669625155358,3.38412916584209
"4193",1049.14990072043,6.5897724236202,1.8429755644309
"4194",1170.24544794358,5.68027853630934,-2.13007719032039
"4195",943.248833420515,2.37498890041171,0.125185132542378
"4196",1183.4665221897,5.64117222509661,-2.59095188532145
"4197",1025.32463276262,7.12993565698712,4.72043562842272
"4198",990.283658464592,2.93498705286934,0.923447070129109
"4199",981.821302439086,2.13345217380975,1.1770517763501
"4200",1024.26101031012,6.05012866438521,2.58364144748848
"4201",991.915836650687,2.04126651604179,1.07521074895238
"4202",977.473657290033,5.30321191360184,4.62779512126488
"4203",970.936305923271,1.78295350593932,1.33303914879303
"4204",1235.09890475114,6.47797042725575,-5.56131238428246
"4205",1015.90328954396,5.88459049403241,4.03494423348018
"4206",978.971642324217,2.07534453277531,0.782422385142929
"4207",1022.08642002982,6.30202140940272,4.21757539247138
"4208",982.403465603533,6.75972360826272,8.06629285857257
"4209",961.814573553719,1.72854485056423,-0.0428642600358693
"4210",1003.16758091002,5.77396821928756,4.60014110231068
"4211",1196.91182264287,5.55046921004997,-3.87581325468184
"4212",1002.39368090342,5.95012783578128,3.55508484583629
"4213",1020.29054285515,5.96991046825048,4.9394473003953
"4214",1267.49076474334,5.4713661965077,-7.702777899383
"4215",987.182181588782,6.24057696295435,6.64233362775383
"4216",1202.4445645809,6.27208144651485,-5.45872976657214
"4217",982.001985011562,2.43297721495318,0.244925999027946
"4218",1000.60974633048,6.13793151476548,7.17518130168728
"4219",1237.60362754586,6.01197074244069,-5.91224382172785
"4220",1036.62149930856,2.03245708860988,0.542031542812005
"4221",985.740083413712,2.60609082090324,0.789355076627203
"4222",1012.10433084143,5.56919487048716,2.34419893715578
"4223",987.081667152671,5.86952953658654,3.85853454763142
"4224",1019.60180232456,2.28956747971637,1.26773068082202
"4225",1237.93808968565,6.08039964885227,-5.14157991487307
"4226",973.865928531444,5.69220571774276,5.38297075319326
"4227",979.916171577812,6.17555408968229,8.4892798141622
"4228",1003.44301422308,5.92081839303374,6.13652514107065
"4229",988.676269332493,1.84558913336482,-0.087948261058654
"4230",1223.45092598658,6.42337374365656,-4.66303951117184
"4231",1012.99169201323,5.59398713628054,4.62358038491596
"4232",1204.74412495209,5.93690315932288,-4.00167455504531
"4233",1252.44045467868,5.42359780180031,-6.95995905875785
"4234",991.482700426567,6.04513197147777,6.03769994076121
"4235",969.858930662981,5.5338345603859,8.19852968171007
"4236",1000.3496274698,5.67933320936045,4.0021916228505
"4237",1028.32062414113,2.13695591862036,0.897447887823295
"4238",1005.20722635906,0.955025561351071,-0.931212710417405
"4239",1074.99505384427,6.03560923520381,0.50797898180371
"4240",1172.03207315603,5.93178825378217,-1.0224492285658
"4241",1249.35461637976,5.87199207745835,-5.53932224345504
"4242",1203.49867912955,5.02691454991373,-3.89908776129817
"4243",1194.61420212667,6.17445630931246,-4.67406214134537
"4244",1019.17610207127,2.31849031589719,0.869082515501067
"4245",1041.94018793429,5.90593811997045,1.21392309555608
"4246",1018.43859020267,6.42603270861868,6.47151246113746
"4247",949.917883761532,6.20905576080588,9.01515684649408
"4248",983.142724802564,2.021009726203,0.325095353528533
"4249",1208.26210719062,5.94288191173699,-4.20608316897487
"4250",1232.03443687552,6.54455748736365,-7.31398889326337
"4251",1001.05191247911,5.53191839502256,5.43601823231436
"4252",1010.6206151721,5.7927301700995,6.17534061071757
"4253",1017.42602696242,5.79625734293219,3.7006082871364
"4254",1242.86540429541,5.21322648451196,-5.79603320508404
"4255",929.590026374062,5.55274949186971,7.83935027209262
"4256",1194.59484253992,5.60397445105997,-4.26955073109146
"4257",1010.20233791931,6.58491337953884,5.34179858746559
"4258",1062.58792604168,5.72011227592229,0.839417197697572
"4259",926.503341394134,1.80050901182632,-0.283853775717445
"4260",1178.18751255308,5.97290624479381,-5.67731185793846
"4261",1021.09432998982,1.74007267277419,-0.229016451724262
"4262",1258.12939681498,5.85530136178142,-7.38891184293475
"4263",1177.05104668484,5.85385286714232,-3.92757742225314
"4264",942.064771920586,2.03528207313344,0.815201726056331
"4265",1025.09324662032,2.50827599559073,0.462471337173621
"4266",984.81333694532,5.87018812171351,7.42214416611726
"4267",998.781393446783,1.54913652895116,-0.130044194926086
"4268",1232.84937633123,6.56961527640963,-4.64053575290411
"4269",995.3825261731,5.88699513834448,5.39001207117912
"4270",1040.82120182747,5.67280100762061,4.15816957246501
"4271",960.894633027332,2.29561444059952,0.817718870195967
"4272",1005.30949532386,1.90505890759188,-0.166480360582374
"4273",1021.34370427781,6.26762058681415,4.6963008166254
"4274",1074.01942800445,6.5662110097462,2.19277500551419
"4275",1007.77404792242,5.86157896473535,3.66407323783039
"4276",1184.28144962938,5.69063851005157,-2.55293698398129
"4277",979.902233367737,2.17839017622734,0.478582426881166
"4278",1026.90743639875,2.37889913860989,-0.190339053755148
"4279",1164.87631042241,5.9283069636466,-2.0281160795252
"4280",997.445570590508,6.61428558990928,6.71529714858025
"4281",1173.54741477542,5.31154475215326,-2.25635874438392
"4282",995.847688210809,6.3571212864,5.5873785162436
"4283",1003.11505908262,2.11927535860605,0.624548868548818
"4284",1244.19575433403,6.54620165712808,-4.72837546452382
"4285",986.179683761981,5.74731043930174,3.64910152446197
"4286",1005.00009576614,6.10781384899109,5.24060665273401
"4287",1029.01249065343,2.23043439082322,0.935497596339609
"4288",953.027149781081,7.26129509134665,10.9214460677567
"4289",993.676622135882,6.24724083072534,7.70935049376048
"4290",1062.92306619753,2.36042638368836,1.66445661308637
"4291",1192.55951988168,6.4717686619452,-1.23092704319592
"4292",1059.83540274391,5.83417892623698,0.36535221493923
"4293",1192.81257539498,5.97813519738451,-4.31575975333922
"4294",987.146869256381,2.18584092295362,-0.0738287626173625
"4295",1037.63824570405,3.18125405356488,1.87700978073298
"4296",1209.0179959687,6.47196849255551,-2.11290371505012
"4297",1199.04010162592,6.00113814080745,-3.50172618509404
"4298",1256.79328011499,5.65892997226106,-7.83160980848115
"4299",1004.83820032594,2.08392474007118,1.00187260282902
"4300",991.109241714856,1.87659971998528,-0.333964587599963
"4301",1009.04342910701,5.6540591905185,2.67794551860471
"4302",1031.46507510077,2.63744263009747,1.35946773025192
"4303",993.0175776008,6.1623257983603,5.59758577692023
"4304",927.037531235931,2.66621160150687,1.06931485542469
"4305",1036.40882767406,5.68924221346091,2.04504596728403
"4306",994.304051052656,5.66290314275735,5.66279957491451
"4307",1280.12828683299,5.54053770317459,-8.49719580114368
"4308",1143.10918380305,5.69698480264256,-1.81364711929317
"4309",993.797081863619,5.63628430680368,2.54730157961665
"4310",1002.12581458564,1.65390674906905,0.565621148842893
"4311",1015.54230820084,1.44800381275245,0.03428824102427
"4312",1048.3350979379,1.86768475346224,0.475064413265823
"4313",1212.26420158352,6.93521363476318,-3.68825240954815
"4314",1018.79100938999,6.00581738086492,4.08017278254456
"4315",986.037250529489,6.12036761474257,7.72306810119487
"4316",1175.11959085568,6.3029476031059,-5.44870786521049
"4317",1209.78755833096,6.13259313260538,-3.47812154515136
"4318",1064.09720159061,6.42718272176576,2.67172386148374
"4319",1019.23270501732,5.50083043391453,6.24545909303885
"4320",1182.00478696344,5.9288956393242,-2.54497583125695
"4321",960.836376672652,1.94039537816429,0.173378723145982
"4322",1004.68395302845,5.99813344398044,6.89481511880072
"4323",1202.6396704508,5.6819425949947,-2.95549347208972
"4324",1178.83551147294,5.71899763196307,-5.86446360041208
"4325",1003.07684917392,6.05169794474321,6.53493695228738
"4326",949.470880203283,2.94885009201566,1.3820546012934
"4327",1026.84991836147,2.7115924775766,1.67370779706801
"4328",1016.71484451259,2.56582264722281,0.567297356466347
"4329",1023.97525205517,2.07521850144112,0.769594298995913
"4330",1037.84534064365,1.51120480876127,-0.140673246228957
"4331",1199.49417298562,5.21598163711344,-3.56081488950361
"4332",1176.05160253548,5.93133449519468,-2.88120355888616
"4333",1008.19268534879,2.2827497978667,1.05350617122349
"4334",1002.07515293342,6.31987949376847,7.09203914935107
"4335",975.25834148549,5.99680745949944,5.80776884202291
"4336",1048.07006859326,1.73164692516394,0.107597640886897
"4337",980.860743604901,2.35012452875481,1.40158659515041
"4338",1050.9205419859,6.74460924775964,3.2974116992964
"4339",1171.46372789031,6.31066511724303,-2.00300782252549
"4340",991.060491387958,1.45151658467098,0.0712855689074513
"4341",959.231805370057,1.17231637269862,-0.191867711915561
"4342",1027.26688303091,1.74637801636017,0.697103630849795
"4343",1233.70804143436,5.22314845373104,-5.50886519506391
"4344",1263.16688623609,4.94909381633863,-6.30152410404525
"4345",954.916196568415,1.96759904403326,0.421100604395984
"4346",999.639064006105,5.8116506416446,7.77245951187107
"4347",994.116099131957,6.5212176768816,8.69721694316693
"4348",999.592347114297,1.86447819103911,0.439022047477337
"4349",1171.11839987741,6.78632437452825,-2.31253993380768
"4350",1024.59985316849,1.34545367883077,0.0200701703009798
"4351",988.248065844032,2.20943631403124,0.824297809683554
"4352",979.727530358327,1.704398358485,-0.396147581179722
"4353",993.877464309748,2.06265778491429,-0.0682875356760977
"4354",961.123781748923,5.67941463374498,6.11475320794401
"4355",979.130870074272,7.10393521944993,8.63277604643916
"4356",1000.61108556671,1.45480830399553,0.91163217832173
"4357",1190.51913428943,6.97470513543142,-4.25486933967947
"4358",982.709011582268,5.36921489670208,4.31601401891264
"4359",1175.06718953494,5.84932540977342,-2.7812709222476
"4360",978.122778108062,2.22515610968969,0.232195312300245
"4361",1143.0180932163,6.05445574972357,-1.49770175267427
"4362",952.426378307162,1.37433783431379,0.145704522919577
"4363",959.743970961835,1.85084869904123,0.380968723703818
"4364",1000.05268292387,6.0771026282947,5.41602632942481
"4365",1039.75009182252,5.29647352960516,1.0169640401224
"4366",936.276837517473,5.84628039992495,8.36247643152417
"4367",1056.39062003985,5.62747471449345,2.34374396974627
"4368",988.382763419618,2.2367175004201,1.41303917752452
"4369",992.147699508986,6.14601807132365,6.77394176080587
"4370",995.283075357796,5.35459390716595,3.62023389770344
"4371",976.638833560655,6.6766442325817,7.37442816235222
"4372",1032.6674514647,6.24051637280716,4.56395397941116
"4373",1185.87210498285,6.14589697989909,-4.61918398973264
"4374",1008.54043658065,1.86766651191253,0.582525239465463
"4375",1201.63034629887,5.7410149471444,-2.90830731820073
"4376",1225.4354336229,5.50773253751711,-7.07058943253839
"4377",1028.82660669837,1.83388276601584,0.560214055125941
"4378",1154.26453812792,6.13626098648751,-2.80052609357239
"4379",988.820500070661,6.12724773252429,4.41899332415572
"4380",1007.93348253983,2.84863582361615,1.71601957380803
"4381",1002.4624501852,5.34536489140101,3.62336359193892
"4382",1032.68087114298,2.32874479854085,0.736554942521062
"4383",1001.61167878052,2.12580380405634,1.23150804999082
"4384",991.868481868955,5.79412464596197,5.38392657603874
"4385",963.930126134427,2.4721241645597,0.576615877899837
"4386",1021.73108477609,1.89761962972104,0.781866970327681
"4387",1040.39106946508,6.53123944644945,4.226854833605
"4388",1170.78808573018,6.17143899588578,-2.17191483231653
"4389",1193.92983371511,5.33390084241516,-4.01630540117289
"4390",1041.87464463405,0.986380687447398,-1.70188083582966
"4391",1225.40392063765,6.60506635546577,-6.25546824917946
"4392",1217.47239224088,5.28757169874572,-3.70894337188197
"4393",1008.92130531175,5.73578393496185,4.51280295228302
"4394",1025.0978310096,6.43426323796697,6.54349186496899
"4395",1018.47854768631,1.68999369728821,-0.325442275190559
"4396",971.203711944304,2.18679961207508,0.634526085799045
"4397",1204.85833023377,6.51098012572355,-4.87134138676875
"4398",1002.05272306735,1.76394219651845,1.38003086600884
"4399",963.792797937276,5.49769241236932,7.85715067158359
"4400",1183.41567696771,6.42435042269708,-3.28920108410681
"4401",961.728534644472,1.53750869111611,0.366739257912938
"4402",1194.92686076758,6.08615101133162,-3.50133108489482
"4403",1018.36613368323,1.54971082906412,0.723352616990765
"4404",1012.11051785246,6.21433079737668,6.32081498364175
"4405",1021.43022289805,2.42175677338059,0.48315455752008
"4406",1000.31068538279,6.30706960752605,4.42803505896826
"4407",998.621471291601,5.72453108389705,6.30078198525937
"4408",996.443596743925,1.87279144846858,0.975134768532238
"4409",1206.91232837607,5.75734093148165,-3.75181825245997
"4410",1008.93137147001,2.54143876580531,1.4248368152588
"4411",987.141196028189,5.99807210950695,5.70650643564476
"4412",1029.10371354022,7.05479304701743,5.94807077058445
"4413",1027.58940770411,6.11536453040231,4.24318108565588
"4414",970.283679526155,6.02491876312304,7.31015437428201
"4415",1040.48824683614,5.69139873174922,2.14684857505258
"4416",997.815526201775,5.98287721572193,7.34461987005141
"4417",1183.14528558141,6.74140391136818,-1.7638596096753
"4418",1198.86679854358,5.89862717844652,-4.30198712128928
"4419",1023.30025821939,1.36080433182738,-0.67967616555748
"4420",980.055308123912,5.94118259215458,5.03712785327663
"4421",1020.37758279782,6.39717229692942,6.08368225575599
"4422",986.569657818816,1.87346277173133,0.126086534739688
"4423",1270.3386216593,5.76333409910676,-6.3553375336359
"4424",1026.57382416982,2.25258362192812,0.776933803940487
"4425",1032.11912683597,6.04923939126416,4.06896160808225
"4426",1009.52906120242,6.30038372718183,7.09700210686671
"4427",1196.06532755758,6.04628090206707,-1.98945318005193
"4428",940.839710500311,1.80658268171184,-0.35378357912845
"4429",1027.16280388071,1.80595005330717,0.653366375381
"4430",959.98318758587,6.15496071413019,5.88046036831003
"4431",1025.52145871285,1.56806924291937,-0.35060143939601
"4432",1011.10021763607,2.19041781495358,0.806597723414864
"4433",1009.08479769234,5.90775279844425,3.45667705342479
"4434",983.414633108206,5.9063444980227,6.53355912878768
"4435",1208.48003143214,5.50921638982279,-4.47308603330268
"4436",1221.86374355619,5.65264237950349,-3.79413500877076
"4437",1018.37914892079,6.01837189284491,4.81820367239385
"4438",1009.16451174524,3.26234703901375,2.01575346377458
"4439",1219.36556613923,5.9342173129042,-6.9247278908071
"4440",1028.03988522717,2.21602804975057,0.645141432508394
"4441",1201.61968635773,6.03745473457089,-3.35706576291348
"4442",999.851866695156,1.34239927196255,-0.570189874424578
"4443",1181.36361916556,5.56665599281377,-4.16996685838537
"4444",1200.74093711347,5.94390989141331,-3.69581559185043
"4445",999.770623836017,2.29175423274428,0.966244578556801
"4446",986.35865219932,5.3294346289179,5.75056506028729
"4447",1190.15489305918,6.02106375335781,-4.3981859791211
"4448",1173.95142482599,6.40304938498973,-4.21265163025117
"4449",1172.81399658196,5.97125721027484,-2.79852914962536
"4450",1210.56876740126,6.04439406423572,-6.3170373829604
"4451",1055.29838362338,5.92676236437114,1.12900793264504
"4452",1170.13190944026,5.78171566508543,-2.3653129088799
"4453",960.630686951145,2.60268988940956,0.711391757454316
"4454",985.921598910602,1.97703580039221,0.786961735839877
"4455",1019.28667612271,6.34029186251136,4.21715800139057
"4456",1005.8361632065,5.71441732837881,5.25997469328093
"4457",997.079784032255,2.24776584558979,0.463975033237056
"4458",1242.24624102677,6.55807765158794,-5.36043835310463
"4459",976.096897848845,5.53537072103559,6.93727589729348
"4460",993.519733949543,6.26215538546771,5.76620579545039
"4461",999.394679125323,1.41902103801354,0.674591737138842
"4462",1012.29208653672,1.14244841233705,-0.502161890124613
"4463",1234.61563065418,5.685776637462,-6.5227803270757
"4464",1020.2378871938,1.09861521382738,-0.035094652456592
"4465",1238.13755480511,6.60911768894159,-5.8991466709168
"4466",1000.34516327718,2.18470144251399,1.32575298971365
"4467",1169.98126735776,5.50975420272319,-0.319118659599039
"4468",963.608106129231,1.6041387450167,1.01434803008043
"4469",1004.26595999043,6.76255069627445,7.867822966554
"4470",972.350129273448,1.01818387714302,-0.969881239113813
"4471",989.951885350855,1.39949741840544,0.0906999461849888
"4472",1281.56326627997,6.4089879722571,-8.4882618000738
"4473",930.162122859663,5.65331802366641,8.8305653917384
"4474",1200.83241574869,5.74206454747448,-3.44205878624681
"4475",972.671442096556,5.86987603028234,7.93256295689603
"4476",961.899255417194,2.28941165890367,1.70388285527586
"4477",1008.12015732604,5.08584194580598,3.96811278914144
"4478",987.182273062225,2.10180881020715,-0.00122612207509099
"4479",1174.3288399283,5.3877618095764,-2.61886854548619
"4480",1011.21129633974,1.66614873536182,-0.25159959186751
"4481",1205.9176511403,6.17299564394883,-5.23176116110716
"4482",1164.9941997561,4.77637249864124,-2.79159510821897
"4483",1194.9009283407,5.62349330892959,-3.10359004213019
"4484",1196.43273227178,5.96432518658349,-4.50151880971471
"4485",1193.69097471533,6.26042054140272,-5.15145419830932
"4486",998.729442097259,5.55164980618403,4.29801083301343
"4487",1173.96759669182,5.8549121969525,-3.17313889514949
"4488",988.842415636458,4.97230355875459,5.11759435055354
"4489",965.02595299297,2.04206219253933,0.793657493136396
"4490",1023.39832397425,5.60249929685134,4.70120828634652
"4491",997.510102413624,6.96773738208947,6.38286888965594
"4492",1013.51863296303,1.87021325564435,0.753128299952252
"4493",974.602300490714,6.31494599393354,6.86697153356897
"4494",1233.48475082829,5.74892009761593,-4.56089325584729
"4495",1007.36231790222,6.37327155121004,7.06627871281621
"4496",961.32167498763,6.44258493317755,9.3755584822021
"4497",983.294905031817,6.17925164965451,5.32531692305162
"4498",981.719145191144,2.0156317242886,-0.090288657824206
"4499",1234.50843181948,6.01601792519706,-4.14271180789601
"4500",954.508417630275,1.75797561133139,-0.00969352144583951
